[0.092s] DEBUG:colcon:Command line arguments: ['/usr/bin/colcon', 'build', '--event-handlers', 'console_direct+']
[0.092s] DEBUG:colcon:Parsed command line arguments: Namespace(log_base=None, log_level=None, verb_name='build', build_base='build', install_base='install', merge_install=False, symlink_install=False, test_result_base=None, continue_on_error=False, executor='parallel', parallel_workers=24, event_handlers=['console_direct+'], ignore_user_meta=False, metas=['./colcon.meta'], base_paths=['.'], packages_ignore=None, packages_ignore_regex=None, paths=None, packages_up_to=None, packages_up_to_regex=None, packages_above=None, packages_above_and_dependencies=None, packages_above_depth=None, packages_select_by_dep=None, packages_skip_by_dep=None, packages_skip_up_to=None, packages_select_build_failed=False, packages_skip_build_finished=False, packages_select_test_failures=False, packages_skip_test_passed=False, packages_select=None, packages_skip=None, packages_select_regex=None, packages_skip_regex=None, packages_start=None, packages_end=None, allow_overriding=[], cmake_args=None, cmake_target=None, cmake_target_skip_unavailable=False, cmake_clean_cache=False, cmake_clean_first=False, cmake_force_configure=False, ament_cmake_args=None, catkin_cmake_args=None, catkin_skip_building_tests=False, mixin_files=None, mixin=None, verb_parser=<colcon_mixin.mixin.mixin_argument.MixinArgumentDecorator object at 0x7208a7165fa0>, verb_extension=<colcon_core.verb.build.BuildVerb object at 0x7208a7165ca0>, main=<bound method BuildVerb.main of <colcon_core.verb.build.BuildVerb object at 0x7208a7165ca0>>, mixin_verb=('build',))
[0.110s] Level 1:colcon.colcon_core.package_discovery:discover_packages(colcon_meta) check parameters
[0.110s] Level 1:colcon.colcon_core.package_discovery:discover_packages(recursive) check parameters
[0.110s] Level 1:colcon.colcon_core.package_discovery:discover_packages(ignore) check parameters
[0.110s] Level 1:colcon.colcon_core.package_discovery:discover_packages(path) check parameters
[0.110s] Level 1:colcon.colcon_core.package_discovery:discover_packages(colcon_meta) discover
[0.110s] Level 1:colcon.colcon_core.package_discovery:discover_packages(recursive) discover
[0.110s] INFO:colcon.colcon_core.package_discovery:Crawling recursively for packages in '/home/lzy/lbot_ws'
[0.110s] Level 1:colcon.colcon_core.package_identification:_identify(.) by extensions ['ignore', 'ignore_ament_install']
[0.110s] Level 1:colcon.colcon_core.package_identification:_identify(.) by extension 'ignore'
[0.110s] Level 1:colcon.colcon_core.package_identification:_identify(.) by extension 'ignore_ament_install'
[0.110s] Level 1:colcon.colcon_core.package_identification:_identify(.) by extensions ['colcon_pkg']
[0.110s] Level 1:colcon.colcon_core.package_identification:_identify(.) by extension 'colcon_pkg'
[0.110s] Level 1:colcon.colcon_core.package_identification:_identify(.) by extensions ['colcon_meta']
[0.110s] Level 1:colcon.colcon_core.package_identification:_identify(.) by extension 'colcon_meta'
[0.110s] Level 1:colcon.colcon_core.package_identification:_identify(.) by extensions ['ros']
[0.110s] Level 1:colcon.colcon_core.package_identification:_identify(.) by extension 'ros'
[0.122s] Level 1:colcon.colcon_core.package_identification:_identify(.) by extensions ['cmake', 'python']
[0.122s] Level 1:colcon.colcon_core.package_identification:_identify(.) by extension 'cmake'
[0.122s] Level 1:colcon.colcon_core.package_identification:_identify(.) by extension 'python'
[0.122s] Level 1:colcon.colcon_core.package_identification:_identify(.) by extensions ['python_setup_py']
[0.122s] Level 1:colcon.colcon_core.package_identification:_identify(.) by extension 'python_setup_py'
[0.122s] Level 1:colcon.colcon_core.package_identification:_identify(build) by extensions ['ignore', 'ignore_ament_install']
[0.122s] Level 1:colcon.colcon_core.package_identification:_identify(build) by extension 'ignore'
[0.122s] Level 1:colcon.colcon_core.package_identification:_identify(build) ignored
[0.122s] Level 1:colcon.colcon_core.package_identification:_identify(install) by extensions ['ignore', 'ignore_ament_install']
[0.122s] Level 1:colcon.colcon_core.package_identification:_identify(install) by extension 'ignore'
[0.122s] Level 1:colcon.colcon_core.package_identification:_identify(install) ignored
[0.122s] Level 1:colcon.colcon_core.package_identification:_identify(log) by extensions ['ignore', 'ignore_ament_install']
[0.122s] Level 1:colcon.colcon_core.package_identification:_identify(log) by extension 'ignore'
[0.122s] Level 1:colcon.colcon_core.package_identification:_identify(log) ignored
[0.122s] Level 1:colcon.colcon_core.package_identification:_identify(src) by extensions ['ignore', 'ignore_ament_install']
[0.122s] Level 1:colcon.colcon_core.package_identification:_identify(src) by extension 'ignore'
[0.122s] Level 1:colcon.colcon_core.package_identification:_identify(src) by extension 'ignore_ament_install'
[0.122s] Level 1:colcon.colcon_core.package_identification:_identify(src) by extensions ['colcon_pkg']
[0.122s] Level 1:colcon.colcon_core.package_identification:_identify(src) by extension 'colcon_pkg'
[0.122s] Level 1:colcon.colcon_core.package_identification:_identify(src) by extensions ['colcon_meta']
[0.122s] Level 1:colcon.colcon_core.package_identification:_identify(src) by extension 'colcon_meta'
[0.122s] Level 1:colcon.colcon_core.package_identification:_identify(src) by extensions ['ros']
[0.123s] Level 1:colcon.colcon_core.package_identification:_identify(src) by extension 'ros'
[0.123s] Level 1:colcon.colcon_core.package_identification:_identify(src) by extensions ['cmake', 'python']
[0.123s] Level 1:colcon.colcon_core.package_identification:_identify(src) by extension 'cmake'
[0.123s] Level 1:colcon.colcon_core.package_identification:_identify(src) by extension 'python'
[0.123s] Level 1:colcon.colcon_core.package_identification:_identify(src) by extensions ['python_setup_py']
[0.123s] Level 1:colcon.colcon_core.package_identification:_identify(src) by extension 'python_setup_py'
[0.123s] Level 1:colcon.colcon_core.package_identification:_identify(src/lbot_arm_interfaces) by extensions ['ignore', 'ignore_ament_install']
[0.123s] Level 1:colcon.colcon_core.package_identification:_identify(src/lbot_arm_interfaces) by extension 'ignore'
[0.123s] Level 1:colcon.colcon_core.package_identification:_identify(src/lbot_arm_interfaces) by extension 'ignore_ament_install'
[0.123s] Level 1:colcon.colcon_core.package_identification:_identify(src/lbot_arm_interfaces) by extensions ['colcon_pkg']
[0.123s] Level 1:colcon.colcon_core.package_identification:_identify(src/lbot_arm_interfaces) by extension 'colcon_pkg'
[0.123s] Level 1:colcon.colcon_core.package_identification:_identify(src/lbot_arm_interfaces) by extensions ['colcon_meta']
[0.123s] Level 1:colcon.colcon_core.package_identification:_identify(src/lbot_arm_interfaces) by extension 'colcon_meta'
[0.123s] Level 1:colcon.colcon_core.package_identification:_identify(src/lbot_arm_interfaces) by extensions ['ros']
[0.123s] Level 1:colcon.colcon_core.package_identification:_identify(src/lbot_arm_interfaces) by extension 'ros'
[0.124s] DEBUG:colcon.colcon_core.package_identification:Package 'src/lbot_arm_interfaces' with type 'ros.ament_cmake' and name 'lbot_arm_interfaces'
[0.124s] Level 1:colcon.colcon_core.package_identification:_identify(src/lbot_camera_motion) by extensions ['ignore', 'ignore_ament_install']
[0.124s] Level 1:colcon.colcon_core.package_identification:_identify(src/lbot_camera_motion) by extension 'ignore'
[0.124s] Level 1:colcon.colcon_core.package_identification:_identify(src/lbot_camera_motion) by extension 'ignore_ament_install'
[0.124s] Level 1:colcon.colcon_core.package_identification:_identify(src/lbot_camera_motion) by extensions ['colcon_pkg']
[0.124s] Level 1:colcon.colcon_core.package_identification:_identify(src/lbot_camera_motion) by extension 'colcon_pkg'
[0.124s] Level 1:colcon.colcon_core.package_identification:_identify(src/lbot_camera_motion) by extensions ['colcon_meta']
[0.124s] Level 1:colcon.colcon_core.package_identification:_identify(src/lbot_camera_motion) by extension 'colcon_meta'
[0.125s] Level 1:colcon.colcon_core.package_identification:_identify(src/lbot_camera_motion) by extensions ['ros']
[0.125s] Level 1:colcon.colcon_core.package_identification:_identify(src/lbot_camera_motion) by extension 'ros'
[0.125s] Level 1:colcon.colcon_core.package_identification:_identify(src/lbot_camera_motion) by extensions ['cmake', 'python']
[0.125s] Level 1:colcon.colcon_core.package_identification:_identify(src/lbot_camera_motion) by extension 'cmake'
[0.125s] Level 1:colcon.colcon_core.package_identification:_identify(src/lbot_camera_motion) by extension 'python'
[0.125s] Level 1:colcon.colcon_core.package_identification:_identify(src/lbot_camera_motion) by extensions ['python_setup_py']
[0.125s] Level 1:colcon.colcon_core.package_identification:_identify(src/lbot_camera_motion) by extension 'python_setup_py'
[0.125s] Level 1:colcon.colcon_core.package_identification:_identify(src/lbot_camera_motion/launch) by extensions ['ignore', 'ignore_ament_install']
[0.125s] Level 1:colcon.colcon_core.package_identification:_identify(src/lbot_camera_motion/launch) by extension 'ignore'
[0.125s] Level 1:colcon.colcon_core.package_identification:_identify(src/lbot_camera_motion/launch) by extension 'ignore_ament_install'
[0.125s] Level 1:colcon.colcon_core.package_identification:_identify(src/lbot_camera_motion/launch) by extensions ['colcon_pkg']
[0.125s] Level 1:colcon.colcon_core.package_identification:_identify(src/lbot_camera_motion/launch) by extension 'colcon_pkg'
[0.125s] Level 1:colcon.colcon_core.package_identification:_identify(src/lbot_camera_motion/launch) by extensions ['colcon_meta']
[0.125s] Level 1:colcon.colcon_core.package_identification:_identify(src/lbot_camera_motion/launch) by extension 'colcon_meta'
[0.125s] Level 1:colcon.colcon_core.package_identification:_identify(src/lbot_camera_motion/launch) by extensions ['ros']
[0.125s] Level 1:colcon.colcon_core.package_identification:_identify(src/lbot_camera_motion/launch) by extension 'ros'
[0.125s] Level 1:colcon.colcon_core.package_identification:_identify(src/lbot_camera_motion/launch) by extensions ['cmake', 'python']
[0.125s] Level 1:colcon.colcon_core.package_identification:_identify(src/lbot_camera_motion/launch) by extension 'cmake'
[0.125s] Level 1:colcon.colcon_core.package_identification:_identify(src/lbot_camera_motion/launch) by extension 'python'
[0.125s] Level 1:colcon.colcon_core.package_identification:_identify(src/lbot_camera_motion/launch) by extensions ['python_setup_py']
[0.125s] Level 1:colcon.colcon_core.package_identification:_identify(src/lbot_camera_motion/launch) by extension 'python_setup_py'
[0.125s] Level 1:colcon.colcon_core.package_identification:_identify(src/lbot_camera_motion/src) by extensions ['ignore', 'ignore_ament_install']
[0.125s] Level 1:colcon.colcon_core.package_identification:_identify(src/lbot_camera_motion/src) by extension 'ignore'
[0.125s] Level 1:colcon.colcon_core.package_identification:_identify(src/lbot_camera_motion/src) by extension 'ignore_ament_install'
[0.125s] Level 1:colcon.colcon_core.package_identification:_identify(src/lbot_camera_motion/src) by extensions ['colcon_pkg']
[0.125s] Level 1:colcon.colcon_core.package_identification:_identify(src/lbot_camera_motion/src) by extension 'colcon_pkg'
[0.125s] Level 1:colcon.colcon_core.package_identification:_identify(src/lbot_camera_motion/src) by extensions ['colcon_meta']
[0.125s] Level 1:colcon.colcon_core.package_identification:_identify(src/lbot_camera_motion/src) by extension 'colcon_meta'
[0.125s] Level 1:colcon.colcon_core.package_identification:_identify(src/lbot_camera_motion/src) by extensions ['ros']
[0.125s] Level 1:colcon.colcon_core.package_identification:_identify(src/lbot_camera_motion/src) by extension 'ros'
[0.125s] Level 1:colcon.colcon_core.package_identification:_identify(src/lbot_camera_motion/src) by extensions ['cmake', 'python']
[0.125s] Level 1:colcon.colcon_core.package_identification:_identify(src/lbot_camera_motion/src) by extension 'cmake'
[0.125s] Level 1:colcon.colcon_core.package_identification:_identify(src/lbot_camera_motion/src) by extension 'python'
[0.125s] Level 1:colcon.colcon_core.package_identification:_identify(src/lbot_camera_motion/src) by extensions ['python_setup_py']
[0.125s] Level 1:colcon.colcon_core.package_identification:_identify(src/lbot_camera_motion/src) by extension 'python_setup_py'
[0.125s] Level 1:colcon.colcon_core.package_identification:_identify(src/lbot_demo) by extensions ['ignore', 'ignore_ament_install']
[0.125s] Level 1:colcon.colcon_core.package_identification:_identify(src/lbot_demo) by extension 'ignore'
[0.125s] Level 1:colcon.colcon_core.package_identification:_identify(src/lbot_demo) by extension 'ignore_ament_install'
[0.125s] Level 1:colcon.colcon_core.package_identification:_identify(src/lbot_demo) by extensions ['colcon_pkg']
[0.125s] Level 1:colcon.colcon_core.package_identification:_identify(src/lbot_demo) by extension 'colcon_pkg'
[0.125s] Level 1:colcon.colcon_core.package_identification:_identify(src/lbot_demo) by extensions ['colcon_meta']
[0.125s] Level 1:colcon.colcon_core.package_identification:_identify(src/lbot_demo) by extension 'colcon_meta'
[0.125s] Level 1:colcon.colcon_core.package_identification:_identify(src/lbot_demo) by extensions ['ros']
[0.125s] Level 1:colcon.colcon_core.package_identification:_identify(src/lbot_demo) by extension 'ros'
[0.126s] DEBUG:colcon.colcon_core.package_identification:Package 'src/lbot_demo' with type 'ros.ament_cmake' and name 'lbot_demo'
[0.126s] Level 1:colcon.colcon_core.package_identification:_identify(src/lbot_driver) by extensions ['ignore', 'ignore_ament_install']
[0.126s] Level 1:colcon.colcon_core.package_identification:_identify(src/lbot_driver) by extension 'ignore'
[0.126s] Level 1:colcon.colcon_core.package_identification:_identify(src/lbot_driver) by extension 'ignore_ament_install'
[0.126s] Level 1:colcon.colcon_core.package_identification:_identify(src/lbot_driver) by extensions ['colcon_pkg']
[0.126s] Level 1:colcon.colcon_core.package_identification:_identify(src/lbot_driver) by extension 'colcon_pkg'
[0.126s] Level 1:colcon.colcon_core.package_identification:_identify(src/lbot_driver) by extensions ['colcon_meta']
[0.126s] Level 1:colcon.colcon_core.package_identification:_identify(src/lbot_driver) by extension 'colcon_meta'
[0.126s] Level 1:colcon.colcon_core.package_identification:_identify(src/lbot_driver) by extensions ['ros']
[0.126s] Level 1:colcon.colcon_core.package_identification:_identify(src/lbot_driver) by extension 'ros'
[0.126s] DEBUG:colcon.colcon_core.package_identification:Package 'src/lbot_driver' with type 'ros.ament_cmake' and name 'lbot_driver'
[0.126s] Level 1:colcon.colcon_core.package_identification:_identify(src/lbot_motion) by extensions ['ignore', 'ignore_ament_install']
[0.126s] Level 1:colcon.colcon_core.package_identification:_identify(src/lbot_motion) by extension 'ignore'
[0.126s] Level 1:colcon.colcon_core.package_identification:_identify(src/lbot_motion) by extension 'ignore_ament_install'
[0.126s] Level 1:colcon.colcon_core.package_identification:_identify(src/lbot_motion) by extensions ['colcon_pkg']
[0.126s] Level 1:colcon.colcon_core.package_identification:_identify(src/lbot_motion) by extension 'colcon_pkg'
[0.126s] Level 1:colcon.colcon_core.package_identification:_identify(src/lbot_motion) by extensions ['colcon_meta']
[0.126s] Level 1:colcon.colcon_core.package_identification:_identify(src/lbot_motion) by extension 'colcon_meta'
[0.126s] Level 1:colcon.colcon_core.package_identification:_identify(src/lbot_motion) by extensions ['ros']
[0.126s] Level 1:colcon.colcon_core.package_identification:_identify(src/lbot_motion) by extension 'ros'
[0.127s] DEBUG:colcon.colcon_core.package_identification:Package 'src/lbot_motion' with type 'ros.ament_cmake' and name 'lbot_motion'
[0.127s] Level 1:colcon.colcon_core.package_identification:_identify(src/lbot_teleop) by extensions ['ignore', 'ignore_ament_install']
[0.127s] Level 1:colcon.colcon_core.package_identification:_identify(src/lbot_teleop) by extension 'ignore'
[0.127s] Level 1:colcon.colcon_core.package_identification:_identify(src/lbot_teleop) by extension 'ignore_ament_install'
[0.127s] Level 1:colcon.colcon_core.package_identification:_identify(src/lbot_teleop) by extensions ['colcon_pkg']
[0.127s] Level 1:colcon.colcon_core.package_identification:_identify(src/lbot_teleop) by extension 'colcon_pkg'
[0.127s] Level 1:colcon.colcon_core.package_identification:_identify(src/lbot_teleop) by extensions ['colcon_meta']
[0.127s] Level 1:colcon.colcon_core.package_identification:_identify(src/lbot_teleop) by extension 'colcon_meta'
[0.127s] Level 1:colcon.colcon_core.package_identification:_identify(src/lbot_teleop) by extensions ['ros']
[0.127s] Level 1:colcon.colcon_core.package_identification:_identify(src/lbot_teleop) by extension 'ros'
[0.127s] DEBUG:colcon.colcon_core.package_identification:Package 'src/lbot_teleop' with type 'ros.ament_cmake' and name 'lbot_teleop'
[0.127s] Level 1:colcon.colcon_core.package_identification:_identify(开发资源) by extensions ['ignore', 'ignore_ament_install']
[0.127s] Level 1:colcon.colcon_core.package_identification:_identify(开发资源) by extension 'ignore'
[0.127s] Level 1:colcon.colcon_core.package_identification:_identify(开发资源) by extension 'ignore_ament_install'
[0.127s] Level 1:colcon.colcon_core.package_identification:_identify(开发资源) by extensions ['colcon_pkg']
[0.127s] Level 1:colcon.colcon_core.package_identification:_identify(开发资源) by extension 'colcon_pkg'
[0.127s] Level 1:colcon.colcon_core.package_identification:_identify(开发资源) by extensions ['colcon_meta']
[0.127s] Level 1:colcon.colcon_core.package_identification:_identify(开发资源) by extension 'colcon_meta'
[0.127s] Level 1:colcon.colcon_core.package_identification:_identify(开发资源) by extensions ['ros']
[0.127s] Level 1:colcon.colcon_core.package_identification:_identify(开发资源) by extension 'ros'
[0.127s] Level 1:colcon.colcon_core.package_identification:_identify(开发资源) by extensions ['cmake', 'python']
[0.127s] Level 1:colcon.colcon_core.package_identification:_identify(开发资源) by extension 'cmake'
[0.127s] Level 1:colcon.colcon_core.package_identification:_identify(开发资源) by extension 'python'
[0.127s] Level 1:colcon.colcon_core.package_identification:_identify(开发资源) by extensions ['python_setup_py']
[0.127s] Level 1:colcon.colcon_core.package_identification:_identify(开发资源) by extension 'python_setup_py'
[0.127s] Level 1:colcon.colcon_core.package_identification:_identify(开发资源/assets) by extensions ['ignore', 'ignore_ament_install']
[0.127s] Level 1:colcon.colcon_core.package_identification:_identify(开发资源/assets) by extension 'ignore'
[0.127s] Level 1:colcon.colcon_core.package_identification:_identify(开发资源/assets) by extension 'ignore_ament_install'
[0.127s] Level 1:colcon.colcon_core.package_identification:_identify(开发资源/assets) by extensions ['colcon_pkg']
[0.127s] Level 1:colcon.colcon_core.package_identification:_identify(开发资源/assets) by extension 'colcon_pkg'
[0.127s] Level 1:colcon.colcon_core.package_identification:_identify(开发资源/assets) by extensions ['colcon_meta']
[0.127s] Level 1:colcon.colcon_core.package_identification:_identify(开发资源/assets) by extension 'colcon_meta'
[0.127s] Level 1:colcon.colcon_core.package_identification:_identify(开发资源/assets) by extensions ['ros']
[0.127s] Level 1:colcon.colcon_core.package_identification:_identify(开发资源/assets) by extension 'ros'
[0.127s] Level 1:colcon.colcon_core.package_identification:_identify(开发资源/assets) by extensions ['cmake', 'python']
[0.127s] Level 1:colcon.colcon_core.package_identification:_identify(开发资源/assets) by extension 'cmake'
[0.127s] Level 1:colcon.colcon_core.package_identification:_identify(开发资源/assets) by extension 'python'
[0.127s] Level 1:colcon.colcon_core.package_identification:_identify(开发资源/assets) by extensions ['python_setup_py']
[0.127s] Level 1:colcon.colcon_core.package_identification:_identify(开发资源/assets) by extension 'python_setup_py'
[0.127s] Level 1:colcon.colcon_core.package_identification:_identify(开发资源/assets/components) by extensions ['ignore', 'ignore_ament_install']
[0.128s] Level 1:colcon.colcon_core.package_identification:_identify(开发资源/assets/components) by extension 'ignore'
[0.128s] Level 1:colcon.colcon_core.package_identification:_identify(开发资源/assets/components) by extension 'ignore_ament_install'
[0.128s] Level 1:colcon.colcon_core.package_identification:_identify(开发资源/assets/components) by extensions ['colcon_pkg']
[0.128s] Level 1:colcon.colcon_core.package_identification:_identify(开发资源/assets/components) by extension 'colcon_pkg'
[0.128s] Level 1:colcon.colcon_core.package_identification:_identify(开发资源/assets/components) by extensions ['colcon_meta']
[0.128s] Level 1:colcon.colcon_core.package_identification:_identify(开发资源/assets/components) by extension 'colcon_meta'
[0.128s] Level 1:colcon.colcon_core.package_identification:_identify(开发资源/assets/components) by extensions ['ros']
[0.128s] Level 1:colcon.colcon_core.package_identification:_identify(开发资源/assets/components) by extension 'ros'
[0.128s] Level 1:colcon.colcon_core.package_identification:_identify(开发资源/assets/components) by extensions ['cmake', 'python']
[0.128s] Level 1:colcon.colcon_core.package_identification:_identify(开发资源/assets/components) by extension 'cmake'
[0.128s] Level 1:colcon.colcon_core.package_identification:_identify(开发资源/assets/components) by extension 'python'
[0.128s] Level 1:colcon.colcon_core.package_identification:_identify(开发资源/assets/components) by extensions ['python_setup_py']
[0.128s] Level 1:colcon.colcon_core.package_identification:_identify(开发资源/assets/components) by extension 'python_setup_py'
[0.128s] Level 1:colcon.colcon_core.package_identification:_identify(开发资源/assets/components/arms) by extensions ['ignore', 'ignore_ament_install']
[0.128s] Level 1:colcon.colcon_core.package_identification:_identify(开发资源/assets/components/arms) by extension 'ignore'
[0.128s] Level 1:colcon.colcon_core.package_identification:_identify(开发资源/assets/components/arms) by extension 'ignore_ament_install'
[0.128s] Level 1:colcon.colcon_core.package_identification:_identify(开发资源/assets/components/arms) by extensions ['colcon_pkg']
[0.128s] Level 1:colcon.colcon_core.package_identification:_identify(开发资源/assets/components/arms) by extension 'colcon_pkg'
[0.128s] Level 1:colcon.colcon_core.package_identification:_identify(开发资源/assets/components/arms) by extensions ['colcon_meta']
[0.128s] Level 1:colcon.colcon_core.package_identification:_identify(开发资源/assets/components/arms) by extension 'colcon_meta'
[0.128s] Level 1:colcon.colcon_core.package_identification:_identify(开发资源/assets/components/arms) by extensions ['ros']
[0.128s] Level 1:colcon.colcon_core.package_identification:_identify(开发资源/assets/components/arms) by extension 'ros'
[0.128s] Level 1:colcon.colcon_core.package_identification:_identify(开发资源/assets/components/arms) by extensions ['cmake', 'python']
[0.128s] Level 1:colcon.colcon_core.package_identification:_identify(开发资源/assets/components/arms) by extension 'cmake'
[0.128s] Level 1:colcon.colcon_core.package_identification:_identify(开发资源/assets/components/arms) by extension 'python'
[0.128s] Level 1:colcon.colcon_core.package_identification:_identify(开发资源/assets/components/arms) by extensions ['python_setup_py']
[0.128s] Level 1:colcon.colcon_core.package_identification:_identify(开发资源/assets/components/arms) by extension 'python_setup_py'
[0.128s] Level 1:colcon.colcon_core.package_identification:_identify(开发资源/assets/components/arms/lkls73_arm) by extensions ['ignore', 'ignore_ament_install']
[0.128s] Level 1:colcon.colcon_core.package_identification:_identify(开发资源/assets/components/arms/lkls73_arm) by extension 'ignore'
[0.128s] Level 1:colcon.colcon_core.package_identification:_identify(开发资源/assets/components/arms/lkls73_arm) by extension 'ignore_ament_install'
[0.128s] Level 1:colcon.colcon_core.package_identification:_identify(开发资源/assets/components/arms/lkls73_arm) by extensions ['colcon_pkg']
[0.128s] Level 1:colcon.colcon_core.package_identification:_identify(开发资源/assets/components/arms/lkls73_arm) by extension 'colcon_pkg'
[0.128s] Level 1:colcon.colcon_core.package_identification:_identify(开发资源/assets/components/arms/lkls73_arm) by extensions ['colcon_meta']
[0.128s] Level 1:colcon.colcon_core.package_identification:_identify(开发资源/assets/components/arms/lkls73_arm) by extension 'colcon_meta'
[0.128s] Level 1:colcon.colcon_core.package_identification:_identify(开发资源/assets/components/arms/lkls73_arm) by extensions ['ros']
[0.128s] Level 1:colcon.colcon_core.package_identification:_identify(开发资源/assets/components/arms/lkls73_arm) by extension 'ros'
[0.128s] Level 1:colcon.colcon_core.package_identification:_identify(开发资源/assets/components/arms/lkls73_arm) by extensions ['cmake', 'python']
[0.128s] Level 1:colcon.colcon_core.package_identification:_identify(开发资源/assets/components/arms/lkls73_arm) by extension 'cmake'
[0.128s] Level 1:colcon.colcon_core.package_identification:_identify(开发资源/assets/components/arms/lkls73_arm) by extension 'python'
[0.128s] Level 1:colcon.colcon_core.package_identification:_identify(开发资源/assets/components/arms/lkls73_arm) by extensions ['python_setup_py']
[0.128s] Level 1:colcon.colcon_core.package_identification:_identify(开发资源/assets/components/arms/lkls73_arm) by extension 'python_setup_py'
[0.129s] Level 1:colcon.colcon_core.package_identification:_identify(开发资源/assets/components/arms/lkls73_arm/variants) by extensions ['ignore', 'ignore_ament_install']
[0.129s] Level 1:colcon.colcon_core.package_identification:_identify(开发资源/assets/components/arms/lkls73_arm/variants) by extension 'ignore'
[0.129s] Level 1:colcon.colcon_core.package_identification:_identify(开发资源/assets/components/arms/lkls73_arm/variants) by extension 'ignore_ament_install'
[0.129s] Level 1:colcon.colcon_core.package_identification:_identify(开发资源/assets/components/arms/lkls73_arm/variants) by extensions ['colcon_pkg']
[0.129s] Level 1:colcon.colcon_core.package_identification:_identify(开发资源/assets/components/arms/lkls73_arm/variants) by extension 'colcon_pkg'
[0.129s] Level 1:colcon.colcon_core.package_identification:_identify(开发资源/assets/components/arms/lkls73_arm/variants) by extensions ['colcon_meta']
[0.129s] Level 1:colcon.colcon_core.package_identification:_identify(开发资源/assets/components/arms/lkls73_arm/variants) by extension 'colcon_meta'
[0.129s] Level 1:colcon.colcon_core.package_identification:_identify(开发资源/assets/components/arms/lkls73_arm/variants) by extensions ['ros']
[0.129s] Level 1:colcon.colcon_core.package_identification:_identify(开发资源/assets/components/arms/lkls73_arm/variants) by extension 'ros'
[0.129s] Level 1:colcon.colcon_core.package_identification:_identify(开发资源/assets/components/arms/lkls73_arm/variants) by extensions ['cmake', 'python']
[0.129s] Level 1:colcon.colcon_core.package_identification:_identify(开发资源/assets/components/arms/lkls73_arm/variants) by extension 'cmake'
[0.129s] Level 1:colcon.colcon_core.package_identification:_identify(开发资源/assets/components/arms/lkls73_arm/variants) by extension 'python'
[0.129s] Level 1:colcon.colcon_core.package_identification:_identify(开发资源/assets/components/arms/lkls73_arm/variants) by extensions ['python_setup_py']
[0.129s] Level 1:colcon.colcon_core.package_identification:_identify(开发资源/assets/components/arms/lkls73_arm/variants) by extension 'python_setup_py'
[0.129s] Level 1:colcon.colcon_core.package_identification:_identify(开发资源/assets/components/arms/lkls73_arm/variants/left) by extensions ['ignore', 'ignore_ament_install']
[0.129s] Level 1:colcon.colcon_core.package_identification:_identify(开发资源/assets/components/arms/lkls73_arm/variants/left) by extension 'ignore'
[0.129s] Level 1:colcon.colcon_core.package_identification:_identify(开发资源/assets/components/arms/lkls73_arm/variants/left) by extension 'ignore_ament_install'
[0.129s] Level 1:colcon.colcon_core.package_identification:_identify(开发资源/assets/components/arms/lkls73_arm/variants/left) by extensions ['colcon_pkg']
[0.129s] Level 1:colcon.colcon_core.package_identification:_identify(开发资源/assets/components/arms/lkls73_arm/variants/left) by extension 'colcon_pkg'
[0.129s] Level 1:colcon.colcon_core.package_identification:_identify(开发资源/assets/components/arms/lkls73_arm/variants/left) by extensions ['colcon_meta']
[0.129s] Level 1:colcon.colcon_core.package_identification:_identify(开发资源/assets/components/arms/lkls73_arm/variants/left) by extension 'colcon_meta'
[0.129s] Level 1:colcon.colcon_core.package_identification:_identify(开发资源/assets/components/arms/lkls73_arm/variants/left) by extensions ['ros']
[0.129s] Level 1:colcon.colcon_core.package_identification:_identify(开发资源/assets/components/arms/lkls73_arm/variants/left) by extension 'ros'
[0.129s] Level 1:colcon.colcon_core.package_identification:_identify(开发资源/assets/components/arms/lkls73_arm/variants/left) by extensions ['cmake', 'python']
[0.129s] Level 1:colcon.colcon_core.package_identification:_identify(开发资源/assets/components/arms/lkls73_arm/variants/left) by extension 'cmake'
[0.129s] Level 1:colcon.colcon_core.package_identification:_identify(开发资源/assets/components/arms/lkls73_arm/variants/left) by extension 'python'
[0.129s] Level 1:colcon.colcon_core.package_identification:_identify(开发资源/assets/components/arms/lkls73_arm/variants/left) by extensions ['python_setup_py']
[0.129s] Level 1:colcon.colcon_core.package_identification:_identify(开发资源/assets/components/arms/lkls73_arm/variants/left) by extension 'python_setup_py'
[0.129s] Level 1:colcon.colcon_core.package_identification:_identify(开发资源/assets/components/arms/lkls73_arm/variants/left/meshes) by extensions ['ignore', 'ignore_ament_install']
[0.129s] Level 1:colcon.colcon_core.package_identification:_identify(开发资源/assets/components/arms/lkls73_arm/variants/left/meshes) by extension 'ignore'
[0.129s] Level 1:colcon.colcon_core.package_identification:_identify(开发资源/assets/components/arms/lkls73_arm/variants/left/meshes) by extension 'ignore_ament_install'
[0.129s] Level 1:colcon.colcon_core.package_identification:_identify(开发资源/assets/components/arms/lkls73_arm/variants/left/meshes) by extensions ['colcon_pkg']
[0.129s] Level 1:colcon.colcon_core.package_identification:_identify(开发资源/assets/components/arms/lkls73_arm/variants/left/meshes) by extension 'colcon_pkg'
[0.129s] Level 1:colcon.colcon_core.package_identification:_identify(开发资源/assets/components/arms/lkls73_arm/variants/left/meshes) by extensions ['colcon_meta']
[0.129s] Level 1:colcon.colcon_core.package_identification:_identify(开发资源/assets/components/arms/lkls73_arm/variants/left/meshes) by extension 'colcon_meta'
[0.129s] Level 1:colcon.colcon_core.package_identification:_identify(开发资源/assets/components/arms/lkls73_arm/variants/left/meshes) by extensions ['ros']
[0.129s] Level 1:colcon.colcon_core.package_identification:_identify(开发资源/assets/components/arms/lkls73_arm/variants/left/meshes) by extension 'ros'
[0.129s] Level 1:colcon.colcon_core.package_identification:_identify(开发资源/assets/components/arms/lkls73_arm/variants/left/meshes) by extensions ['cmake', 'python']
[0.129s] Level 1:colcon.colcon_core.package_identification:_identify(开发资源/assets/components/arms/lkls73_arm/variants/left/meshes) by extension 'cmake'
[0.129s] Level 1:colcon.colcon_core.package_identification:_identify(开发资源/assets/components/arms/lkls73_arm/variants/left/meshes) by extension 'python'
[0.129s] Level 1:colcon.colcon_core.package_identification:_identify(开发资源/assets/components/arms/lkls73_arm/variants/left/meshes) by extensions ['python_setup_py']
[0.129s] Level 1:colcon.colcon_core.package_identification:_identify(开发资源/assets/components/arms/lkls73_arm/variants/left/meshes) by extension 'python_setup_py'
[0.129s] Level 1:colcon.colcon_core.package_identification:_identify(开发资源/assets/components/arms/lkls73_arm/variants/right) by extensions ['ignore', 'ignore_ament_install']
[0.129s] Level 1:colcon.colcon_core.package_identification:_identify(开发资源/assets/components/arms/lkls73_arm/variants/right) by extension 'ignore'
[0.129s] Level 1:colcon.colcon_core.package_identification:_identify(开发资源/assets/components/arms/lkls73_arm/variants/right) by extension 'ignore_ament_install'
[0.130s] Level 1:colcon.colcon_core.package_identification:_identify(开发资源/assets/components/arms/lkls73_arm/variants/right) by extensions ['colcon_pkg']
[0.130s] Level 1:colcon.colcon_core.package_identification:_identify(开发资源/assets/components/arms/lkls73_arm/variants/right) by extension 'colcon_pkg'
[0.130s] Level 1:colcon.colcon_core.package_identification:_identify(开发资源/assets/components/arms/lkls73_arm/variants/right) by extensions ['colcon_meta']
[0.130s] Level 1:colcon.colcon_core.package_identification:_identify(开发资源/assets/components/arms/lkls73_arm/variants/right) by extension 'colcon_meta'
[0.130s] Level 1:colcon.colcon_core.package_identification:_identify(开发资源/assets/components/arms/lkls73_arm/variants/right) by extensions ['ros']
[0.130s] Level 1:colcon.colcon_core.package_identification:_identify(开发资源/assets/components/arms/lkls73_arm/variants/right) by extension 'ros'
[0.130s] Level 1:colcon.colcon_core.package_identification:_identify(开发资源/assets/components/arms/lkls73_arm/variants/right) by extensions ['cmake', 'python']
[0.130s] Level 1:colcon.colcon_core.package_identification:_identify(开发资源/assets/components/arms/lkls73_arm/variants/right) by extension 'cmake'
[0.130s] Level 1:colcon.colcon_core.package_identification:_identify(开发资源/assets/components/arms/lkls73_arm/variants/right) by extension 'python'
[0.130s] Level 1:colcon.colcon_core.package_identification:_identify(开发资源/assets/components/arms/lkls73_arm/variants/right) by extensions ['python_setup_py']
[0.130s] Level 1:colcon.colcon_core.package_identification:_identify(开发资源/assets/components/arms/lkls73_arm/variants/right) by extension 'python_setup_py'
[0.130s] Level 1:colcon.colcon_core.package_identification:_identify(开发资源/assets/components/arms/lkls73_arm/variants/right/meshes) by extensions ['ignore', 'ignore_ament_install']
[0.130s] Level 1:colcon.colcon_core.package_identification:_identify(开发资源/assets/components/arms/lkls73_arm/variants/right/meshes) by extension 'ignore'
[0.130s] Level 1:colcon.colcon_core.package_identification:_identify(开发资源/assets/components/arms/lkls73_arm/variants/right/meshes) by extension 'ignore_ament_install'
[0.130s] Level 1:colcon.colcon_core.package_identification:_identify(开发资源/assets/components/arms/lkls73_arm/variants/right/meshes) by extensions ['colcon_pkg']
[0.130s] Level 1:colcon.colcon_core.package_identification:_identify(开发资源/assets/components/arms/lkls73_arm/variants/right/meshes) by extension 'colcon_pkg'
[0.130s] Level 1:colcon.colcon_core.package_identification:_identify(开发资源/assets/components/arms/lkls73_arm/variants/right/meshes) by extensions ['colcon_meta']
[0.130s] Level 1:colcon.colcon_core.package_identification:_identify(开发资源/assets/components/arms/lkls73_arm/variants/right/meshes) by extension 'colcon_meta'
[0.130s] Level 1:colcon.colcon_core.package_identification:_identify(开发资源/assets/components/arms/lkls73_arm/variants/right/meshes) by extensions ['ros']
[0.130s] Level 1:colcon.colcon_core.package_identification:_identify(开发资源/assets/components/arms/lkls73_arm/variants/right/meshes) by extension 'ros'
[0.130s] Level 1:colcon.colcon_core.package_identification:_identify(开发资源/assets/components/arms/lkls73_arm/variants/right/meshes) by extensions ['cmake', 'python']
[0.130s] Level 1:colcon.colcon_core.package_identification:_identify(开发资源/assets/components/arms/lkls73_arm/variants/right/meshes) by extension 'cmake'
[0.130s] Level 1:colcon.colcon_core.package_identification:_identify(开发资源/assets/components/arms/lkls73_arm/variants/right/meshes) by extension 'python'
[0.130s] Level 1:colcon.colcon_core.package_identification:_identify(开发资源/assets/components/arms/lkls73_arm/variants/right/meshes) by extensions ['python_setup_py']
[0.130s] Level 1:colcon.colcon_core.package_identification:_identify(开发资源/assets/components/arms/lkls73_arm/variants/right/meshes) by extension 'python_setup_py'
[0.130s] Level 1:colcon.colcon_core.package_identification:_identify(开发资源/assets/components/bases) by extensions ['ignore', 'ignore_ament_install']
[0.130s] Level 1:colcon.colcon_core.package_identification:_identify(开发资源/assets/components/bases) by extension 'ignore'
[0.130s] Level 1:colcon.colcon_core.package_identification:_identify(开发资源/assets/components/bases) by extension 'ignore_ament_install'
[0.130s] Level 1:colcon.colcon_core.package_identification:_identify(开发资源/assets/components/bases) by extensions ['colcon_pkg']
[0.130s] Level 1:colcon.colcon_core.package_identification:_identify(开发资源/assets/components/bases) by extension 'colcon_pkg'
[0.130s] Level 1:colcon.colcon_core.package_identification:_identify(开发资源/assets/components/bases) by extensions ['colcon_meta']
[0.130s] Level 1:colcon.colcon_core.package_identification:_identify(开发资源/assets/components/bases) by extension 'colcon_meta'
[0.130s] Level 1:colcon.colcon_core.package_identification:_identify(开发资源/assets/components/bases) by extensions ['ros']
[0.130s] Level 1:colcon.colcon_core.package_identification:_identify(开发资源/assets/components/bases) by extension 'ros'
[0.130s] Level 1:colcon.colcon_core.package_identification:_identify(开发资源/assets/components/bases) by extensions ['cmake', 'python']
[0.130s] Level 1:colcon.colcon_core.package_identification:_identify(开发资源/assets/components/bases) by extension 'cmake'
[0.130s] Level 1:colcon.colcon_core.package_identification:_identify(开发资源/assets/components/bases) by extension 'python'
[0.130s] Level 1:colcon.colcon_core.package_identification:_identify(开发资源/assets/components/bases) by extensions ['python_setup_py']
[0.130s] Level 1:colcon.colcon_core.package_identification:_identify(开发资源/assets/components/bases) by extension 'python_setup_py'
[0.130s] Level 1:colcon.colcon_core.package_identification:_identify(开发资源/assets/components/bases/lkls73_torso) by extensions ['ignore', 'ignore_ament_install']
[0.130s] Level 1:colcon.colcon_core.package_identification:_identify(开发资源/assets/components/bases/lkls73_torso) by extension 'ignore'
[0.130s] Level 1:colcon.colcon_core.package_identification:_identify(开发资源/assets/components/bases/lkls73_torso) by extension 'ignore_ament_install'
[0.130s] Level 1:colcon.colcon_core.package_identification:_identify(开发资源/assets/components/bases/lkls73_torso) by extensions ['colcon_pkg']
[0.130s] Level 1:colcon.colcon_core.package_identification:_identify(开发资源/assets/components/bases/lkls73_torso) by extension 'colcon_pkg'
[0.130s] Level 1:colcon.colcon_core.package_identification:_identify(开发资源/assets/components/bases/lkls73_torso) by extensions ['colcon_meta']
[0.130s] Level 1:colcon.colcon_core.package_identification:_identify(开发资源/assets/components/bases/lkls73_torso) by extension 'colcon_meta'
[0.130s] Level 1:colcon.colcon_core.package_identification:_identify(开发资源/assets/components/bases/lkls73_torso) by extensions ['ros']
[0.130s] Level 1:colcon.colcon_core.package_identification:_identify(开发资源/assets/components/bases/lkls73_torso) by extension 'ros'
[0.130s] Level 1:colcon.colcon_core.package_identification:_identify(开发资源/assets/components/bases/lkls73_torso) by extensions ['cmake', 'python']
[0.130s] Level 1:colcon.colcon_core.package_identification:_identify(开发资源/assets/components/bases/lkls73_torso) by extension 'cmake'
[0.130s] Level 1:colcon.colcon_core.package_identification:_identify(开发资源/assets/components/bases/lkls73_torso) by extension 'python'
[0.130s] Level 1:colcon.colcon_core.package_identification:_identify(开发资源/assets/components/bases/lkls73_torso) by extensions ['python_setup_py']
[0.130s] Level 1:colcon.colcon_core.package_identification:_identify(开发资源/assets/components/bases/lkls73_torso) by extension 'python_setup_py'
[0.131s] Level 1:colcon.colcon_core.package_identification:_identify(开发资源/assets/components/bases/lkls73_torso/variants) by extensions ['ignore', 'ignore_ament_install']
[0.131s] Level 1:colcon.colcon_core.package_identification:_identify(开发资源/assets/components/bases/lkls73_torso/variants) by extension 'ignore'
[0.131s] Level 1:colcon.colcon_core.package_identification:_identify(开发资源/assets/components/bases/lkls73_torso/variants) by extension 'ignore_ament_install'
[0.131s] Level 1:colcon.colcon_core.package_identification:_identify(开发资源/assets/components/bases/lkls73_torso/variants) by extensions ['colcon_pkg']
[0.131s] Level 1:colcon.colcon_core.package_identification:_identify(开发资源/assets/components/bases/lkls73_torso/variants) by extension 'colcon_pkg'
[0.131s] Level 1:colcon.colcon_core.package_identification:_identify(开发资源/assets/components/bases/lkls73_torso/variants) by extensions ['colcon_meta']
[0.131s] Level 1:colcon.colcon_core.package_identification:_identify(开发资源/assets/components/bases/lkls73_torso/variants) by extension 'colcon_meta'
[0.131s] Level 1:colcon.colcon_core.package_identification:_identify(开发资源/assets/components/bases/lkls73_torso/variants) by extensions ['ros']
[0.131s] Level 1:colcon.colcon_core.package_identification:_identify(开发资源/assets/components/bases/lkls73_torso/variants) by extension 'ros'
[0.131s] Level 1:colcon.colcon_core.package_identification:_identify(开发资源/assets/components/bases/lkls73_torso/variants) by extensions ['cmake', 'python']
[0.131s] Level 1:colcon.colcon_core.package_identification:_identify(开发资源/assets/components/bases/lkls73_torso/variants) by extension 'cmake'
[0.131s] Level 1:colcon.colcon_core.package_identification:_identify(开发资源/assets/components/bases/lkls73_torso/variants) by extension 'python'
[0.131s] Level 1:colcon.colcon_core.package_identification:_identify(开发资源/assets/components/bases/lkls73_torso/variants) by extensions ['python_setup_py']
[0.131s] Level 1:colcon.colcon_core.package_identification:_identify(开发资源/assets/components/bases/lkls73_torso/variants) by extension 'python_setup_py'
[0.131s] Level 1:colcon.colcon_core.package_identification:_identify(开发资源/assets/components/bases/lkls73_torso/variants/default) by extensions ['ignore', 'ignore_ament_install']
[0.131s] Level 1:colcon.colcon_core.package_identification:_identify(开发资源/assets/components/bases/lkls73_torso/variants/default) by extension 'ignore'
[0.131s] Level 1:colcon.colcon_core.package_identification:_identify(开发资源/assets/components/bases/lkls73_torso/variants/default) by extension 'ignore_ament_install'
[0.131s] Level 1:colcon.colcon_core.package_identification:_identify(开发资源/assets/components/bases/lkls73_torso/variants/default) by extensions ['colcon_pkg']
[0.131s] Level 1:colcon.colcon_core.package_identification:_identify(开发资源/assets/components/bases/lkls73_torso/variants/default) by extension 'colcon_pkg'
[0.131s] Level 1:colcon.colcon_core.package_identification:_identify(开发资源/assets/components/bases/lkls73_torso/variants/default) by extensions ['colcon_meta']
[0.131s] Level 1:colcon.colcon_core.package_identification:_identify(开发资源/assets/components/bases/lkls73_torso/variants/default) by extension 'colcon_meta'
[0.131s] Level 1:colcon.colcon_core.package_identification:_identify(开发资源/assets/components/bases/lkls73_torso/variants/default) by extensions ['ros']
[0.131s] Level 1:colcon.colcon_core.package_identification:_identify(开发资源/assets/components/bases/lkls73_torso/variants/default) by extension 'ros'
[0.131s] Level 1:colcon.colcon_core.package_identification:_identify(开发资源/assets/components/bases/lkls73_torso/variants/default) by extensions ['cmake', 'python']
[0.131s] Level 1:colcon.colcon_core.package_identification:_identify(开发资源/assets/components/bases/lkls73_torso/variants/default) by extension 'cmake'
[0.131s] Level 1:colcon.colcon_core.package_identification:_identify(开发资源/assets/components/bases/lkls73_torso/variants/default) by extension 'python'
[0.131s] Level 1:colcon.colcon_core.package_identification:_identify(开发资源/assets/components/bases/lkls73_torso/variants/default) by extensions ['python_setup_py']
[0.131s] Level 1:colcon.colcon_core.package_identification:_identify(开发资源/assets/components/bases/lkls73_torso/variants/default) by extension 'python_setup_py'
[0.131s] Level 1:colcon.colcon_core.package_identification:_identify(开发资源/assets/components/bases/lkls73_torso/variants/default/meshes) by extensions ['ignore', 'ignore_ament_install']
[0.131s] Level 1:colcon.colcon_core.package_identification:_identify(开发资源/assets/components/bases/lkls73_torso/variants/default/meshes) by extension 'ignore'
[0.131s] Level 1:colcon.colcon_core.package_identification:_identify(开发资源/assets/components/bases/lkls73_torso/variants/default/meshes) by extension 'ignore_ament_install'
[0.131s] Level 1:colcon.colcon_core.package_identification:_identify(开发资源/assets/components/bases/lkls73_torso/variants/default/meshes) by extensions ['colcon_pkg']
[0.131s] Level 1:colcon.colcon_core.package_identification:_identify(开发资源/assets/components/bases/lkls73_torso/variants/default/meshes) by extension 'colcon_pkg'
[0.131s] Level 1:colcon.colcon_core.package_identification:_identify(开发资源/assets/components/bases/lkls73_torso/variants/default/meshes) by extensions ['colcon_meta']
[0.131s] Level 1:colcon.colcon_core.package_identification:_identify(开发资源/assets/components/bases/lkls73_torso/variants/default/meshes) by extension 'colcon_meta'
[0.131s] Level 1:colcon.colcon_core.package_identification:_identify(开发资源/assets/components/bases/lkls73_torso/variants/default/meshes) by extensions ['ros']
[0.131s] Level 1:colcon.colcon_core.package_identification:_identify(开发资源/assets/components/bases/lkls73_torso/variants/default/meshes) by extension 'ros'
[0.131s] Level 1:colcon.colcon_core.package_identification:_identify(开发资源/assets/components/bases/lkls73_torso/variants/default/meshes) by extensions ['cmake', 'python']
[0.131s] Level 1:colcon.colcon_core.package_identification:_identify(开发资源/assets/components/bases/lkls73_torso/variants/default/meshes) by extension 'cmake'
[0.131s] Level 1:colcon.colcon_core.package_identification:_identify(开发资源/assets/components/bases/lkls73_torso/variants/default/meshes) by extension 'python'
[0.131s] Level 1:colcon.colcon_core.package_identification:_identify(开发资源/assets/components/bases/lkls73_torso/variants/default/meshes) by extensions ['python_setup_py']
[0.131s] Level 1:colcon.colcon_core.package_identification:_identify(开发资源/assets/components/bases/lkls73_torso/variants/default/meshes) by extension 'python_setup_py'
[0.131s] Level 1:colcon.colcon_core.package_identification:_identify(开发资源/assets/components/hands) by extensions ['ignore', 'ignore_ament_install']
[0.131s] Level 1:colcon.colcon_core.package_identification:_identify(开发资源/assets/components/hands) by extension 'ignore'
[0.131s] Level 1:colcon.colcon_core.package_identification:_identify(开发资源/assets/components/hands) by extension 'ignore_ament_install'
[0.131s] Level 1:colcon.colcon_core.package_identification:_identify(开发资源/assets/components/hands) by extensions ['colcon_pkg']
[0.131s] Level 1:colcon.colcon_core.package_identification:_identify(开发资源/assets/components/hands) by extension 'colcon_pkg'
[0.131s] Level 1:colcon.colcon_core.package_identification:_identify(开发资源/assets/components/hands) by extensions ['colcon_meta']
[0.131s] Level 1:colcon.colcon_core.package_identification:_identify(开发资源/assets/components/hands) by extension 'colcon_meta'
[0.132s] Level 1:colcon.colcon_core.package_identification:_identify(开发资源/assets/components/hands) by extensions ['ros']
[0.132s] Level 1:colcon.colcon_core.package_identification:_identify(开发资源/assets/components/hands) by extension 'ros'
[0.132s] Level 1:colcon.colcon_core.package_identification:_identify(开发资源/assets/components/hands) by extensions ['cmake', 'python']
[0.132s] Level 1:colcon.colcon_core.package_identification:_identify(开发资源/assets/components/hands) by extension 'cmake'
[0.132s] Level 1:colcon.colcon_core.package_identification:_identify(开发资源/assets/components/hands) by extension 'python'
[0.132s] Level 1:colcon.colcon_core.package_identification:_identify(开发资源/assets/components/hands) by extensions ['python_setup_py']
[0.132s] Level 1:colcon.colcon_core.package_identification:_identify(开发资源/assets/components/hands) by extension 'python_setup_py'
[0.132s] Level 1:colcon.colcon_core.package_identification:_identify(开发资源/assets/components/hands/linkerhand_o6) by extensions ['ignore', 'ignore_ament_install']
[0.132s] Level 1:colcon.colcon_core.package_identification:_identify(开发资源/assets/components/hands/linkerhand_o6) by extension 'ignore'
[0.132s] Level 1:colcon.colcon_core.package_identification:_identify(开发资源/assets/components/hands/linkerhand_o6) by extension 'ignore_ament_install'
[0.132s] Level 1:colcon.colcon_core.package_identification:_identify(开发资源/assets/components/hands/linkerhand_o6) by extensions ['colcon_pkg']
[0.132s] Level 1:colcon.colcon_core.package_identification:_identify(开发资源/assets/components/hands/linkerhand_o6) by extension 'colcon_pkg'
[0.132s] Level 1:colcon.colcon_core.package_identification:_identify(开发资源/assets/components/hands/linkerhand_o6) by extensions ['colcon_meta']
[0.132s] Level 1:colcon.colcon_core.package_identification:_identify(开发资源/assets/components/hands/linkerhand_o6) by extension 'colcon_meta'
[0.132s] Level 1:colcon.colcon_core.package_identification:_identify(开发资源/assets/components/hands/linkerhand_o6) by extensions ['ros']
[0.132s] Level 1:colcon.colcon_core.package_identification:_identify(开发资源/assets/components/hands/linkerhand_o6) by extension 'ros'
[0.132s] Level 1:colcon.colcon_core.package_identification:_identify(开发资源/assets/components/hands/linkerhand_o6) by extensions ['cmake', 'python']
[0.132s] Level 1:colcon.colcon_core.package_identification:_identify(开发资源/assets/components/hands/linkerhand_o6) by extension 'cmake'
[0.132s] Level 1:colcon.colcon_core.package_identification:_identify(开发资源/assets/components/hands/linkerhand_o6) by extension 'python'
[0.132s] Level 1:colcon.colcon_core.package_identification:_identify(开发资源/assets/components/hands/linkerhand_o6) by extensions ['python_setup_py']
[0.132s] Level 1:colcon.colcon_core.package_identification:_identify(开发资源/assets/components/hands/linkerhand_o6) by extension 'python_setup_py'
[0.132s] Level 1:colcon.colcon_core.package_identification:_identify(开发资源/assets/components/hands/linkerhand_o6/variants) by extensions ['ignore', 'ignore_ament_install']
[0.132s] Level 1:colcon.colcon_core.package_identification:_identify(开发资源/assets/components/hands/linkerhand_o6/variants) by extension 'ignore'
[0.132s] Level 1:colcon.colcon_core.package_identification:_identify(开发资源/assets/components/hands/linkerhand_o6/variants) by extension 'ignore_ament_install'
[0.132s] Level 1:colcon.colcon_core.package_identification:_identify(开发资源/assets/components/hands/linkerhand_o6/variants) by extensions ['colcon_pkg']
[0.132s] Level 1:colcon.colcon_core.package_identification:_identify(开发资源/assets/components/hands/linkerhand_o6/variants) by extension 'colcon_pkg'
[0.132s] Level 1:colcon.colcon_core.package_identification:_identify(开发资源/assets/components/hands/linkerhand_o6/variants) by extensions ['colcon_meta']
[0.132s] Level 1:colcon.colcon_core.package_identification:_identify(开发资源/assets/components/hands/linkerhand_o6/variants) by extension 'colcon_meta'
[0.132s] Level 1:colcon.colcon_core.package_identification:_identify(开发资源/assets/components/hands/linkerhand_o6/variants) by extensions ['ros']
[0.132s] Level 1:colcon.colcon_core.package_identification:_identify(开发资源/assets/components/hands/linkerhand_o6/variants) by extension 'ros'
[0.132s] Level 1:colcon.colcon_core.package_identification:_identify(开发资源/assets/components/hands/linkerhand_o6/variants) by extensions ['cmake', 'python']
[0.132s] Level 1:colcon.colcon_core.package_identification:_identify(开发资源/assets/components/hands/linkerhand_o6/variants) by extension 'cmake'
[0.132s] Level 1:colcon.colcon_core.package_identification:_identify(开发资源/assets/components/hands/linkerhand_o6/variants) by extension 'python'
[0.132s] Level 1:colcon.colcon_core.package_identification:_identify(开发资源/assets/components/hands/linkerhand_o6/variants) by extensions ['python_setup_py']
[0.132s] Level 1:colcon.colcon_core.package_identification:_identify(开发资源/assets/components/hands/linkerhand_o6/variants) by extension 'python_setup_py'
[0.132s] Level 1:colcon.colcon_core.package_identification:_identify(开发资源/assets/components/hands/linkerhand_o6/variants/left) by extensions ['ignore', 'ignore_ament_install']
[0.132s] Level 1:colcon.colcon_core.package_identification:_identify(开发资源/assets/components/hands/linkerhand_o6/variants/left) by extension 'ignore'
[0.132s] Level 1:colcon.colcon_core.package_identification:_identify(开发资源/assets/components/hands/linkerhand_o6/variants/left) by extension 'ignore_ament_install'
[0.132s] Level 1:colcon.colcon_core.package_identification:_identify(开发资源/assets/components/hands/linkerhand_o6/variants/left) by extensions ['colcon_pkg']
[0.132s] Level 1:colcon.colcon_core.package_identification:_identify(开发资源/assets/components/hands/linkerhand_o6/variants/left) by extension 'colcon_pkg'
[0.132s] Level 1:colcon.colcon_core.package_identification:_identify(开发资源/assets/components/hands/linkerhand_o6/variants/left) by extensions ['colcon_meta']
[0.132s] Level 1:colcon.colcon_core.package_identification:_identify(开发资源/assets/components/hands/linkerhand_o6/variants/left) by extension 'colcon_meta'
[0.132s] Level 1:colcon.colcon_core.package_identification:_identify(开发资源/assets/components/hands/linkerhand_o6/variants/left) by extensions ['ros']
[0.132s] Level 1:colcon.colcon_core.package_identification:_identify(开发资源/assets/components/hands/linkerhand_o6/variants/left) by extension 'ros'
[0.132s] Level 1:colcon.colcon_core.package_identification:_identify(开发资源/assets/components/hands/linkerhand_o6/variants/left) by extensions ['cmake', 'python']
[0.132s] Level 1:colcon.colcon_core.package_identification:_identify(开发资源/assets/components/hands/linkerhand_o6/variants/left) by extension 'cmake'
[0.132s] Level 1:colcon.colcon_core.package_identification:_identify(开发资源/assets/components/hands/linkerhand_o6/variants/left) by extension 'python'
[0.132s] Level 1:colcon.colcon_core.package_identification:_identify(开发资源/assets/components/hands/linkerhand_o6/variants/left) by extensions ['python_setup_py']
[0.132s] Level 1:colcon.colcon_core.package_identification:_identify(开发资源/assets/components/hands/linkerhand_o6/variants/left) by extension 'python_setup_py'
[0.133s] Level 1:colcon.colcon_core.package_identification:_identify(开发资源/assets/components/hands/linkerhand_o6/variants/left/meshes) by extensions ['ignore', 'ignore_ament_install']
[0.133s] Level 1:colcon.colcon_core.package_identification:_identify(开发资源/assets/components/hands/linkerhand_o6/variants/left/meshes) by extension 'ignore'
[0.133s] Level 1:colcon.colcon_core.package_identification:_identify(开发资源/assets/components/hands/linkerhand_o6/variants/left/meshes) by extension 'ignore_ament_install'
[0.133s] Level 1:colcon.colcon_core.package_identification:_identify(开发资源/assets/components/hands/linkerhand_o6/variants/left/meshes) by extensions ['colcon_pkg']
[0.133s] Level 1:colcon.colcon_core.package_identification:_identify(开发资源/assets/components/hands/linkerhand_o6/variants/left/meshes) by extension 'colcon_pkg'
[0.133s] Level 1:colcon.colcon_core.package_identification:_identify(开发资源/assets/components/hands/linkerhand_o6/variants/left/meshes) by extensions ['colcon_meta']
[0.133s] Level 1:colcon.colcon_core.package_identification:_identify(开发资源/assets/components/hands/linkerhand_o6/variants/left/meshes) by extension 'colcon_meta'
[0.133s] Level 1:colcon.colcon_core.package_identification:_identify(开发资源/assets/components/hands/linkerhand_o6/variants/left/meshes) by extensions ['ros']
[0.133s] Level 1:colcon.colcon_core.package_identification:_identify(开发资源/assets/components/hands/linkerhand_o6/variants/left/meshes) by extension 'ros'
[0.133s] Level 1:colcon.colcon_core.package_identification:_identify(开发资源/assets/components/hands/linkerhand_o6/variants/left/meshes) by extensions ['cmake', 'python']
[0.133s] Level 1:colcon.colcon_core.package_identification:_identify(开发资源/assets/components/hands/linkerhand_o6/variants/left/meshes) by extension 'cmake'
[0.133s] Level 1:colcon.colcon_core.package_identification:_identify(开发资源/assets/components/hands/linkerhand_o6/variants/left/meshes) by extension 'python'
[0.133s] Level 1:colcon.colcon_core.package_identification:_identify(开发资源/assets/components/hands/linkerhand_o6/variants/left/meshes) by extensions ['python_setup_py']
[0.133s] Level 1:colcon.colcon_core.package_identification:_identify(开发资源/assets/components/hands/linkerhand_o6/variants/left/meshes) by extension 'python_setup_py'
[0.133s] Level 1:colcon.colcon_core.package_identification:_identify(开发资源/assets/components/hands/linkerhand_o6/variants/right) by extensions ['ignore', 'ignore_ament_install']
[0.133s] Level 1:colcon.colcon_core.package_identification:_identify(开发资源/assets/components/hands/linkerhand_o6/variants/right) by extension 'ignore'
[0.133s] Level 1:colcon.colcon_core.package_identification:_identify(开发资源/assets/components/hands/linkerhand_o6/variants/right) by extension 'ignore_ament_install'
[0.133s] Level 1:colcon.colcon_core.package_identification:_identify(开发资源/assets/components/hands/linkerhand_o6/variants/right) by extensions ['colcon_pkg']
[0.133s] Level 1:colcon.colcon_core.package_identification:_identify(开发资源/assets/components/hands/linkerhand_o6/variants/right) by extension 'colcon_pkg'
[0.133s] Level 1:colcon.colcon_core.package_identification:_identify(开发资源/assets/components/hands/linkerhand_o6/variants/right) by extensions ['colcon_meta']
[0.133s] Level 1:colcon.colcon_core.package_identification:_identify(开发资源/assets/components/hands/linkerhand_o6/variants/right) by extension 'colcon_meta'
[0.133s] Level 1:colcon.colcon_core.package_identification:_identify(开发资源/assets/components/hands/linkerhand_o6/variants/right) by extensions ['ros']
[0.133s] Level 1:colcon.colcon_core.package_identification:_identify(开发资源/assets/components/hands/linkerhand_o6/variants/right) by extension 'ros'
[0.133s] Level 1:colcon.colcon_core.package_identification:_identify(开发资源/assets/components/hands/linkerhand_o6/variants/right) by extensions ['cmake', 'python']
[0.133s] Level 1:colcon.colcon_core.package_identification:_identify(开发资源/assets/components/hands/linkerhand_o6/variants/right) by extension 'cmake'
[0.133s] Level 1:colcon.colcon_core.package_identification:_identify(开发资源/assets/components/hands/linkerhand_o6/variants/right) by extension 'python'
[0.133s] Level 1:colcon.colcon_core.package_identification:_identify(开发资源/assets/components/hands/linkerhand_o6/variants/right) by extensions ['python_setup_py']
[0.133s] Level 1:colcon.colcon_core.package_identification:_identify(开发资源/assets/components/hands/linkerhand_o6/variants/right) by extension 'python_setup_py'
[0.133s] Level 1:colcon.colcon_core.package_identification:_identify(开发资源/assets/components/hands/linkerhand_o6/variants/right/meshes) by extensions ['ignore', 'ignore_ament_install']
[0.133s] Level 1:colcon.colcon_core.package_identification:_identify(开发资源/assets/components/hands/linkerhand_o6/variants/right/meshes) by extension 'ignore'
[0.133s] Level 1:colcon.colcon_core.package_identification:_identify(开发资源/assets/components/hands/linkerhand_o6/variants/right/meshes) by extension 'ignore_ament_install'
[0.133s] Level 1:colcon.colcon_core.package_identification:_identify(开发资源/assets/components/hands/linkerhand_o6/variants/right/meshes) by extensions ['colcon_pkg']
[0.133s] Level 1:colcon.colcon_core.package_identification:_identify(开发资源/assets/components/hands/linkerhand_o6/variants/right/meshes) by extension 'colcon_pkg'
[0.133s] Level 1:colcon.colcon_core.package_identification:_identify(开发资源/assets/components/hands/linkerhand_o6/variants/right/meshes) by extensions ['colcon_meta']
[0.133s] Level 1:colcon.colcon_core.package_identification:_identify(开发资源/assets/components/hands/linkerhand_o6/variants/right/meshes) by extension 'colcon_meta'
[0.133s] Level 1:colcon.colcon_core.package_identification:_identify(开发资源/assets/components/hands/linkerhand_o6/variants/right/meshes) by extensions ['ros']
[0.133s] Level 1:colcon.colcon_core.package_identification:_identify(开发资源/assets/components/hands/linkerhand_o6/variants/right/meshes) by extension 'ros'
[0.133s] Level 1:colcon.colcon_core.package_identification:_identify(开发资源/assets/components/hands/linkerhand_o6/variants/right/meshes) by extensions ['cmake', 'python']
[0.133s] Level 1:colcon.colcon_core.package_identification:_identify(开发资源/assets/components/hands/linkerhand_o6/variants/right/meshes) by extension 'cmake'
[0.133s] Level 1:colcon.colcon_core.package_identification:_identify(开发资源/assets/components/hands/linkerhand_o6/variants/right/meshes) by extension 'python'
[0.133s] Level 1:colcon.colcon_core.package_identification:_identify(开发资源/assets/components/hands/linkerhand_o6/variants/right/meshes) by extensions ['python_setup_py']
[0.133s] Level 1:colcon.colcon_core.package_identification:_identify(开发资源/assets/components/hands/linkerhand_o6/variants/right/meshes) by extension 'python_setup_py'
[0.133s] Level 1:colcon.colcon_core.package_identification:_identify(开发资源/assets/workstations) by extensions ['ignore', 'ignore_ament_install']
[0.133s] Level 1:colcon.colcon_core.package_identification:_identify(开发资源/assets/workstations) by extension 'ignore'
[0.133s] Level 1:colcon.colcon_core.package_identification:_identify(开发资源/assets/workstations) by extension 'ignore_ament_install'
[0.133s] Level 1:colcon.colcon_core.package_identification:_identify(开发资源/assets/workstations) by extensions ['colcon_pkg']
[0.133s] Level 1:colcon.colcon_core.package_identification:_identify(开发资源/assets/workstations) by extension 'colcon_pkg'
[0.133s] Level 1:colcon.colcon_core.package_identification:_identify(开发资源/assets/workstations) by extensions ['colcon_meta']
[0.133s] Level 1:colcon.colcon_core.package_identification:_identify(开发资源/assets/workstations) by extension 'colcon_meta'
[0.133s] Level 1:colcon.colcon_core.package_identification:_identify(开发资源/assets/workstations) by extensions ['ros']
[0.133s] Level 1:colcon.colcon_core.package_identification:_identify(开发资源/assets/workstations) by extension 'ros'
[0.133s] Level 1:colcon.colcon_core.package_identification:_identify(开发资源/assets/workstations) by extensions ['cmake', 'python']
[0.133s] Level 1:colcon.colcon_core.package_identification:_identify(开发资源/assets/workstations) by extension 'cmake'
[0.133s] Level 1:colcon.colcon_core.package_identification:_identify(开发资源/assets/workstations) by extension 'python'
[0.134s] Level 1:colcon.colcon_core.package_identification:_identify(开发资源/assets/workstations) by extensions ['python_setup_py']
[0.134s] Level 1:colcon.colcon_core.package_identification:_identify(开发资源/assets/workstations) by extension 'python_setup_py'
[0.134s] Level 1:colcon.colcon_core.package_identification:_identify(开发资源/assets/workstations/lkls73_i1_o6_bimanual) by extensions ['ignore', 'ignore_ament_install']
[0.134s] Level 1:colcon.colcon_core.package_identification:_identify(开发资源/assets/workstations/lkls73_i1_o6_bimanual) by extension 'ignore'
[0.134s] Level 1:colcon.colcon_core.package_identification:_identify(开发资源/assets/workstations/lkls73_i1_o6_bimanual) by extension 'ignore_ament_install'
[0.134s] Level 1:colcon.colcon_core.package_identification:_identify(开发资源/assets/workstations/lkls73_i1_o6_bimanual) by extensions ['colcon_pkg']
[0.134s] Level 1:colcon.colcon_core.package_identification:_identify(开发资源/assets/workstations/lkls73_i1_o6_bimanual) by extension 'colcon_pkg'
[0.134s] Level 1:colcon.colcon_core.package_identification:_identify(开发资源/assets/workstations/lkls73_i1_o6_bimanual) by extensions ['colcon_meta']
[0.134s] Level 1:colcon.colcon_core.package_identification:_identify(开发资源/assets/workstations/lkls73_i1_o6_bimanual) by extension 'colcon_meta'
[0.134s] Level 1:colcon.colcon_core.package_identification:_identify(开发资源/assets/workstations/lkls73_i1_o6_bimanual) by extensions ['ros']
[0.134s] Level 1:colcon.colcon_core.package_identification:_identify(开发资源/assets/workstations/lkls73_i1_o6_bimanual) by extension 'ros'
[0.134s] Level 1:colcon.colcon_core.package_identification:_identify(开发资源/assets/workstations/lkls73_i1_o6_bimanual) by extensions ['cmake', 'python']
[0.134s] Level 1:colcon.colcon_core.package_identification:_identify(开发资源/assets/workstations/lkls73_i1_o6_bimanual) by extension 'cmake'
[0.134s] Level 1:colcon.colcon_core.package_identification:_identify(开发资源/assets/workstations/lkls73_i1_o6_bimanual) by extension 'python'
[0.134s] Level 1:colcon.colcon_core.package_identification:_identify(开发资源/assets/workstations/lkls73_i1_o6_bimanual) by extensions ['python_setup_py']
[0.134s] Level 1:colcon.colcon_core.package_identification:_identify(开发资源/assets/workstations/lkls73_i1_o6_bimanual) by extension 'python_setup_py'
[0.134s] Level 1:colcon.colcon_core.package_discovery:discover_packages(recursive) using defaults
[0.134s] Level 1:colcon.colcon_core.package_discovery:discover_packages(ignore) discover
[0.134s] Level 1:colcon.colcon_core.package_discovery:discover_packages(ignore) using defaults
[0.134s] Level 1:colcon.colcon_core.package_discovery:discover_packages(path) discover
[0.134s] Level 1:colcon.colcon_core.package_discovery:discover_packages(path) using defaults
[0.142s] Level 1:colcon.colcon_core.package_discovery:discover_packages(prefix_path) check parameters
[0.142s] Level 1:colcon.colcon_core.package_discovery:discover_packages(prefix_path) discover
[0.143s] DEBUG:colcon.colcon_installed_package_information.package_discovery:Found 287 installed packages in /opt/ros/jazzy
[0.144s] Level 1:colcon.colcon_core.package_discovery:discover_packages(prefix_path) using defaults
[0.159s] Level 5:colcon.colcon_core.verb:set package 'lbot_arm_interfaces' build argument 'cmake_args' from command line to 'None'
[0.159s] Level 5:colcon.colcon_core.verb:set package 'lbot_arm_interfaces' build argument 'cmake_target' from command line to 'None'
[0.159s] Level 5:colcon.colcon_core.verb:set package 'lbot_arm_interfaces' build argument 'cmake_target_skip_unavailable' from command line to 'False'
[0.159s] Level 5:colcon.colcon_core.verb:set package 'lbot_arm_interfaces' build argument 'cmake_clean_cache' from command line to 'False'
[0.159s] Level 5:colcon.colcon_core.verb:set package 'lbot_arm_interfaces' build argument 'cmake_clean_first' from command line to 'False'
[0.159s] Level 5:colcon.colcon_core.verb:set package 'lbot_arm_interfaces' build argument 'cmake_force_configure' from command line to 'False'
[0.159s] Level 5:colcon.colcon_core.verb:set package 'lbot_arm_interfaces' build argument 'ament_cmake_args' from command line to 'None'
[0.159s] Level 5:colcon.colcon_core.verb:set package 'lbot_arm_interfaces' build argument 'catkin_cmake_args' from command line to 'None'
[0.159s] Level 5:colcon.colcon_core.verb:set package 'lbot_arm_interfaces' build argument 'catkin_skip_building_tests' from command line to 'False'
[0.159s] DEBUG:colcon.colcon_core.verb:Building package 'lbot_arm_interfaces' with the following arguments: {'ament_cmake_args': None, 'build_base': '/home/lzy/lbot_ws/build/lbot_arm_interfaces', 'catkin_cmake_args': None, 'catkin_skip_building_tests': False, 'cmake_args': None, 'cmake_clean_cache': False, 'cmake_clean_first': False, 'cmake_force_configure': False, 'cmake_target': None, 'cmake_target_skip_unavailable': False, 'install_base': '/home/lzy/lbot_ws/install/lbot_arm_interfaces', 'merge_install': False, 'path': '/home/lzy/lbot_ws/src/lbot_arm_interfaces', 'symlink_install': False, 'test_result_base': None}
[0.159s] Level 5:colcon.colcon_core.verb:set package 'lbot_demo' build argument 'cmake_args' from command line to 'None'
[0.159s] Level 5:colcon.colcon_core.verb:set package 'lbot_demo' build argument 'cmake_target' from command line to 'None'
[0.159s] Level 5:colcon.colcon_core.verb:set package 'lbot_demo' build argument 'cmake_target_skip_unavailable' from command line to 'False'
[0.159s] Level 5:colcon.colcon_core.verb:set package 'lbot_demo' build argument 'cmake_clean_cache' from command line to 'False'
[0.159s] Level 5:colcon.colcon_core.verb:set package 'lbot_demo' build argument 'cmake_clean_first' from command line to 'False'
[0.159s] Level 5:colcon.colcon_core.verb:set package 'lbot_demo' build argument 'cmake_force_configure' from command line to 'False'
[0.159s] Level 5:colcon.colcon_core.verb:set package 'lbot_demo' build argument 'ament_cmake_args' from command line to 'None'
[0.159s] Level 5:colcon.colcon_core.verb:set package 'lbot_demo' build argument 'catkin_cmake_args' from command line to 'None'
[0.159s] Level 5:colcon.colcon_core.verb:set package 'lbot_demo' build argument 'catkin_skip_building_tests' from command line to 'False'
[0.159s] DEBUG:colcon.colcon_core.verb:Building package 'lbot_demo' with the following arguments: {'ament_cmake_args': None, 'build_base': '/home/lzy/lbot_ws/build/lbot_demo', 'catkin_cmake_args': None, 'catkin_skip_building_tests': False, 'cmake_args': None, 'cmake_clean_cache': False, 'cmake_clean_first': False, 'cmake_force_configure': False, 'cmake_target': None, 'cmake_target_skip_unavailable': False, 'install_base': '/home/lzy/lbot_ws/install/lbot_demo', 'merge_install': False, 'path': '/home/lzy/lbot_ws/src/lbot_demo', 'symlink_install': False, 'test_result_base': None}
[0.160s] Level 5:colcon.colcon_core.verb:set package 'lbot_driver' build argument 'cmake_args' from command line to 'None'
[0.160s] Level 5:colcon.colcon_core.verb:set package 'lbot_driver' build argument 'cmake_target' from command line to 'None'
[0.160s] Level 5:colcon.colcon_core.verb:set package 'lbot_driver' build argument 'cmake_target_skip_unavailable' from command line to 'False'
[0.160s] Level 5:colcon.colcon_core.verb:set package 'lbot_driver' build argument 'cmake_clean_cache' from command line to 'False'
[0.160s] Level 5:colcon.colcon_core.verb:set package 'lbot_driver' build argument 'cmake_clean_first' from command line to 'False'
[0.160s] Level 5:colcon.colcon_core.verb:set package 'lbot_driver' build argument 'cmake_force_configure' from command line to 'False'
[0.160s] Level 5:colcon.colcon_core.verb:set package 'lbot_driver' build argument 'ament_cmake_args' from command line to 'None'
[0.160s] Level 5:colcon.colcon_core.verb:set package 'lbot_driver' build argument 'catkin_cmake_args' from command line to 'None'
[0.160s] Level 5:colcon.colcon_core.verb:set package 'lbot_driver' build argument 'catkin_skip_building_tests' from command line to 'False'
[0.160s] DEBUG:colcon.colcon_core.verb:Building package 'lbot_driver' with the following arguments: {'ament_cmake_args': None, 'build_base': '/home/lzy/lbot_ws/build/lbot_driver', 'catkin_cmake_args': None, 'catkin_skip_building_tests': False, 'cmake_args': None, 'cmake_clean_cache': False, 'cmake_clean_first': False, 'cmake_force_configure': False, 'cmake_target': None, 'cmake_target_skip_unavailable': False, 'install_base': '/home/lzy/lbot_ws/install/lbot_driver', 'merge_install': False, 'path': '/home/lzy/lbot_ws/src/lbot_driver', 'symlink_install': False, 'test_result_base': None}
[0.160s] Level 5:colcon.colcon_core.verb:set package 'lbot_motion' build argument 'cmake_args' from command line to 'None'
[0.160s] Level 5:colcon.colcon_core.verb:set package 'lbot_motion' build argument 'cmake_target' from command line to 'None'
[0.160s] Level 5:colcon.colcon_core.verb:set package 'lbot_motion' build argument 'cmake_target_skip_unavailable' from command line to 'False'
[0.160s] Level 5:colcon.colcon_core.verb:set package 'lbot_motion' build argument 'cmake_clean_cache' from command line to 'False'
[0.160s] Level 5:colcon.colcon_core.verb:set package 'lbot_motion' build argument 'cmake_clean_first' from command line to 'False'
[0.160s] Level 5:colcon.colcon_core.verb:set package 'lbot_motion' build argument 'cmake_force_configure' from command line to 'False'
[0.160s] Level 5:colcon.colcon_core.verb:set package 'lbot_motion' build argument 'ament_cmake_args' from command line to 'None'
[0.160s] Level 5:colcon.colcon_core.verb:set package 'lbot_motion' build argument 'catkin_cmake_args' from command line to 'None'
[0.160s] Level 5:colcon.colcon_core.verb:set package 'lbot_motion' build argument 'catkin_skip_building_tests' from command line to 'False'
[0.160s] DEBUG:colcon.colcon_core.verb:Building package 'lbot_motion' with the following arguments: {'ament_cmake_args': None, 'build_base': '/home/lzy/lbot_ws/build/lbot_motion', 'catkin_cmake_args': None, 'catkin_skip_building_tests': False, 'cmake_args': None, 'cmake_clean_cache': False, 'cmake_clean_first': False, 'cmake_force_configure': False, 'cmake_target': None, 'cmake_target_skip_unavailable': False, 'install_base': '/home/lzy/lbot_ws/install/lbot_motion', 'merge_install': False, 'path': '/home/lzy/lbot_ws/src/lbot_motion', 'symlink_install': False, 'test_result_base': None}
[0.160s] Level 5:colcon.colcon_core.verb:set package 'lbot_teleop' build argument 'cmake_args' from command line to 'None'
[0.160s] Level 5:colcon.colcon_core.verb:set package 'lbot_teleop' build argument 'cmake_target' from command line to 'None'
[0.160s] Level 5:colcon.colcon_core.verb:set package 'lbot_teleop' build argument 'cmake_target_skip_unavailable' from command line to 'False'
[0.160s] Level 5:colcon.colcon_core.verb:set package 'lbot_teleop' build argument 'cmake_clean_cache' from command line to 'False'
[0.160s] Level 5:colcon.colcon_core.verb:set package 'lbot_teleop' build argument 'cmake_clean_first' from command line to 'False'
[0.160s] Level 5:colcon.colcon_core.verb:set package 'lbot_teleop' build argument 'cmake_force_configure' from command line to 'False'
[0.160s] Level 5:colcon.colcon_core.verb:set package 'lbot_teleop' build argument 'ament_cmake_args' from command line to 'None'
[0.160s] Level 5:colcon.colcon_core.verb:set package 'lbot_teleop' build argument 'catkin_cmake_args' from command line to 'None'
[0.160s] Level 5:colcon.colcon_core.verb:set package 'lbot_teleop' build argument 'catkin_skip_building_tests' from command line to 'False'
[0.160s] DEBUG:colcon.colcon_core.verb:Building package 'lbot_teleop' with the following arguments: {'ament_cmake_args': None, 'build_base': '/home/lzy/lbot_ws/build/lbot_teleop', 'catkin_cmake_args': None, 'catkin_skip_building_tests': False, 'cmake_args': None, 'cmake_clean_cache': False, 'cmake_clean_first': False, 'cmake_force_configure': False, 'cmake_target': None, 'cmake_target_skip_unavailable': False, 'install_base': '/home/lzy/lbot_ws/install/lbot_teleop', 'merge_install': False, 'path': '/home/lzy/lbot_ws/src/lbot_teleop', 'symlink_install': False, 'test_result_base': None}
[0.160s] INFO:colcon.colcon_core.executor:Executing jobs using 'parallel' executor
[0.161s] DEBUG:colcon.colcon_parallel_executor.executor.parallel:run_until_complete
[0.161s] INFO:colcon.colcon_ros.task.ament_cmake.build:Building ROS package in '/home/lzy/lbot_ws/src/lbot_arm_interfaces' with build type 'ament_cmake'
[0.161s] INFO:colcon.colcon_cmake.task.cmake.build:Building CMake package in '/home/lzy/lbot_ws/src/lbot_arm_interfaces'
[0.162s] INFO:colcon.colcon_core.plugin_system:Skipping extension 'colcon_core.shell.bat': Not used on non-Windows systems
[0.162s] INFO:colcon.colcon_core.shell:Skip shell extension 'powershell' for command environment: Not usable outside of PowerShell
[0.162s] DEBUG:colcon.colcon_core.shell:Skip shell extension 'dsv' for command environment
[0.167s] DEBUG:colcon.colcon_core.event_handler.log_command:Invoking command in '/home/lzy/lbot_ws/build/lbot_arm_interfaces': CMAKE_PREFIX_PATH=${CMAKE_PREFIX_PATH}:/opt/ros/jazzy /usr/bin/cmake --build /home/lzy/lbot_ws/build/lbot_arm_interfaces -- -j24 -l24
[0.361s] DEBUG:colcon.colcon_core.event_handler.log_command:Invoked command in '/home/lzy/lbot_ws/build/lbot_arm_interfaces' returned '0': CMAKE_PREFIX_PATH=${CMAKE_PREFIX_PATH}:/opt/ros/jazzy /usr/bin/cmake --build /home/lzy/lbot_ws/build/lbot_arm_interfaces -- -j24 -l24
[0.367s] DEBUG:colcon.colcon_core.event_handler.log_command:Invoking command in '/home/lzy/lbot_ws/build/lbot_arm_interfaces': CMAKE_PREFIX_PATH=${CMAKE_PREFIX_PATH}:/opt/ros/jazzy /usr/bin/cmake --install /home/lzy/lbot_ws/build/lbot_arm_interfaces
[0.408s] Level 1:colcon.colcon_core.environment:create_environment_scripts_only(lbot_arm_interfaces)
[0.409s] DEBUG:colcon.colcon_core.event_handler.log_command:Invoked command in '/home/lzy/lbot_ws/build/lbot_arm_interfaces' returned '0': CMAKE_PREFIX_PATH=${CMAKE_PREFIX_PATH}:/opt/ros/jazzy /usr/bin/cmake --install /home/lzy/lbot_ws/build/lbot_arm_interfaces
[0.410s] Level 1:colcon.colcon_core.environment:checking '/home/lzy/lbot_ws/install/lbot_arm_interfaces' for CMake module files
[0.410s] Level 1:colcon.colcon_core.environment:checking '/home/lzy/lbot_ws/install/lbot_arm_interfaces' for CMake config files
[0.410s] Level 1:colcon.colcon_core.shell:create_environment_hook('lbot_arm_interfaces', 'cmake_prefix_path')
[0.410s] INFO:colcon.colcon_core.shell:Creating environment hook '/home/lzy/lbot_ws/install/lbot_arm_interfaces/share/lbot_arm_interfaces/hook/cmake_prefix_path.ps1'
[0.411s] INFO:colcon.colcon_core.shell:Creating environment descriptor '/home/lzy/lbot_ws/install/lbot_arm_interfaces/share/lbot_arm_interfaces/hook/cmake_prefix_path.dsv'
[0.411s] INFO:colcon.colcon_core.shell:Creating environment hook '/home/lzy/lbot_ws/install/lbot_arm_interfaces/share/lbot_arm_interfaces/hook/cmake_prefix_path.sh'
[0.411s] Level 1:colcon.colcon_core.environment:checking '/home/lzy/lbot_ws/install/lbot_arm_interfaces/lib'
[0.411s] Level 1:colcon.colcon_core.shell:create_environment_hook('lbot_arm_interfaces', 'ld_library_path_lib')
[0.411s] INFO:colcon.colcon_core.shell:Creating environment hook '/home/lzy/lbot_ws/install/lbot_arm_interfaces/share/lbot_arm_interfaces/hook/ld_library_path_lib.ps1'
[0.412s] INFO:colcon.colcon_core.shell:Creating environment descriptor '/home/lzy/lbot_ws/install/lbot_arm_interfaces/share/lbot_arm_interfaces/hook/ld_library_path_lib.dsv'
[0.412s] INFO:colcon.colcon_core.shell:Creating environment hook '/home/lzy/lbot_ws/install/lbot_arm_interfaces/share/lbot_arm_interfaces/hook/ld_library_path_lib.sh'
[0.412s] Level 1:colcon.colcon_core.environment:checking '/home/lzy/lbot_ws/install/lbot_arm_interfaces/bin'
[0.412s] Level 1:colcon.colcon_core.environment:checking '/home/lzy/lbot_ws/install/lbot_arm_interfaces/lib/pkgconfig/lbot_arm_interfaces.pc'
[0.412s] Level 1:colcon.colcon_core.environment:checking '/home/lzy/lbot_ws/install/lbot_arm_interfaces/lib/python3.12/site-packages'
[0.412s] Level 1:colcon.colcon_core.shell:create_environment_hook('lbot_arm_interfaces', 'pythonpath')
[0.412s] INFO:colcon.colcon_core.shell:Creating environment hook '/home/lzy/lbot_ws/install/lbot_arm_interfaces/share/lbot_arm_interfaces/hook/pythonpath.ps1'
[0.412s] INFO:colcon.colcon_core.shell:Creating environment descriptor '/home/lzy/lbot_ws/install/lbot_arm_interfaces/share/lbot_arm_interfaces/hook/pythonpath.dsv'
[0.412s] INFO:colcon.colcon_core.shell:Creating environment hook '/home/lzy/lbot_ws/install/lbot_arm_interfaces/share/lbot_arm_interfaces/hook/pythonpath.sh'
[0.413s] Level 1:colcon.colcon_core.environment:checking '/home/lzy/lbot_ws/install/lbot_arm_interfaces/bin'
[0.413s] INFO:colcon.colcon_core.shell:Creating package script '/home/lzy/lbot_ws/install/lbot_arm_interfaces/share/lbot_arm_interfaces/package.ps1'
[0.413s] INFO:colcon.colcon_core.shell:Creating package descriptor '/home/lzy/lbot_ws/install/lbot_arm_interfaces/share/lbot_arm_interfaces/package.dsv'
[0.413s] INFO:colcon.colcon_core.shell:Creating package script '/home/lzy/lbot_ws/install/lbot_arm_interfaces/share/lbot_arm_interfaces/package.sh'
[0.414s] INFO:colcon.colcon_core.shell:Creating package script '/home/lzy/lbot_ws/install/lbot_arm_interfaces/share/lbot_arm_interfaces/package.bash'
[0.414s] INFO:colcon.colcon_core.shell:Creating package script '/home/lzy/lbot_ws/install/lbot_arm_interfaces/share/lbot_arm_interfaces/package.zsh'
[0.414s] Level 1:colcon.colcon_core.environment:create_file_with_runtime_dependencies(/home/lzy/lbot_ws/install/lbot_arm_interfaces/share/colcon-core/packages/lbot_arm_interfaces)
[0.414s] Level 1:colcon.colcon_core.environment:create_environment_scripts_only(lbot_arm_interfaces)
[0.414s] Level 1:colcon.colcon_core.environment:checking '/home/lzy/lbot_ws/install/lbot_arm_interfaces' for CMake module files
[0.415s] Level 1:colcon.colcon_core.environment:checking '/home/lzy/lbot_ws/install/lbot_arm_interfaces' for CMake config files
[0.415s] Level 1:colcon.colcon_core.shell:create_environment_hook('lbot_arm_interfaces', 'cmake_prefix_path')
[0.415s] INFO:colcon.colcon_core.shell:Creating environment hook '/home/lzy/lbot_ws/install/lbot_arm_interfaces/share/lbot_arm_interfaces/hook/cmake_prefix_path.ps1'
[0.415s] INFO:colcon.colcon_core.shell:Creating environment descriptor '/home/lzy/lbot_ws/install/lbot_arm_interfaces/share/lbot_arm_interfaces/hook/cmake_prefix_path.dsv'
[0.415s] INFO:colcon.colcon_core.shell:Creating environment hook '/home/lzy/lbot_ws/install/lbot_arm_interfaces/share/lbot_arm_interfaces/hook/cmake_prefix_path.sh'
[0.415s] Level 1:colcon.colcon_core.environment:checking '/home/lzy/lbot_ws/install/lbot_arm_interfaces/lib'
[0.416s] Level 1:colcon.colcon_core.shell:create_environment_hook('lbot_arm_interfaces', 'ld_library_path_lib')
[0.416s] INFO:colcon.colcon_core.shell:Creating environment hook '/home/lzy/lbot_ws/install/lbot_arm_interfaces/share/lbot_arm_interfaces/hook/ld_library_path_lib.ps1'
[0.416s] INFO:colcon.colcon_core.shell:Creating environment descriptor '/home/lzy/lbot_ws/install/lbot_arm_interfaces/share/lbot_arm_interfaces/hook/ld_library_path_lib.dsv'
[0.416s] INFO:colcon.colcon_core.shell:Creating environment hook '/home/lzy/lbot_ws/install/lbot_arm_interfaces/share/lbot_arm_interfaces/hook/ld_library_path_lib.sh'
[0.416s] Level 1:colcon.colcon_core.environment:checking '/home/lzy/lbot_ws/install/lbot_arm_interfaces/bin'
[0.416s] Level 1:colcon.colcon_core.environment:checking '/home/lzy/lbot_ws/install/lbot_arm_interfaces/lib/pkgconfig/lbot_arm_interfaces.pc'
[0.416s] Level 1:colcon.colcon_core.environment:checking '/home/lzy/lbot_ws/install/lbot_arm_interfaces/lib/python3.12/site-packages'
[0.416s] Level 1:colcon.colcon_core.shell:create_environment_hook('lbot_arm_interfaces', 'pythonpath')
[0.416s] INFO:colcon.colcon_core.shell:Creating environment hook '/home/lzy/lbot_ws/install/lbot_arm_interfaces/share/lbot_arm_interfaces/hook/pythonpath.ps1'
[0.416s] INFO:colcon.colcon_core.shell:Creating environment descriptor '/home/lzy/lbot_ws/install/lbot_arm_interfaces/share/lbot_arm_interfaces/hook/pythonpath.dsv'
[0.417s] INFO:colcon.colcon_core.shell:Creating environment hook '/home/lzy/lbot_ws/install/lbot_arm_interfaces/share/lbot_arm_interfaces/hook/pythonpath.sh'
[0.417s] Level 1:colcon.colcon_core.environment:checking '/home/lzy/lbot_ws/install/lbot_arm_interfaces/bin'
[0.417s] INFO:colcon.colcon_core.shell:Creating package script '/home/lzy/lbot_ws/install/lbot_arm_interfaces/share/lbot_arm_interfaces/package.ps1'
[0.417s] INFO:colcon.colcon_core.shell:Creating package descriptor '/home/lzy/lbot_ws/install/lbot_arm_interfaces/share/lbot_arm_interfaces/package.dsv'
[0.417s] INFO:colcon.colcon_core.shell:Creating package script '/home/lzy/lbot_ws/install/lbot_arm_interfaces/share/lbot_arm_interfaces/package.sh'
[0.418s] INFO:colcon.colcon_core.shell:Creating package script '/home/lzy/lbot_ws/install/lbot_arm_interfaces/share/lbot_arm_interfaces/package.bash'
[0.418s] INFO:colcon.colcon_core.shell:Creating package script '/home/lzy/lbot_ws/install/lbot_arm_interfaces/share/lbot_arm_interfaces/package.zsh'
[0.418s] Level 1:colcon.colcon_core.environment:create_file_with_runtime_dependencies(/home/lzy/lbot_ws/install/lbot_arm_interfaces/share/colcon-core/packages/lbot_arm_interfaces)
[0.418s] INFO:colcon.colcon_ros.task.ament_cmake.build:Building ROS package in '/home/lzy/lbot_ws/src/lbot_demo' with build type 'ament_cmake'
[0.418s] INFO:colcon.colcon_cmake.task.cmake.build:Building CMake package in '/home/lzy/lbot_ws/src/lbot_demo'
[0.418s] INFO:colcon.colcon_core.shell:Skip shell extension 'powershell' for command environment: Not usable outside of PowerShell
[0.418s] DEBUG:colcon.colcon_core.shell:Skip shell extension 'dsv' for command environment
[0.419s] INFO:colcon.colcon_ros.task.ament_cmake.build:Building ROS package in '/home/lzy/lbot_ws/src/lbot_driver' with build type 'ament_cmake'
[0.420s] INFO:colcon.colcon_cmake.task.cmake.build:Building CMake package in '/home/lzy/lbot_ws/src/lbot_driver'
[0.420s] INFO:colcon.colcon_core.shell:Skip shell extension 'powershell' for command environment: Not usable outside of PowerShell
[0.420s] DEBUG:colcon.colcon_core.shell:Skip shell extension 'dsv' for command environment
[0.421s] INFO:colcon.colcon_ros.task.ament_cmake.build:Building ROS package in '/home/lzy/lbot_ws/src/lbot_motion' with build type 'ament_cmake'
[0.421s] INFO:colcon.colcon_cmake.task.cmake.build:Building CMake package in '/home/lzy/lbot_ws/src/lbot_motion'
[0.421s] INFO:colcon.colcon_core.shell:Skip shell extension 'powershell' for command environment: Not usable outside of PowerShell
[0.421s] DEBUG:colcon.colcon_core.shell:Skip shell extension 'dsv' for command environment
[0.422s] INFO:colcon.colcon_ros.task.ament_cmake.build:Building ROS package in '/home/lzy/lbot_ws/src/lbot_teleop' with build type 'ament_cmake'
[0.422s] INFO:colcon.colcon_cmake.task.cmake.build:Building CMake package in '/home/lzy/lbot_ws/src/lbot_teleop'
[0.422s] INFO:colcon.colcon_core.shell:Skip shell extension 'powershell' for command environment: Not usable outside of PowerShell
[0.422s] DEBUG:colcon.colcon_core.shell:Skip shell extension 'dsv' for command environment
[0.462s] DEBUG:colcon.colcon_core.event_handler.log_command:Invoking command in '/home/lzy/lbot_ws/build/lbot_driver': AMENT_PREFIX_PATH=/home/lzy/lbot_ws/install/lbot_arm_interfaces:${AMENT_PREFIX_PATH} CMAKE_PREFIX_PATH=/home/lzy/lbot_ws/install/lbot_arm_interfaces:/opt/ros/jazzy/opt/gz_math_vendor:/opt/ros/jazzy/opt/gz_utils_vendor:/opt/ros/jazzy/opt/gz_cmake_vendor:/opt/ros/jazzy LD_LIBRARY_PATH=/home/lzy/lbot_ws/install/lbot_arm_interfaces/lib:${LD_LIBRARY_PATH} PYTHONPATH=/home/lzy/lbot_ws/install/lbot_arm_interfaces/lib/python3.12/site-packages:${PYTHONPATH} /usr/bin/cmake --build /home/lzy/lbot_ws/build/lbot_driver -- -j24 -l24
[0.463s] DEBUG:colcon.colcon_core.event_handler.log_command:Invoking command in '/home/lzy/lbot_ws/build/lbot_demo': AMENT_PREFIX_PATH=/home/lzy/lbot_ws/install/lbot_arm_interfaces:${AMENT_PREFIX_PATH} CMAKE_PREFIX_PATH=/home/lzy/lbot_ws/install/lbot_arm_interfaces:/opt/ros/jazzy/opt/gz_math_vendor:/opt/ros/jazzy/opt/gz_utils_vendor:/opt/ros/jazzy/opt/gz_cmake_vendor:/opt/ros/jazzy LD_LIBRARY_PATH=/home/lzy/lbot_ws/install/lbot_arm_interfaces/lib:${LD_LIBRARY_PATH} PYTHONPATH=/home/lzy/lbot_ws/install/lbot_arm_interfaces/lib/python3.12/site-packages:${PYTHONPATH} /usr/bin/cmake --build /home/lzy/lbot_ws/build/lbot_demo -- -j24 -l24
[0.468s] DEBUG:colcon.colcon_core.event_handler.log_command:Invoking command in '/home/lzy/lbot_ws/build/lbot_motion': AMENT_PREFIX_PATH=/home/lzy/lbot_ws/install/lbot_arm_interfaces:${AMENT_PREFIX_PATH} CMAKE_PREFIX_PATH=/home/lzy/lbot_ws/install/lbot_arm_interfaces:/opt/ros/jazzy/opt/gz_math_vendor:/opt/ros/jazzy/opt/gz_utils_vendor:/opt/ros/jazzy/opt/gz_cmake_vendor:/opt/ros/jazzy LD_LIBRARY_PATH=/home/lzy/lbot_ws/install/lbot_arm_interfaces/lib:${LD_LIBRARY_PATH} PYTHONPATH=/home/lzy/lbot_ws/install/lbot_arm_interfaces/lib/python3.12/site-packages:${PYTHONPATH} /usr/bin/cmake --build /home/lzy/lbot_ws/build/lbot_motion -- -j24 -l24
[0.476s] DEBUG:colcon.colcon_core.event_handler.log_command:Invoking command in '/home/lzy/lbot_ws/build/lbot_teleop': AMENT_PREFIX_PATH=/home/lzy/lbot_ws/install/lbot_arm_interfaces:${AMENT_PREFIX_PATH} CMAKE_PREFIX_PATH=/home/lzy/lbot_ws/install/lbot_arm_interfaces:/opt/ros/jazzy/opt/gz_math_vendor:/opt/ros/jazzy/opt/gz_utils_vendor:/opt/ros/jazzy/opt/gz_cmake_vendor:/opt/ros/jazzy LD_LIBRARY_PATH=/home/lzy/lbot_ws/install/lbot_arm_interfaces/lib:${LD_LIBRARY_PATH} PYTHONPATH=/home/lzy/lbot_ws/install/lbot_arm_interfaces/lib/python3.12/site-packages:${PYTHONPATH} /usr/bin/cmake --build /home/lzy/lbot_ws/build/lbot_teleop -- -j24 -l24
[0.509s] DEBUG:colcon.colcon_core.event_handler.log_command:Invoked command in '/home/lzy/lbot_ws/build/lbot_driver' returned '0': AMENT_PREFIX_PATH=/home/lzy/lbot_ws/install/lbot_arm_interfaces:${AMENT_PREFIX_PATH} CMAKE_PREFIX_PATH=/home/lzy/lbot_ws/install/lbot_arm_interfaces:/opt/ros/jazzy/opt/gz_math_vendor:/opt/ros/jazzy/opt/gz_utils_vendor:/opt/ros/jazzy/opt/gz_cmake_vendor:/opt/ros/jazzy LD_LIBRARY_PATH=/home/lzy/lbot_ws/install/lbot_arm_interfaces/lib:${LD_LIBRARY_PATH} PYTHONPATH=/home/lzy/lbot_ws/install/lbot_arm_interfaces/lib/python3.12/site-packages:${PYTHONPATH} /usr/bin/cmake --build /home/lzy/lbot_ws/build/lbot_driver -- -j24 -l24
[0.510s] DEBUG:colcon.colcon_core.event_handler.log_command:Invoking command in '/home/lzy/lbot_ws/build/lbot_driver': AMENT_PREFIX_PATH=/home/lzy/lbot_ws/install/lbot_arm_interfaces:${AMENT_PREFIX_PATH} CMAKE_PREFIX_PATH=/home/lzy/lbot_ws/install/lbot_arm_interfaces:/opt/ros/jazzy/opt/gz_math_vendor:/opt/ros/jazzy/opt/gz_utils_vendor:/opt/ros/jazzy/opt/gz_cmake_vendor:/opt/ros/jazzy LD_LIBRARY_PATH=/home/lzy/lbot_ws/install/lbot_arm_interfaces/lib:${LD_LIBRARY_PATH} PYTHONPATH=/home/lzy/lbot_ws/install/lbot_arm_interfaces/lib/python3.12/site-packages:${PYTHONPATH} /usr/bin/cmake --install /home/lzy/lbot_ws/build/lbot_driver
[0.511s] DEBUG:colcon.colcon_core.event_handler.log_command:Invoked command in '/home/lzy/lbot_ws/build/lbot_demo' returned '0': AMENT_PREFIX_PATH=/home/lzy/lbot_ws/install/lbot_arm_interfaces:${AMENT_PREFIX_PATH} CMAKE_PREFIX_PATH=/home/lzy/lbot_ws/install/lbot_arm_interfaces:/opt/ros/jazzy/opt/gz_math_vendor:/opt/ros/jazzy/opt/gz_utils_vendor:/opt/ros/jazzy/opt/gz_cmake_vendor:/opt/ros/jazzy LD_LIBRARY_PATH=/home/lzy/lbot_ws/install/lbot_arm_interfaces/lib:${LD_LIBRARY_PATH} PYTHONPATH=/home/lzy/lbot_ws/install/lbot_arm_interfaces/lib/python3.12/site-packages:${PYTHONPATH} /usr/bin/cmake --build /home/lzy/lbot_ws/build/lbot_demo -- -j24 -l24
[0.512s] DEBUG:colcon.colcon_core.event_handler.log_command:Invoking command in '/home/lzy/lbot_ws/build/lbot_demo': AMENT_PREFIX_PATH=/home/lzy/lbot_ws/install/lbot_arm_interfaces:${AMENT_PREFIX_PATH} CMAKE_PREFIX_PATH=/home/lzy/lbot_ws/install/lbot_arm_interfaces:/opt/ros/jazzy/opt/gz_math_vendor:/opt/ros/jazzy/opt/gz_utils_vendor:/opt/ros/jazzy/opt/gz_cmake_vendor:/opt/ros/jazzy LD_LIBRARY_PATH=/home/lzy/lbot_ws/install/lbot_arm_interfaces/lib:${LD_LIBRARY_PATH} PYTHONPATH=/home/lzy/lbot_ws/install/lbot_arm_interfaces/lib/python3.12/site-packages:${PYTHONPATH} /usr/bin/cmake --install /home/lzy/lbot_ws/build/lbot_demo
[0.516s] Level 1:colcon.colcon_core.environment:create_environment_scripts_only(lbot_driver)
[0.516s] Level 1:colcon.colcon_core.environment:checking '/home/lzy/lbot_ws/install/lbot_driver' for CMake module files
[0.517s] DEBUG:colcon.colcon_core.event_handler.log_command:Invoked command in '/home/lzy/lbot_ws/build/lbot_driver' returned '0': AMENT_PREFIX_PATH=/home/lzy/lbot_ws/install/lbot_arm_interfaces:${AMENT_PREFIX_PATH} CMAKE_PREFIX_PATH=/home/lzy/lbot_ws/install/lbot_arm_interfaces:/opt/ros/jazzy/opt/gz_math_vendor:/opt/ros/jazzy/opt/gz_utils_vendor:/opt/ros/jazzy/opt/gz_cmake_vendor:/opt/ros/jazzy LD_LIBRARY_PATH=/home/lzy/lbot_ws/install/lbot_arm_interfaces/lib:${LD_LIBRARY_PATH} PYTHONPATH=/home/lzy/lbot_ws/install/lbot_arm_interfaces/lib/python3.12/site-packages:${PYTHONPATH} /usr/bin/cmake --install /home/lzy/lbot_ws/build/lbot_driver
[0.517s] Level 1:colcon.colcon_core.environment:checking '/home/lzy/lbot_ws/install/lbot_driver' for CMake config files
[0.517s] Level 1:colcon.colcon_core.shell:create_environment_hook('lbot_driver', 'cmake_prefix_path')
[0.517s] INFO:colcon.colcon_core.shell:Creating environment hook '/home/lzy/lbot_ws/install/lbot_driver/share/lbot_driver/hook/cmake_prefix_path.ps1'
[0.518s] INFO:colcon.colcon_core.shell:Creating environment descriptor '/home/lzy/lbot_ws/install/lbot_driver/share/lbot_driver/hook/cmake_prefix_path.dsv'
[0.518s] INFO:colcon.colcon_core.shell:Creating environment hook '/home/lzy/lbot_ws/install/lbot_driver/share/lbot_driver/hook/cmake_prefix_path.sh'
[0.518s] Level 1:colcon.colcon_core.environment:checking '/home/lzy/lbot_ws/install/lbot_driver/lib'
[0.518s] Level 1:colcon.colcon_core.shell:create_environment_hook('lbot_driver', 'ld_library_path_lib')
[0.518s] INFO:colcon.colcon_core.shell:Creating environment hook '/home/lzy/lbot_ws/install/lbot_driver/share/lbot_driver/hook/ld_library_path_lib.ps1'
[0.518s] INFO:colcon.colcon_core.shell:Creating environment descriptor '/home/lzy/lbot_ws/install/lbot_driver/share/lbot_driver/hook/ld_library_path_lib.dsv'
[0.518s] INFO:colcon.colcon_core.shell:Creating environment hook '/home/lzy/lbot_ws/install/lbot_driver/share/lbot_driver/hook/ld_library_path_lib.sh'
[0.519s] Level 1:colcon.colcon_core.environment:checking '/home/lzy/lbot_ws/install/lbot_driver/bin'
[0.519s] Level 1:colcon.colcon_core.environment:checking '/home/lzy/lbot_ws/install/lbot_driver/lib/pkgconfig/lbot_driver.pc'
[0.519s] Level 1:colcon.colcon_core.environment:checking '/home/lzy/lbot_ws/install/lbot_driver/lib/python3.12/site-packages'
[0.519s] Level 1:colcon.colcon_core.environment:checking '/home/lzy/lbot_ws/install/lbot_driver/bin'
[0.519s] INFO:colcon.colcon_core.shell:Creating package script '/home/lzy/lbot_ws/install/lbot_driver/share/lbot_driver/package.ps1'
[0.519s] INFO:colcon.colcon_core.shell:Creating package descriptor '/home/lzy/lbot_ws/install/lbot_driver/share/lbot_driver/package.dsv'
[0.519s] INFO:colcon.colcon_core.shell:Creating package script '/home/lzy/lbot_ws/install/lbot_driver/share/lbot_driver/package.sh'
[0.520s] INFO:colcon.colcon_core.shell:Creating package script '/home/lzy/lbot_ws/install/lbot_driver/share/lbot_driver/package.bash'
[0.520s] INFO:colcon.colcon_core.shell:Creating package script '/home/lzy/lbot_ws/install/lbot_driver/share/lbot_driver/package.zsh'
[0.520s] Level 1:colcon.colcon_core.environment:create_file_with_runtime_dependencies(/home/lzy/lbot_ws/install/lbot_driver/share/colcon-core/packages/lbot_driver)
[0.520s] Level 1:colcon.colcon_core.environment:create_environment_scripts_only(lbot_driver)
[0.520s] Level 1:colcon.colcon_core.environment:checking '/home/lzy/lbot_ws/install/lbot_driver' for CMake module files
[0.520s] Level 1:colcon.colcon_core.environment:checking '/home/lzy/lbot_ws/install/lbot_driver' for CMake config files
[0.521s] Level 1:colcon.colcon_core.shell:create_environment_hook('lbot_driver', 'cmake_prefix_path')
[0.521s] INFO:colcon.colcon_core.shell:Creating environment hook '/home/lzy/lbot_ws/install/lbot_driver/share/lbot_driver/hook/cmake_prefix_path.ps1'
[0.521s] INFO:colcon.colcon_core.shell:Creating environment descriptor '/home/lzy/lbot_ws/install/lbot_driver/share/lbot_driver/hook/cmake_prefix_path.dsv'
[0.521s] INFO:colcon.colcon_core.shell:Creating environment hook '/home/lzy/lbot_ws/install/lbot_driver/share/lbot_driver/hook/cmake_prefix_path.sh'
[0.521s] Level 1:colcon.colcon_core.environment:checking '/home/lzy/lbot_ws/install/lbot_driver/lib'
[0.521s] Level 1:colcon.colcon_core.shell:create_environment_hook('lbot_driver', 'ld_library_path_lib')
[0.521s] INFO:colcon.colcon_core.shell:Creating environment hook '/home/lzy/lbot_ws/install/lbot_driver/share/lbot_driver/hook/ld_library_path_lib.ps1'
[0.521s] INFO:colcon.colcon_core.shell:Creating environment descriptor '/home/lzy/lbot_ws/install/lbot_driver/share/lbot_driver/hook/ld_library_path_lib.dsv'
[0.522s] INFO:colcon.colcon_core.shell:Creating environment hook '/home/lzy/lbot_ws/install/lbot_driver/share/lbot_driver/hook/ld_library_path_lib.sh'
[0.522s] Level 1:colcon.colcon_core.environment:checking '/home/lzy/lbot_ws/install/lbot_driver/bin'
[0.522s] Level 1:colcon.colcon_core.environment:checking '/home/lzy/lbot_ws/install/lbot_driver/lib/pkgconfig/lbot_driver.pc'
[0.522s] Level 1:colcon.colcon_core.environment:checking '/home/lzy/lbot_ws/install/lbot_driver/lib/python3.12/site-packages'
[0.522s] Level 1:colcon.colcon_core.environment:checking '/home/lzy/lbot_ws/install/lbot_driver/bin'
[0.522s] INFO:colcon.colcon_core.shell:Creating package script '/home/lzy/lbot_ws/install/lbot_driver/share/lbot_driver/package.ps1'
[0.522s] INFO:colcon.colcon_core.shell:Creating package descriptor '/home/lzy/lbot_ws/install/lbot_driver/share/lbot_driver/package.dsv'
[0.523s] INFO:colcon.colcon_core.shell:Creating package script '/home/lzy/lbot_ws/install/lbot_driver/share/lbot_driver/package.sh'
[0.523s] INFO:colcon.colcon_core.shell:Creating package script '/home/lzy/lbot_ws/install/lbot_driver/share/lbot_driver/package.bash'
[0.523s] INFO:colcon.colcon_core.shell:Creating package script '/home/lzy/lbot_ws/install/lbot_driver/share/lbot_driver/package.zsh'
[0.523s] Level 1:colcon.colcon_core.environment:create_file_with_runtime_dependencies(/home/lzy/lbot_ws/install/lbot_driver/share/colcon-core/packages/lbot_driver)
[0.525s] DEBUG:colcon.colcon_core.event_handler.log_command:Invoked command in '/home/lzy/lbot_ws/build/lbot_teleop' returned '0': AMENT_PREFIX_PATH=/home/lzy/lbot_ws/install/lbot_arm_interfaces:${AMENT_PREFIX_PATH} CMAKE_PREFIX_PATH=/home/lzy/lbot_ws/install/lbot_arm_interfaces:/opt/ros/jazzy/opt/gz_math_vendor:/opt/ros/jazzy/opt/gz_utils_vendor:/opt/ros/jazzy/opt/gz_cmake_vendor:/opt/ros/jazzy LD_LIBRARY_PATH=/home/lzy/lbot_ws/install/lbot_arm_interfaces/lib:${LD_LIBRARY_PATH} PYTHONPATH=/home/lzy/lbot_ws/install/lbot_arm_interfaces/lib/python3.12/site-packages:${PYTHONPATH} /usr/bin/cmake --build /home/lzy/lbot_ws/build/lbot_teleop -- -j24 -l24
[0.526s] DEBUG:colcon.colcon_core.event_handler.log_command:Invoking command in '/home/lzy/lbot_ws/build/lbot_teleop': AMENT_PREFIX_PATH=/home/lzy/lbot_ws/install/lbot_arm_interfaces:${AMENT_PREFIX_PATH} CMAKE_PREFIX_PATH=/home/lzy/lbot_ws/install/lbot_arm_interfaces:/opt/ros/jazzy/opt/gz_math_vendor:/opt/ros/jazzy/opt/gz_utils_vendor:/opt/ros/jazzy/opt/gz_cmake_vendor:/opt/ros/jazzy LD_LIBRARY_PATH=/home/lzy/lbot_ws/install/lbot_arm_interfaces/lib:${LD_LIBRARY_PATH} PYTHONPATH=/home/lzy/lbot_ws/install/lbot_arm_interfaces/lib/python3.12/site-packages:${PYTHONPATH} /usr/bin/cmake --install /home/lzy/lbot_ws/build/lbot_teleop
[0.527s] Level 1:colcon.colcon_core.environment:create_environment_scripts_only(lbot_demo)
[0.527s] Level 1:colcon.colcon_core.environment:checking '/home/lzy/lbot_ws/install/lbot_demo' for CMake module files
[0.527s] DEBUG:colcon.colcon_core.event_handler.log_command:Invoked command in '/home/lzy/lbot_ws/build/lbot_demo' returned '0': AMENT_PREFIX_PATH=/home/lzy/lbot_ws/install/lbot_arm_interfaces:${AMENT_PREFIX_PATH} CMAKE_PREFIX_PATH=/home/lzy/lbot_ws/install/lbot_arm_interfaces:/opt/ros/jazzy/opt/gz_math_vendor:/opt/ros/jazzy/opt/gz_utils_vendor:/opt/ros/jazzy/opt/gz_cmake_vendor:/opt/ros/jazzy LD_LIBRARY_PATH=/home/lzy/lbot_ws/install/lbot_arm_interfaces/lib:${LD_LIBRARY_PATH} PYTHONPATH=/home/lzy/lbot_ws/install/lbot_arm_interfaces/lib/python3.12/site-packages:${PYTHONPATH} /usr/bin/cmake --install /home/lzy/lbot_ws/build/lbot_demo
[0.527s] Level 1:colcon.colcon_core.environment:checking '/home/lzy/lbot_ws/install/lbot_demo' for CMake config files
[0.528s] Level 1:colcon.colcon_core.shell:create_environment_hook('lbot_demo', 'cmake_prefix_path')
[0.528s] INFO:colcon.colcon_core.shell:Creating environment hook '/home/lzy/lbot_ws/install/lbot_demo/share/lbot_demo/hook/cmake_prefix_path.ps1'
[0.528s] INFO:colcon.colcon_core.shell:Creating environment descriptor '/home/lzy/lbot_ws/install/lbot_demo/share/lbot_demo/hook/cmake_prefix_path.dsv'
[0.528s] INFO:colcon.colcon_core.shell:Creating environment hook '/home/lzy/lbot_ws/install/lbot_demo/share/lbot_demo/hook/cmake_prefix_path.sh'
[0.528s] Level 1:colcon.colcon_core.environment:checking '/home/lzy/lbot_ws/install/lbot_demo/lib'
[0.528s] Level 1:colcon.colcon_core.environment:checking '/home/lzy/lbot_ws/install/lbot_demo/bin'
[0.528s] Level 1:colcon.colcon_core.environment:checking '/home/lzy/lbot_ws/install/lbot_demo/lib/pkgconfig/lbot_demo.pc'
[0.528s] Level 1:colcon.colcon_core.environment:checking '/home/lzy/lbot_ws/install/lbot_demo/lib/python3.12/site-packages'
[0.529s] Level 1:colcon.colcon_core.environment:checking '/home/lzy/lbot_ws/install/lbot_demo/bin'
[0.529s] INFO:colcon.colcon_core.shell:Creating package script '/home/lzy/lbot_ws/install/lbot_demo/share/lbot_demo/package.ps1'
[0.529s] INFO:colcon.colcon_core.shell:Creating package descriptor '/home/lzy/lbot_ws/install/lbot_demo/share/lbot_demo/package.dsv'
[0.529s] INFO:colcon.colcon_core.shell:Creating package script '/home/lzy/lbot_ws/install/lbot_demo/share/lbot_demo/package.sh'
[0.529s] INFO:colcon.colcon_core.shell:Creating package script '/home/lzy/lbot_ws/install/lbot_demo/share/lbot_demo/package.bash'
[0.529s] INFO:colcon.colcon_core.shell:Creating package script '/home/lzy/lbot_ws/install/lbot_demo/share/lbot_demo/package.zsh'
[0.530s] Level 1:colcon.colcon_core.environment:create_file_with_runtime_dependencies(/home/lzy/lbot_ws/install/lbot_demo/share/colcon-core/packages/lbot_demo)
[0.530s] Level 1:colcon.colcon_core.environment:create_environment_scripts_only(lbot_demo)
[0.530s] Level 1:colcon.colcon_core.environment:checking '/home/lzy/lbot_ws/install/lbot_demo' for CMake module files
[0.530s] Level 1:colcon.colcon_core.environment:checking '/home/lzy/lbot_ws/install/lbot_demo' for CMake config files
[0.530s] Level 1:colcon.colcon_core.shell:create_environment_hook('lbot_demo', 'cmake_prefix_path')
[0.530s] INFO:colcon.colcon_core.shell:Creating environment hook '/home/lzy/lbot_ws/install/lbot_demo/share/lbot_demo/hook/cmake_prefix_path.ps1'
[0.530s] INFO:colcon.colcon_core.shell:Creating environment descriptor '/home/lzy/lbot_ws/install/lbot_demo/share/lbot_demo/hook/cmake_prefix_path.dsv'
[0.530s] INFO:colcon.colcon_core.shell:Creating environment hook '/home/lzy/lbot_ws/install/lbot_demo/share/lbot_demo/hook/cmake_prefix_path.sh'
[0.531s] Level 1:colcon.colcon_core.environment:checking '/home/lzy/lbot_ws/install/lbot_demo/lib'
[0.531s] Level 1:colcon.colcon_core.environment:checking '/home/lzy/lbot_ws/install/lbot_demo/bin'
[0.531s] Level 1:colcon.colcon_core.environment:checking '/home/lzy/lbot_ws/install/lbot_demo/lib/pkgconfig/lbot_demo.pc'
[0.531s] Level 1:colcon.colcon_core.environment:checking '/home/lzy/lbot_ws/install/lbot_demo/lib/python3.12/site-packages'
[0.531s] Level 1:colcon.colcon_core.environment:checking '/home/lzy/lbot_ws/install/lbot_demo/bin'
[0.531s] INFO:colcon.colcon_core.shell:Creating package script '/home/lzy/lbot_ws/install/lbot_demo/share/lbot_demo/package.ps1'
[0.531s] INFO:colcon.colcon_core.shell:Creating package descriptor '/home/lzy/lbot_ws/install/lbot_demo/share/lbot_demo/package.dsv'
[0.531s] INFO:colcon.colcon_core.shell:Creating package script '/home/lzy/lbot_ws/install/lbot_demo/share/lbot_demo/package.sh'
[0.531s] INFO:colcon.colcon_core.shell:Creating package script '/home/lzy/lbot_ws/install/lbot_demo/share/lbot_demo/package.bash'
[0.532s] INFO:colcon.colcon_core.shell:Creating package script '/home/lzy/lbot_ws/install/lbot_demo/share/lbot_demo/package.zsh'
[0.532s] Level 1:colcon.colcon_core.environment:create_file_with_runtime_dependencies(/home/lzy/lbot_ws/install/lbot_demo/share/colcon-core/packages/lbot_demo)
[0.532s] Level 1:colcon.colcon_core.environment:create_environment_scripts_only(lbot_teleop)
[0.532s] Level 1:colcon.colcon_core.environment:checking '/home/lzy/lbot_ws/install/lbot_teleop' for CMake module files
[0.533s] Level 1:colcon.colcon_core.environment:checking '/home/lzy/lbot_ws/install/lbot_teleop' for CMake config files
[0.533s] Level 1:colcon.colcon_core.shell:create_environment_hook('lbot_teleop', 'cmake_prefix_path')
[0.534s] INFO:colcon.colcon_core.shell:Creating environment hook '/home/lzy/lbot_ws/install/lbot_teleop/share/lbot_teleop/hook/cmake_prefix_path.ps1'
[0.534s] DEBUG:colcon.colcon_core.event_handler.log_command:Invoked command in '/home/lzy/lbot_ws/build/lbot_teleop' returned '0': AMENT_PREFIX_PATH=/home/lzy/lbot_ws/install/lbot_arm_interfaces:${AMENT_PREFIX_PATH} CMAKE_PREFIX_PATH=/home/lzy/lbot_ws/install/lbot_arm_interfaces:/opt/ros/jazzy/opt/gz_math_vendor:/opt/ros/jazzy/opt/gz_utils_vendor:/opt/ros/jazzy/opt/gz_cmake_vendor:/opt/ros/jazzy LD_LIBRARY_PATH=/home/lzy/lbot_ws/install/lbot_arm_interfaces/lib:${LD_LIBRARY_PATH} PYTHONPATH=/home/lzy/lbot_ws/install/lbot_arm_interfaces/lib/python3.12/site-packages:${PYTHONPATH} /usr/bin/cmake --install /home/lzy/lbot_ws/build/lbot_teleop
[0.534s] INFO:colcon.colcon_core.shell:Creating environment descriptor '/home/lzy/lbot_ws/install/lbot_teleop/share/lbot_teleop/hook/cmake_prefix_path.dsv'
[0.534s] INFO:colcon.colcon_core.shell:Creating environment hook '/home/lzy/lbot_ws/install/lbot_teleop/share/lbot_teleop/hook/cmake_prefix_path.sh'
[0.535s] Level 1:colcon.colcon_core.environment:checking '/home/lzy/lbot_ws/install/lbot_teleop/lib'
[0.535s] Level 1:colcon.colcon_core.environment:checking '/home/lzy/lbot_ws/install/lbot_teleop/bin'
[0.535s] Level 1:colcon.colcon_core.environment:checking '/home/lzy/lbot_ws/install/lbot_teleop/lib/pkgconfig/lbot_teleop.pc'
[0.535s] Level 1:colcon.colcon_core.environment:checking '/home/lzy/lbot_ws/install/lbot_teleop/lib/python3.12/site-packages'
[0.535s] Level 1:colcon.colcon_core.environment:checking '/home/lzy/lbot_ws/install/lbot_teleop/bin'
[0.535s] INFO:colcon.colcon_core.shell:Creating package script '/home/lzy/lbot_ws/install/lbot_teleop/share/lbot_teleop/package.ps1'
[0.535s] INFO:colcon.colcon_core.shell:Creating package descriptor '/home/lzy/lbot_ws/install/lbot_teleop/share/lbot_teleop/package.dsv'
[0.535s] INFO:colcon.colcon_core.shell:Creating package script '/home/lzy/lbot_ws/install/lbot_teleop/share/lbot_teleop/package.sh'
[0.535s] INFO:colcon.colcon_core.shell:Creating package script '/home/lzy/lbot_ws/install/lbot_teleop/share/lbot_teleop/package.bash'
[0.536s] INFO:colcon.colcon_core.shell:Creating package script '/home/lzy/lbot_ws/install/lbot_teleop/share/lbot_teleop/package.zsh'
[0.536s] Level 1:colcon.colcon_core.environment:create_file_with_runtime_dependencies(/home/lzy/lbot_ws/install/lbot_teleop/share/colcon-core/packages/lbot_teleop)
[0.536s] Level 1:colcon.colcon_core.environment:create_environment_scripts_only(lbot_teleop)
[0.536s] Level 1:colcon.colcon_core.environment:checking '/home/lzy/lbot_ws/install/lbot_teleop' for CMake module files
[0.536s] Level 1:colcon.colcon_core.environment:checking '/home/lzy/lbot_ws/install/lbot_teleop' for CMake config files
[0.536s] Level 1:colcon.colcon_core.shell:create_environment_hook('lbot_teleop', 'cmake_prefix_path')
[0.536s] INFO:colcon.colcon_core.shell:Creating environment hook '/home/lzy/lbot_ws/install/lbot_teleop/share/lbot_teleop/hook/cmake_prefix_path.ps1'
[0.536s] INFO:colcon.colcon_core.shell:Creating environment descriptor '/home/lzy/lbot_ws/install/lbot_teleop/share/lbot_teleop/hook/cmake_prefix_path.dsv'
[0.536s] INFO:colcon.colcon_core.shell:Creating environment hook '/home/lzy/lbot_ws/install/lbot_teleop/share/lbot_teleop/hook/cmake_prefix_path.sh'
[0.537s] Level 1:colcon.colcon_core.environment:checking '/home/lzy/lbot_ws/install/lbot_teleop/lib'
[0.537s] Level 1:colcon.colcon_core.environment:checking '/home/lzy/lbot_ws/install/lbot_teleop/bin'
[0.537s] Level 1:colcon.colcon_core.environment:checking '/home/lzy/lbot_ws/install/lbot_teleop/lib/pkgconfig/lbot_teleop.pc'
[0.537s] Level 1:colcon.colcon_core.environment:checking '/home/lzy/lbot_ws/install/lbot_teleop/lib/python3.12/site-packages'
[0.537s] Level 1:colcon.colcon_core.environment:checking '/home/lzy/lbot_ws/install/lbot_teleop/bin'
[0.537s] INFO:colcon.colcon_core.shell:Creating package script '/home/lzy/lbot_ws/install/lbot_teleop/share/lbot_teleop/package.ps1'
[0.537s] INFO:colcon.colcon_core.shell:Creating package descriptor '/home/lzy/lbot_ws/install/lbot_teleop/share/lbot_teleop/package.dsv'
[0.537s] INFO:colcon.colcon_core.shell:Creating package script '/home/lzy/lbot_ws/install/lbot_teleop/share/lbot_teleop/package.sh'
[0.538s] INFO:colcon.colcon_core.shell:Creating package script '/home/lzy/lbot_ws/install/lbot_teleop/share/lbot_teleop/package.bash'
[0.538s] INFO:colcon.colcon_core.shell:Creating package script '/home/lzy/lbot_ws/install/lbot_teleop/share/lbot_teleop/package.zsh'
[0.538s] Level 1:colcon.colcon_core.environment:create_file_with_runtime_dependencies(/home/lzy/lbot_ws/install/lbot_teleop/share/colcon-core/packages/lbot_teleop)
[5.013s] DEBUG:colcon.colcon_core.event_handler.log_command:Invoked command in '/home/lzy/lbot_ws/build/lbot_motion' returned '0': AMENT_PREFIX_PATH=/home/lzy/lbot_ws/install/lbot_arm_interfaces:${AMENT_PREFIX_PATH} CMAKE_PREFIX_PATH=/home/lzy/lbot_ws/install/lbot_arm_interfaces:/opt/ros/jazzy/opt/gz_math_vendor:/opt/ros/jazzy/opt/gz_utils_vendor:/opt/ros/jazzy/opt/gz_cmake_vendor:/opt/ros/jazzy LD_LIBRARY_PATH=/home/lzy/lbot_ws/install/lbot_arm_interfaces/lib:${LD_LIBRARY_PATH} PYTHONPATH=/home/lzy/lbot_ws/install/lbot_arm_interfaces/lib/python3.12/site-packages:${PYTHONPATH} /usr/bin/cmake --build /home/lzy/lbot_ws/build/lbot_motion -- -j24 -l24
[5.013s] DEBUG:colcon.colcon_core.event_handler.log_command:Invoking command in '/home/lzy/lbot_ws/build/lbot_motion': AMENT_PREFIX_PATH=/home/lzy/lbot_ws/install/lbot_arm_interfaces:${AMENT_PREFIX_PATH} CMAKE_PREFIX_PATH=/home/lzy/lbot_ws/install/lbot_arm_interfaces:/opt/ros/jazzy/opt/gz_math_vendor:/opt/ros/jazzy/opt/gz_utils_vendor:/opt/ros/jazzy/opt/gz_cmake_vendor:/opt/ros/jazzy LD_LIBRARY_PATH=/home/lzy/lbot_ws/install/lbot_arm_interfaces/lib:${LD_LIBRARY_PATH} PYTHONPATH=/home/lzy/lbot_ws/install/lbot_arm_interfaces/lib/python3.12/site-packages:${PYTHONPATH} /usr/bin/cmake --install /home/lzy/lbot_ws/build/lbot_motion
[5.021s] Level 1:colcon.colcon_core.environment:create_environment_scripts_only(lbot_motion)
[5.021s] Level 1:colcon.colcon_core.environment:checking '/home/lzy/lbot_ws/install/lbot_motion' for CMake module files
[5.021s] DEBUG:colcon.colcon_core.event_handler.log_command:Invoked command in '/home/lzy/lbot_ws/build/lbot_motion' returned '0': AMENT_PREFIX_PATH=/home/lzy/lbot_ws/install/lbot_arm_interfaces:${AMENT_PREFIX_PATH} CMAKE_PREFIX_PATH=/home/lzy/lbot_ws/install/lbot_arm_interfaces:/opt/ros/jazzy/opt/gz_math_vendor:/opt/ros/jazzy/opt/gz_utils_vendor:/opt/ros/jazzy/opt/gz_cmake_vendor:/opt/ros/jazzy LD_LIBRARY_PATH=/home/lzy/lbot_ws/install/lbot_arm_interfaces/lib:${LD_LIBRARY_PATH} PYTHONPATH=/home/lzy/lbot_ws/install/lbot_arm_interfaces/lib/python3.12/site-packages:${PYTHONPATH} /usr/bin/cmake --install /home/lzy/lbot_ws/build/lbot_motion
[5.021s] Level 1:colcon.colcon_core.environment:checking '/home/lzy/lbot_ws/install/lbot_motion' for CMake config files
[5.021s] Level 1:colcon.colcon_core.shell:create_environment_hook('lbot_motion', 'cmake_prefix_path')
[5.022s] INFO:colcon.colcon_core.shell:Creating environment hook '/home/lzy/lbot_ws/install/lbot_motion/share/lbot_motion/hook/cmake_prefix_path.ps1'
[5.022s] INFO:colcon.colcon_core.shell:Creating environment descriptor '/home/lzy/lbot_ws/install/lbot_motion/share/lbot_motion/hook/cmake_prefix_path.dsv'
[5.022s] INFO:colcon.colcon_core.shell:Creating environment hook '/home/lzy/lbot_ws/install/lbot_motion/share/lbot_motion/hook/cmake_prefix_path.sh'
[5.022s] Level 1:colcon.colcon_core.environment:checking '/home/lzy/lbot_ws/install/lbot_motion/lib'
[5.022s] Level 1:colcon.colcon_core.shell:create_environment_hook('lbot_motion', 'ld_library_path_lib')
[5.022s] INFO:colcon.colcon_core.shell:Creating environment hook '/home/lzy/lbot_ws/install/lbot_motion/share/lbot_motion/hook/ld_library_path_lib.ps1'
[5.022s] INFO:colcon.colcon_core.shell:Creating environment descriptor '/home/lzy/lbot_ws/install/lbot_motion/share/lbot_motion/hook/ld_library_path_lib.dsv'
[5.023s] INFO:colcon.colcon_core.shell:Creating environment hook '/home/lzy/lbot_ws/install/lbot_motion/share/lbot_motion/hook/ld_library_path_lib.sh'
[5.023s] Level 1:colcon.colcon_core.environment:checking '/home/lzy/lbot_ws/install/lbot_motion/bin'
[5.023s] Level 1:colcon.colcon_core.shell:create_environment_hook('lbot_motion', 'path')
[5.023s] INFO:colcon.colcon_core.shell:Creating environment hook '/home/lzy/lbot_ws/install/lbot_motion/share/lbot_motion/hook/path.ps1'
[5.023s] INFO:colcon.colcon_core.shell:Creating environment descriptor '/home/lzy/lbot_ws/install/lbot_motion/share/lbot_motion/hook/path.dsv'
[5.023s] INFO:colcon.colcon_core.shell:Creating environment hook '/home/lzy/lbot_ws/install/lbot_motion/share/lbot_motion/hook/path.sh'
[5.023s] Level 1:colcon.colcon_core.environment:checking '/home/lzy/lbot_ws/install/lbot_motion/lib/pkgconfig/lbot_motion.pc'
[5.023s] Level 1:colcon.colcon_core.environment:checking '/home/lzy/lbot_ws/install/lbot_motion/lib/python3.12/site-packages'
[5.024s] Level 1:colcon.colcon_core.environment:checking '/home/lzy/lbot_ws/install/lbot_motion/bin'
[5.024s] Level 1:colcon.colcon_core.shell:create_environment_hook('lbot_motion', 'pythonscriptspath')
[5.024s] INFO:colcon.colcon_core.shell:Creating environment hook '/home/lzy/lbot_ws/install/lbot_motion/share/lbot_motion/hook/pythonscriptspath.ps1'
[5.024s] INFO:colcon.colcon_core.shell:Creating environment descriptor '/home/lzy/lbot_ws/install/lbot_motion/share/lbot_motion/hook/pythonscriptspath.dsv'
[5.024s] INFO:colcon.colcon_core.shell:Creating environment hook '/home/lzy/lbot_ws/install/lbot_motion/share/lbot_motion/hook/pythonscriptspath.sh'
[5.024s] INFO:colcon.colcon_core.shell:Creating package script '/home/lzy/lbot_ws/install/lbot_motion/share/lbot_motion/package.ps1'
[5.025s] INFO:colcon.colcon_core.shell:Creating package descriptor '/home/lzy/lbot_ws/install/lbot_motion/share/lbot_motion/package.dsv'
[5.025s] INFO:colcon.colcon_core.shell:Creating package script '/home/lzy/lbot_ws/install/lbot_motion/share/lbot_motion/package.sh'
[5.025s] INFO:colcon.colcon_core.shell:Creating package script '/home/lzy/lbot_ws/install/lbot_motion/share/lbot_motion/package.bash'
[5.025s] INFO:colcon.colcon_core.shell:Creating package script '/home/lzy/lbot_ws/install/lbot_motion/share/lbot_motion/package.zsh'
[5.025s] Level 1:colcon.colcon_core.environment:create_file_with_runtime_dependencies(/home/lzy/lbot_ws/install/lbot_motion/share/colcon-core/packages/lbot_motion)
[5.025s] Level 1:colcon.colcon_core.environment:create_environment_scripts_only(lbot_motion)
[5.025s] Level 1:colcon.colcon_core.environment:checking '/home/lzy/lbot_ws/install/lbot_motion' for CMake module files
[5.026s] Level 1:colcon.colcon_core.environment:checking '/home/lzy/lbot_ws/install/lbot_motion' for CMake config files
[5.026s] Level 1:colcon.colcon_core.shell:create_environment_hook('lbot_motion', 'cmake_prefix_path')
[5.026s] INFO:colcon.colcon_core.shell:Creating environment hook '/home/lzy/lbot_ws/install/lbot_motion/share/lbot_motion/hook/cmake_prefix_path.ps1'
[5.026s] INFO:colcon.colcon_core.shell:Creating environment descriptor '/home/lzy/lbot_ws/install/lbot_motion/share/lbot_motion/hook/cmake_prefix_path.dsv'
[5.026s] INFO:colcon.colcon_core.shell:Creating environment hook '/home/lzy/lbot_ws/install/lbot_motion/share/lbot_motion/hook/cmake_prefix_path.sh'
[5.026s] Level 1:colcon.colcon_core.environment:checking '/home/lzy/lbot_ws/install/lbot_motion/lib'
[5.026s] Level 1:colcon.colcon_core.shell:create_environment_hook('lbot_motion', 'ld_library_path_lib')
[5.026s] INFO:colcon.colcon_core.shell:Creating environment hook '/home/lzy/lbot_ws/install/lbot_motion/share/lbot_motion/hook/ld_library_path_lib.ps1'
[5.026s] INFO:colcon.colcon_core.shell:Creating environment descriptor '/home/lzy/lbot_ws/install/lbot_motion/share/lbot_motion/hook/ld_library_path_lib.dsv'
[5.026s] INFO:colcon.colcon_core.shell:Creating environment hook '/home/lzy/lbot_ws/install/lbot_motion/share/lbot_motion/hook/ld_library_path_lib.sh'
[5.027s] Level 1:colcon.colcon_core.environment:checking '/home/lzy/lbot_ws/install/lbot_motion/bin'
[5.027s] Level 1:colcon.colcon_core.shell:create_environment_hook('lbot_motion', 'path')
[5.027s] INFO:colcon.colcon_core.shell:Creating environment hook '/home/lzy/lbot_ws/install/lbot_motion/share/lbot_motion/hook/path.ps1'
[5.027s] INFO:colcon.colcon_core.shell:Creating environment descriptor '/home/lzy/lbot_ws/install/lbot_motion/share/lbot_motion/hook/path.dsv'
[5.027s] INFO:colcon.colcon_core.shell:Creating environment hook '/home/lzy/lbot_ws/install/lbot_motion/share/lbot_motion/hook/path.sh'
[5.027s] Level 1:colcon.colcon_core.environment:checking '/home/lzy/lbot_ws/install/lbot_motion/lib/pkgconfig/lbot_motion.pc'
[5.027s] Level 1:colcon.colcon_core.environment:checking '/home/lzy/lbot_ws/install/lbot_motion/lib/python3.12/site-packages'
[5.027s] Level 1:colcon.colcon_core.environment:checking '/home/lzy/lbot_ws/install/lbot_motion/bin'
[5.027s] Level 1:colcon.colcon_core.shell:create_environment_hook('lbot_motion', 'pythonscriptspath')
[5.027s] INFO:colcon.colcon_core.shell:Creating environment hook '/home/lzy/lbot_ws/install/lbot_motion/share/lbot_motion/hook/pythonscriptspath.ps1'
[5.028s] INFO:colcon.colcon_core.shell:Creating environment descriptor '/home/lzy/lbot_ws/install/lbot_motion/share/lbot_motion/hook/pythonscriptspath.dsv'
[5.028s] INFO:colcon.colcon_core.shell:Creating environment hook '/home/lzy/lbot_ws/install/lbot_motion/share/lbot_motion/hook/pythonscriptspath.sh'
[5.028s] INFO:colcon.colcon_core.shell:Creating package script '/home/lzy/lbot_ws/install/lbot_motion/share/lbot_motion/package.ps1'
[5.028s] INFO:colcon.colcon_core.shell:Creating package descriptor '/home/lzy/lbot_ws/install/lbot_motion/share/lbot_motion/package.dsv'
[5.028s] INFO:colcon.colcon_core.shell:Creating package script '/home/lzy/lbot_ws/install/lbot_motion/share/lbot_motion/package.sh'
[5.029s] INFO:colcon.colcon_core.shell:Creating package script '/home/lzy/lbot_ws/install/lbot_motion/share/lbot_motion/package.bash'
[5.029s] INFO:colcon.colcon_core.shell:Creating package script '/home/lzy/lbot_ws/install/lbot_motion/share/lbot_motion/package.zsh'
[5.029s] Level 1:colcon.colcon_core.environment:create_file_with_runtime_dependencies(/home/lzy/lbot_ws/install/lbot_motion/share/colcon-core/packages/lbot_motion)
[5.029s] DEBUG:colcon.colcon_parallel_executor.executor.parallel:closing loop
[5.029s] DEBUG:colcon.colcon_parallel_executor.executor.parallel:loop closed
[5.029s] DEBUG:colcon.colcon_parallel_executor.executor.parallel:run_until_complete finished with '0'
[5.029s] DEBUG:colcon.colcon_core.event_reactor:joining thread
[5.032s] INFO:colcon.colcon_core.plugin_system:Skipping extension 'colcon_notification.desktop_notification.terminal_notifier': Not used on non-Darwin systems
[5.032s] INFO:colcon.colcon_core.plugin_system:Skipping extension 'colcon_notification.desktop_notification.win32': Not used on non-Windows systems
[5.032s] INFO:colcon.colcon_notification.desktop_notification:Sending desktop notification using 'notify2'
[5.032s] DEBUG:colcon.colcon_notification.desktop_notification.notify2:Failed to initialize notify2: org.freedesktop.DBus.Error.ServiceUnknown: The name org.freedesktop.Notifications was not provided by any .service files
[5.032s] DEBUG:colcon.colcon_core.event_reactor:joined thread
[5.033s] INFO:colcon.colcon_core.shell:Creating prefix script '/home/lzy/lbot_ws/install/local_setup.ps1'
[5.033s] INFO:colcon.colcon_core.shell:Creating prefix util module '/home/lzy/lbot_ws/install/_local_setup_util_ps1.py'
[5.033s] INFO:colcon.colcon_core.shell:Creating prefix chain script '/home/lzy/lbot_ws/install/setup.ps1'
[5.034s] INFO:colcon.colcon_core.shell:Creating prefix script '/home/lzy/lbot_ws/install/local_setup.sh'
[5.034s] INFO:colcon.colcon_core.shell:Creating prefix util module '/home/lzy/lbot_ws/install/_local_setup_util_sh.py'
[5.034s] INFO:colcon.colcon_core.shell:Creating prefix chain script '/home/lzy/lbot_ws/install/setup.sh'
[5.034s] INFO:colcon.colcon_core.shell:Creating prefix script '/home/lzy/lbot_ws/install/local_setup.bash'
[5.035s] INFO:colcon.colcon_core.shell:Creating prefix chain script '/home/lzy/lbot_ws/install/setup.bash'
[5.035s] INFO:colcon.colcon_core.shell:Creating prefix script '/home/lzy/lbot_ws/install/local_setup.zsh'
[5.035s] INFO:colcon.colcon_core.shell:Creating prefix chain script '/home/lzy/lbot_ws/install/setup.zsh'
