[0.092s] DEBUG:colcon:Command line arguments: ['/usr/bin/colcon', 'build', '--event-handlers', 'console_direct+']
[0.092s] DEBUG:colcon:Parsed command line arguments: Namespace(log_base=None, log_level=None, verb_name='build', build_base='build', install_base='install', merge_install=False, symlink_install=False, test_result_base=None, continue_on_error=False, executor='parallel', parallel_workers=24, event_handlers=['console_direct+'], ignore_user_meta=False, metas=['./colcon.meta'], base_paths=['.'], packages_ignore=None, packages_ignore_regex=None, paths=None, packages_up_to=None, packages_up_to_regex=None, packages_above=None, packages_above_and_dependencies=None, packages_above_depth=None, packages_select_by_dep=None, packages_skip_by_dep=None, packages_skip_up_to=None, packages_select_build_failed=False, packages_skip_build_finished=False, packages_select_test_failures=False, packages_skip_test_passed=False, packages_select=None, packages_skip=None, packages_select_regex=None, packages_skip_regex=None, packages_start=None, packages_end=None, allow_overriding=[], cmake_args=None, cmake_target=None, cmake_target_skip_unavailable=False, cmake_clean_cache=False, cmake_clean_first=False, cmake_force_configure=False, ament_cmake_args=None, catkin_cmake_args=None, catkin_skip_building_tests=False, mixin_files=None, mixin=None, verb_parser=<colcon_mixin.mixin.mixin_argument.MixinArgumentDecorator object at 0x751856481df0>, verb_extension=<colcon_core.verb.build.BuildVerb object at 0x751856481b50>, main=<bound method BuildVerb.main of <colcon_core.verb.build.BuildVerb object at 0x751856481b50>>, mixin_verb=('build',))
[0.111s] Level 1:colcon.colcon_core.package_discovery:discover_packages(colcon_meta) check parameters
[0.111s] Level 1:colcon.colcon_core.package_discovery:discover_packages(recursive) check parameters
[0.111s] Level 1:colcon.colcon_core.package_discovery:discover_packages(ignore) check parameters
[0.111s] Level 1:colcon.colcon_core.package_discovery:discover_packages(path) check parameters
[0.111s] Level 1:colcon.colcon_core.package_discovery:discover_packages(colcon_meta) discover
[0.111s] Level 1:colcon.colcon_core.package_discovery:discover_packages(recursive) discover
[0.111s] INFO:colcon.colcon_core.package_discovery:Crawling recursively for packages in '/home/lzy/lbot_ws'
[0.111s] Level 1:colcon.colcon_core.package_identification:_identify(.) by extensions ['ignore', 'ignore_ament_install']
[0.111s] Level 1:colcon.colcon_core.package_identification:_identify(.) by extension 'ignore'
[0.111s] Level 1:colcon.colcon_core.package_identification:_identify(.) by extension 'ignore_ament_install'
[0.111s] Level 1:colcon.colcon_core.package_identification:_identify(.) by extensions ['colcon_pkg']
[0.111s] Level 1:colcon.colcon_core.package_identification:_identify(.) by extension 'colcon_pkg'
[0.111s] Level 1:colcon.colcon_core.package_identification:_identify(.) by extensions ['colcon_meta']
[0.111s] Level 1:colcon.colcon_core.package_identification:_identify(.) by extension 'colcon_meta'
[0.112s] Level 1:colcon.colcon_core.package_identification:_identify(.) by extensions ['ros']
[0.112s] Level 1:colcon.colcon_core.package_identification:_identify(.) by extension 'ros'
[0.125s] Level 1:colcon.colcon_core.package_identification:_identify(.) by extensions ['cmake', 'python']
[0.125s] Level 1:colcon.colcon_core.package_identification:_identify(.) by extension 'cmake'
[0.125s] Level 1:colcon.colcon_core.package_identification:_identify(.) by extension 'python'
[0.125s] Level 1:colcon.colcon_core.package_identification:_identify(.) by extensions ['python_setup_py']
[0.125s] Level 1:colcon.colcon_core.package_identification:_identify(.) by extension 'python_setup_py'
[0.125s] Level 1:colcon.colcon_core.package_identification:_identify(build) by extensions ['ignore', 'ignore_ament_install']
[0.125s] Level 1:colcon.colcon_core.package_identification:_identify(build) by extension 'ignore'
[0.125s] Level 1:colcon.colcon_core.package_identification:_identify(build) ignored
[0.125s] Level 1:colcon.colcon_core.package_identification:_identify(install) by extensions ['ignore', 'ignore_ament_install']
[0.125s] Level 1:colcon.colcon_core.package_identification:_identify(install) by extension 'ignore'
[0.125s] Level 1:colcon.colcon_core.package_identification:_identify(install) ignored
[0.125s] Level 1:colcon.colcon_core.package_identification:_identify(log) by extensions ['ignore', 'ignore_ament_install']
[0.125s] Level 1:colcon.colcon_core.package_identification:_identify(log) by extension 'ignore'
[0.125s] Level 1:colcon.colcon_core.package_identification:_identify(log) ignored
[0.126s] Level 1:colcon.colcon_core.package_identification:_identify(src) by extensions ['ignore', 'ignore_ament_install']
[0.126s] Level 1:colcon.colcon_core.package_identification:_identify(src) by extension 'ignore'
[0.126s] Level 1:colcon.colcon_core.package_identification:_identify(src) by extension 'ignore_ament_install'
[0.126s] Level 1:colcon.colcon_core.package_identification:_identify(src) by extensions ['colcon_pkg']
[0.126s] Level 1:colcon.colcon_core.package_identification:_identify(src) by extension 'colcon_pkg'
[0.126s] Level 1:colcon.colcon_core.package_identification:_identify(src) by extensions ['colcon_meta']
[0.126s] Level 1:colcon.colcon_core.package_identification:_identify(src) by extension 'colcon_meta'
[0.126s] Level 1:colcon.colcon_core.package_identification:_identify(src) by extensions ['ros']
[0.126s] Level 1:colcon.colcon_core.package_identification:_identify(src) by extension 'ros'
[0.126s] Level 1:colcon.colcon_core.package_identification:_identify(src) by extensions ['cmake', 'python']
[0.126s] Level 1:colcon.colcon_core.package_identification:_identify(src) by extension 'cmake'
[0.126s] Level 1:colcon.colcon_core.package_identification:_identify(src) by extension 'python'
[0.126s] Level 1:colcon.colcon_core.package_identification:_identify(src) by extensions ['python_setup_py']
[0.126s] Level 1:colcon.colcon_core.package_identification:_identify(src) by extension 'python_setup_py'
[0.126s] Level 1:colcon.colcon_core.package_identification:_identify(src/lbot_arm_interfaces) by extensions ['ignore', 'ignore_ament_install']
[0.126s] Level 1:colcon.colcon_core.package_identification:_identify(src/lbot_arm_interfaces) by extension 'ignore'
[0.126s] Level 1:colcon.colcon_core.package_identification:_identify(src/lbot_arm_interfaces) by extension 'ignore_ament_install'
[0.126s] Level 1:colcon.colcon_core.package_identification:_identify(src/lbot_arm_interfaces) by extensions ['colcon_pkg']
[0.126s] Level 1:colcon.colcon_core.package_identification:_identify(src/lbot_arm_interfaces) by extension 'colcon_pkg'
[0.126s] Level 1:colcon.colcon_core.package_identification:_identify(src/lbot_arm_interfaces) by extensions ['colcon_meta']
[0.126s] Level 1:colcon.colcon_core.package_identification:_identify(src/lbot_arm_interfaces) by extension 'colcon_meta'
[0.126s] Level 1:colcon.colcon_core.package_identification:_identify(src/lbot_arm_interfaces) by extensions ['ros']
[0.126s] Level 1:colcon.colcon_core.package_identification:_identify(src/lbot_arm_interfaces) by extension 'ros'
[0.127s] DEBUG:colcon.colcon_core.package_identification:Package 'src/lbot_arm_interfaces' with type 'ros.ament_cmake' and name 'lbot_arm_interfaces'
[0.127s] Level 1:colcon.colcon_core.package_identification:_identify(src/lbot_demo) by extensions ['ignore', 'ignore_ament_install']
[0.127s] Level 1:colcon.colcon_core.package_identification:_identify(src/lbot_demo) by extension 'ignore'
[0.127s] Level 1:colcon.colcon_core.package_identification:_identify(src/lbot_demo) by extension 'ignore_ament_install'
[0.127s] Level 1:colcon.colcon_core.package_identification:_identify(src/lbot_demo) by extensions ['colcon_pkg']
[0.127s] Level 1:colcon.colcon_core.package_identification:_identify(src/lbot_demo) by extension 'colcon_pkg'
[0.127s] Level 1:colcon.colcon_core.package_identification:_identify(src/lbot_demo) by extensions ['colcon_meta']
[0.127s] Level 1:colcon.colcon_core.package_identification:_identify(src/lbot_demo) by extension 'colcon_meta'
[0.127s] Level 1:colcon.colcon_core.package_identification:_identify(src/lbot_demo) by extensions ['ros']
[0.127s] Level 1:colcon.colcon_core.package_identification:_identify(src/lbot_demo) by extension 'ros'
[0.128s] DEBUG:colcon.colcon_core.package_identification:Package 'src/lbot_demo' with type 'ros.ament_cmake' and name 'lbot_demo'
[0.128s] Level 1:colcon.colcon_core.package_identification:_identify(src/lbot_driver) by extensions ['ignore', 'ignore_ament_install']
[0.128s] Level 1:colcon.colcon_core.package_identification:_identify(src/lbot_driver) by extension 'ignore'
[0.128s] Level 1:colcon.colcon_core.package_identification:_identify(src/lbot_driver) by extension 'ignore_ament_install'
[0.128s] Level 1:colcon.colcon_core.package_identification:_identify(src/lbot_driver) by extensions ['colcon_pkg']
[0.128s] Level 1:colcon.colcon_core.package_identification:_identify(src/lbot_driver) by extension 'colcon_pkg'
[0.128s] Level 1:colcon.colcon_core.package_identification:_identify(src/lbot_driver) by extensions ['colcon_meta']
[0.128s] Level 1:colcon.colcon_core.package_identification:_identify(src/lbot_driver) by extension 'colcon_meta'
[0.128s] Level 1:colcon.colcon_core.package_identification:_identify(src/lbot_driver) by extensions ['ros']
[0.128s] Level 1:colcon.colcon_core.package_identification:_identify(src/lbot_driver) by extension 'ros'
[0.128s] DEBUG:colcon.colcon_core.package_identification:Package 'src/lbot_driver' with type 'ros.ament_cmake' and name 'lbot_driver'
[0.128s] Level 1:colcon.colcon_core.package_identification:_identify(src/lbot_teleop) by extensions ['ignore', 'ignore_ament_install']
[0.128s] Level 1:colcon.colcon_core.package_identification:_identify(src/lbot_teleop) by extension 'ignore'
[0.128s] Level 1:colcon.colcon_core.package_identification:_identify(src/lbot_teleop) by extension 'ignore_ament_install'
[0.128s] Level 1:colcon.colcon_core.package_identification:_identify(src/lbot_teleop) by extensions ['colcon_pkg']
[0.129s] Level 1:colcon.colcon_core.package_identification:_identify(src/lbot_teleop) by extension 'colcon_pkg'
[0.129s] Level 1:colcon.colcon_core.package_identification:_identify(src/lbot_teleop) by extensions ['colcon_meta']
[0.129s] Level 1:colcon.colcon_core.package_identification:_identify(src/lbot_teleop) by extension 'colcon_meta'
[0.129s] Level 1:colcon.colcon_core.package_identification:_identify(src/lbot_teleop) by extensions ['ros']
[0.129s] Level 1:colcon.colcon_core.package_identification:_identify(src/lbot_teleop) by extension 'ros'
[0.129s] DEBUG:colcon.colcon_core.package_identification:Package 'src/lbot_teleop' with type 'ros.ament_cmake' and name 'lbot_teleop'
[0.129s] Level 1:colcon.colcon_core.package_identification:_identify(开发资源) by extensions ['ignore', 'ignore_ament_install']
[0.129s] Level 1:colcon.colcon_core.package_identification:_identify(开发资源) by extension 'ignore'
[0.129s] Level 1:colcon.colcon_core.package_identification:_identify(开发资源) by extension 'ignore_ament_install'
[0.129s] Level 1:colcon.colcon_core.package_identification:_identify(开发资源) by extensions ['colcon_pkg']
[0.129s] Level 1:colcon.colcon_core.package_identification:_identify(开发资源) by extension 'colcon_pkg'
[0.129s] Level 1:colcon.colcon_core.package_identification:_identify(开发资源) by extensions ['colcon_meta']
[0.129s] Level 1:colcon.colcon_core.package_identification:_identify(开发资源) by extension 'colcon_meta'
[0.129s] Level 1:colcon.colcon_core.package_identification:_identify(开发资源) by extensions ['ros']
[0.129s] Level 1:colcon.colcon_core.package_identification:_identify(开发资源) by extension 'ros'
[0.129s] Level 1:colcon.colcon_core.package_identification:_identify(开发资源) by extensions ['cmake', 'python']
[0.129s] Level 1:colcon.colcon_core.package_identification:_identify(开发资源) by extension 'cmake'
[0.129s] Level 1:colcon.colcon_core.package_identification:_identify(开发资源) by extension 'python'
[0.129s] Level 1:colcon.colcon_core.package_identification:_identify(开发资源) by extensions ['python_setup_py']
[0.129s] Level 1:colcon.colcon_core.package_identification:_identify(开发资源) by extension 'python_setup_py'
[0.129s] Level 1:colcon.colcon_core.package_identification:_identify(开发资源/assets) by extensions ['ignore', 'ignore_ament_install']
[0.129s] Level 1:colcon.colcon_core.package_identification:_identify(开发资源/assets) by extension 'ignore'
[0.129s] Level 1:colcon.colcon_core.package_identification:_identify(开发资源/assets) by extension 'ignore_ament_install'
[0.129s] Level 1:colcon.colcon_core.package_identification:_identify(开发资源/assets) by extensions ['colcon_pkg']
[0.129s] Level 1:colcon.colcon_core.package_identification:_identify(开发资源/assets) by extension 'colcon_pkg'
[0.129s] Level 1:colcon.colcon_core.package_identification:_identify(开发资源/assets) by extensions ['colcon_meta']
[0.129s] Level 1:colcon.colcon_core.package_identification:_identify(开发资源/assets) by extension 'colcon_meta'
[0.129s] Level 1:colcon.colcon_core.package_identification:_identify(开发资源/assets) by extensions ['ros']
[0.129s] Level 1:colcon.colcon_core.package_identification:_identify(开发资源/assets) by extension 'ros'
[0.129s] Level 1:colcon.colcon_core.package_identification:_identify(开发资源/assets) by extensions ['cmake', 'python']
[0.129s] Level 1:colcon.colcon_core.package_identification:_identify(开发资源/assets) by extension 'cmake'
[0.129s] Level 1:colcon.colcon_core.package_identification:_identify(开发资源/assets) by extension 'python'
[0.129s] Level 1:colcon.colcon_core.package_identification:_identify(开发资源/assets) by extensions ['python_setup_py']
[0.129s] Level 1:colcon.colcon_core.package_identification:_identify(开发资源/assets) by extension 'python_setup_py'
[0.129s] Level 1:colcon.colcon_core.package_identification:_identify(开发资源/assets/components) by extensions ['ignore', 'ignore_ament_install']
[0.130s] Level 1:colcon.colcon_core.package_identification:_identify(开发资源/assets/components) by extension 'ignore'
[0.130s] Level 1:colcon.colcon_core.package_identification:_identify(开发资源/assets/components) by extension 'ignore_ament_install'
[0.130s] Level 1:colcon.colcon_core.package_identification:_identify(开发资源/assets/components) by extensions ['colcon_pkg']
[0.130s] Level 1:colcon.colcon_core.package_identification:_identify(开发资源/assets/components) by extension 'colcon_pkg'
[0.130s] Level 1:colcon.colcon_core.package_identification:_identify(开发资源/assets/components) by extensions ['colcon_meta']
[0.130s] Level 1:colcon.colcon_core.package_identification:_identify(开发资源/assets/components) by extension 'colcon_meta'
[0.130s] Level 1:colcon.colcon_core.package_identification:_identify(开发资源/assets/components) by extensions ['ros']
[0.130s] Level 1:colcon.colcon_core.package_identification:_identify(开发资源/assets/components) by extension 'ros'
[0.130s] Level 1:colcon.colcon_core.package_identification:_identify(开发资源/assets/components) by extensions ['cmake', 'python']
[0.130s] Level 1:colcon.colcon_core.package_identification:_identify(开发资源/assets/components) by extension 'cmake'
[0.130s] Level 1:colcon.colcon_core.package_identification:_identify(开发资源/assets/components) by extension 'python'
[0.130s] Level 1:colcon.colcon_core.package_identification:_identify(开发资源/assets/components) by extensions ['python_setup_py']
[0.130s] Level 1:colcon.colcon_core.package_identification:_identify(开发资源/assets/components) by extension 'python_setup_py'
[0.130s] Level 1:colcon.colcon_core.package_identification:_identify(开发资源/assets/components/arms) by extensions ['ignore', 'ignore_ament_install']
[0.130s] Level 1:colcon.colcon_core.package_identification:_identify(开发资源/assets/components/arms) by extension 'ignore'
[0.130s] Level 1:colcon.colcon_core.package_identification:_identify(开发资源/assets/components/arms) by extension 'ignore_ament_install'
[0.130s] Level 1:colcon.colcon_core.package_identification:_identify(开发资源/assets/components/arms) by extensions ['colcon_pkg']
[0.130s] Level 1:colcon.colcon_core.package_identification:_identify(开发资源/assets/components/arms) by extension 'colcon_pkg'
[0.130s] Level 1:colcon.colcon_core.package_identification:_identify(开发资源/assets/components/arms) by extensions ['colcon_meta']
[0.130s] Level 1:colcon.colcon_core.package_identification:_identify(开发资源/assets/components/arms) by extension 'colcon_meta'
[0.130s] Level 1:colcon.colcon_core.package_identification:_identify(开发资源/assets/components/arms) by extensions ['ros']
[0.130s] Level 1:colcon.colcon_core.package_identification:_identify(开发资源/assets/components/arms) by extension 'ros'
[0.130s] Level 1:colcon.colcon_core.package_identification:_identify(开发资源/assets/components/arms) by extensions ['cmake', 'python']
[0.130s] Level 1:colcon.colcon_core.package_identification:_identify(开发资源/assets/components/arms) by extension 'cmake'
[0.130s] Level 1:colcon.colcon_core.package_identification:_identify(开发资源/assets/components/arms) by extension 'python'
[0.130s] Level 1:colcon.colcon_core.package_identification:_identify(开发资源/assets/components/arms) by extensions ['python_setup_py']
[0.130s] Level 1:colcon.colcon_core.package_identification:_identify(开发资源/assets/components/arms) by extension 'python_setup_py'
[0.130s] Level 1:colcon.colcon_core.package_identification:_identify(开发资源/assets/components/arms/lkls73_arm) by extensions ['ignore', 'ignore_ament_install']
[0.130s] Level 1:colcon.colcon_core.package_identification:_identify(开发资源/assets/components/arms/lkls73_arm) by extension 'ignore'
[0.130s] Level 1:colcon.colcon_core.package_identification:_identify(开发资源/assets/components/arms/lkls73_arm) by extension 'ignore_ament_install'
[0.130s] Level 1:colcon.colcon_core.package_identification:_identify(开发资源/assets/components/arms/lkls73_arm) by extensions ['colcon_pkg']
[0.130s] Level 1:colcon.colcon_core.package_identification:_identify(开发资源/assets/components/arms/lkls73_arm) by extension 'colcon_pkg'
[0.130s] Level 1:colcon.colcon_core.package_identification:_identify(开发资源/assets/components/arms/lkls73_arm) by extensions ['colcon_meta']
[0.130s] Level 1:colcon.colcon_core.package_identification:_identify(开发资源/assets/components/arms/lkls73_arm) by extension 'colcon_meta'
[0.130s] Level 1:colcon.colcon_core.package_identification:_identify(开发资源/assets/components/arms/lkls73_arm) by extensions ['ros']
[0.130s] Level 1:colcon.colcon_core.package_identification:_identify(开发资源/assets/components/arms/lkls73_arm) by extension 'ros'
[0.130s] Level 1:colcon.colcon_core.package_identification:_identify(开发资源/assets/components/arms/lkls73_arm) by extensions ['cmake', 'python']
[0.130s] Level 1:colcon.colcon_core.package_identification:_identify(开发资源/assets/components/arms/lkls73_arm) by extension 'cmake'
[0.130s] Level 1:colcon.colcon_core.package_identification:_identify(开发资源/assets/components/arms/lkls73_arm) by extension 'python'
[0.130s] Level 1:colcon.colcon_core.package_identification:_identify(开发资源/assets/components/arms/lkls73_arm) by extensions ['python_setup_py']
[0.130s] Level 1:colcon.colcon_core.package_identification:_identify(开发资源/assets/components/arms/lkls73_arm) by extension 'python_setup_py'
[0.130s] Level 1:colcon.colcon_core.package_identification:_identify(开发资源/assets/components/arms/lkls73_arm/variants) by extensions ['ignore', 'ignore_ament_install']
[0.131s] Level 1:colcon.colcon_core.package_identification:_identify(开发资源/assets/components/arms/lkls73_arm/variants) by extension 'ignore'
[0.131s] Level 1:colcon.colcon_core.package_identification:_identify(开发资源/assets/components/arms/lkls73_arm/variants) by extension 'ignore_ament_install'
[0.131s] Level 1:colcon.colcon_core.package_identification:_identify(开发资源/assets/components/arms/lkls73_arm/variants) by extensions ['colcon_pkg']
[0.131s] Level 1:colcon.colcon_core.package_identification:_identify(开发资源/assets/components/arms/lkls73_arm/variants) by extension 'colcon_pkg'
[0.131s] Level 1:colcon.colcon_core.package_identification:_identify(开发资源/assets/components/arms/lkls73_arm/variants) by extensions ['colcon_meta']
[0.131s] Level 1:colcon.colcon_core.package_identification:_identify(开发资源/assets/components/arms/lkls73_arm/variants) by extension 'colcon_meta'
[0.131s] Level 1:colcon.colcon_core.package_identification:_identify(开发资源/assets/components/arms/lkls73_arm/variants) by extensions ['ros']
[0.131s] Level 1:colcon.colcon_core.package_identification:_identify(开发资源/assets/components/arms/lkls73_arm/variants) by extension 'ros'
[0.131s] Level 1:colcon.colcon_core.package_identification:_identify(开发资源/assets/components/arms/lkls73_arm/variants) by extensions ['cmake', 'python']
[0.131s] Level 1:colcon.colcon_core.package_identification:_identify(开发资源/assets/components/arms/lkls73_arm/variants) by extension 'cmake'
[0.131s] Level 1:colcon.colcon_core.package_identification:_identify(开发资源/assets/components/arms/lkls73_arm/variants) by extension 'python'
[0.131s] Level 1:colcon.colcon_core.package_identification:_identify(开发资源/assets/components/arms/lkls73_arm/variants) by extensions ['python_setup_py']
[0.131s] Level 1:colcon.colcon_core.package_identification:_identify(开发资源/assets/components/arms/lkls73_arm/variants) by extension 'python_setup_py'
[0.131s] Level 1:colcon.colcon_core.package_identification:_identify(开发资源/assets/components/arms/lkls73_arm/variants/left) by extensions ['ignore', 'ignore_ament_install']
[0.131s] Level 1:colcon.colcon_core.package_identification:_identify(开发资源/assets/components/arms/lkls73_arm/variants/left) by extension 'ignore'
[0.131s] Level 1:colcon.colcon_core.package_identification:_identify(开发资源/assets/components/arms/lkls73_arm/variants/left) by extension 'ignore_ament_install'
[0.131s] Level 1:colcon.colcon_core.package_identification:_identify(开发资源/assets/components/arms/lkls73_arm/variants/left) by extensions ['colcon_pkg']
[0.131s] Level 1:colcon.colcon_core.package_identification:_identify(开发资源/assets/components/arms/lkls73_arm/variants/left) by extension 'colcon_pkg'
[0.131s] Level 1:colcon.colcon_core.package_identification:_identify(开发资源/assets/components/arms/lkls73_arm/variants/left) by extensions ['colcon_meta']
[0.131s] Level 1:colcon.colcon_core.package_identification:_identify(开发资源/assets/components/arms/lkls73_arm/variants/left) by extension 'colcon_meta'
[0.131s] Level 1:colcon.colcon_core.package_identification:_identify(开发资源/assets/components/arms/lkls73_arm/variants/left) by extensions ['ros']
[0.131s] Level 1:colcon.colcon_core.package_identification:_identify(开发资源/assets/components/arms/lkls73_arm/variants/left) by extension 'ros'
[0.131s] Level 1:colcon.colcon_core.package_identification:_identify(开发资源/assets/components/arms/lkls73_arm/variants/left) by extensions ['cmake', 'python']
[0.131s] Level 1:colcon.colcon_core.package_identification:_identify(开发资源/assets/components/arms/lkls73_arm/variants/left) by extension 'cmake'
[0.131s] Level 1:colcon.colcon_core.package_identification:_identify(开发资源/assets/components/arms/lkls73_arm/variants/left) by extension 'python'
[0.131s] Level 1:colcon.colcon_core.package_identification:_identify(开发资源/assets/components/arms/lkls73_arm/variants/left) by extensions ['python_setup_py']
[0.131s] Level 1:colcon.colcon_core.package_identification:_identify(开发资源/assets/components/arms/lkls73_arm/variants/left) by extension 'python_setup_py'
[0.131s] Level 1:colcon.colcon_core.package_identification:_identify(开发资源/assets/components/arms/lkls73_arm/variants/left/meshes) by extensions ['ignore', 'ignore_ament_install']
[0.131s] Level 1:colcon.colcon_core.package_identification:_identify(开发资源/assets/components/arms/lkls73_arm/variants/left/meshes) by extension 'ignore'
[0.131s] Level 1:colcon.colcon_core.package_identification:_identify(开发资源/assets/components/arms/lkls73_arm/variants/left/meshes) by extension 'ignore_ament_install'
[0.131s] Level 1:colcon.colcon_core.package_identification:_identify(开发资源/assets/components/arms/lkls73_arm/variants/left/meshes) by extensions ['colcon_pkg']
[0.131s] Level 1:colcon.colcon_core.package_identification:_identify(开发资源/assets/components/arms/lkls73_arm/variants/left/meshes) by extension 'colcon_pkg'
[0.131s] Level 1:colcon.colcon_core.package_identification:_identify(开发资源/assets/components/arms/lkls73_arm/variants/left/meshes) by extensions ['colcon_meta']
[0.131s] Level 1:colcon.colcon_core.package_identification:_identify(开发资源/assets/components/arms/lkls73_arm/variants/left/meshes) by extension 'colcon_meta'
[0.131s] Level 1:colcon.colcon_core.package_identification:_identify(开发资源/assets/components/arms/lkls73_arm/variants/left/meshes) by extensions ['ros']
[0.131s] Level 1:colcon.colcon_core.package_identification:_identify(开发资源/assets/components/arms/lkls73_arm/variants/left/meshes) by extension 'ros'
[0.131s] Level 1:colcon.colcon_core.package_identification:_identify(开发资源/assets/components/arms/lkls73_arm/variants/left/meshes) by extensions ['cmake', 'python']
[0.131s] Level 1:colcon.colcon_core.package_identification:_identify(开发资源/assets/components/arms/lkls73_arm/variants/left/meshes) by extension 'cmake'
[0.131s] Level 1:colcon.colcon_core.package_identification:_identify(开发资源/assets/components/arms/lkls73_arm/variants/left/meshes) by extension 'python'
[0.131s] Level 1:colcon.colcon_core.package_identification:_identify(开发资源/assets/components/arms/lkls73_arm/variants/left/meshes) by extensions ['python_setup_py']
[0.131s] Level 1:colcon.colcon_core.package_identification:_identify(开发资源/assets/components/arms/lkls73_arm/variants/left/meshes) by extension 'python_setup_py'
[0.131s] Level 1:colcon.colcon_core.package_identification:_identify(开发资源/assets/components/arms/lkls73_arm/variants/right) by extensions ['ignore', 'ignore_ament_install']
[0.131s] Level 1:colcon.colcon_core.package_identification:_identify(开发资源/assets/components/arms/lkls73_arm/variants/right) by extension 'ignore'
[0.131s] Level 1:colcon.colcon_core.package_identification:_identify(开发资源/assets/components/arms/lkls73_arm/variants/right) by extension 'ignore_ament_install'
[0.131s] Level 1:colcon.colcon_core.package_identification:_identify(开发资源/assets/components/arms/lkls73_arm/variants/right) by extensions ['colcon_pkg']
[0.131s] Level 1:colcon.colcon_core.package_identification:_identify(开发资源/assets/components/arms/lkls73_arm/variants/right) by extension 'colcon_pkg'
[0.132s] Level 1:colcon.colcon_core.package_identification:_identify(开发资源/assets/components/arms/lkls73_arm/variants/right) by extensions ['colcon_meta']
[0.132s] Level 1:colcon.colcon_core.package_identification:_identify(开发资源/assets/components/arms/lkls73_arm/variants/right) by extension 'colcon_meta'
[0.132s] Level 1:colcon.colcon_core.package_identification:_identify(开发资源/assets/components/arms/lkls73_arm/variants/right) by extensions ['ros']
[0.132s] Level 1:colcon.colcon_core.package_identification:_identify(开发资源/assets/components/arms/lkls73_arm/variants/right) by extension 'ros'
[0.132s] Level 1:colcon.colcon_core.package_identification:_identify(开发资源/assets/components/arms/lkls73_arm/variants/right) by extensions ['cmake', 'python']
[0.132s] Level 1:colcon.colcon_core.package_identification:_identify(开发资源/assets/components/arms/lkls73_arm/variants/right) by extension 'cmake'
[0.132s] Level 1:colcon.colcon_core.package_identification:_identify(开发资源/assets/components/arms/lkls73_arm/variants/right) by extension 'python'
[0.132s] Level 1:colcon.colcon_core.package_identification:_identify(开发资源/assets/components/arms/lkls73_arm/variants/right) by extensions ['python_setup_py']
[0.132s] Level 1:colcon.colcon_core.package_identification:_identify(开发资源/assets/components/arms/lkls73_arm/variants/right) by extension 'python_setup_py'
[0.132s] Level 1:colcon.colcon_core.package_identification:_identify(开发资源/assets/components/arms/lkls73_arm/variants/right/meshes) by extensions ['ignore', 'ignore_ament_install']
[0.132s] Level 1:colcon.colcon_core.package_identification:_identify(开发资源/assets/components/arms/lkls73_arm/variants/right/meshes) by extension 'ignore'
[0.132s] Level 1:colcon.colcon_core.package_identification:_identify(开发资源/assets/components/arms/lkls73_arm/variants/right/meshes) by extension 'ignore_ament_install'
[0.132s] Level 1:colcon.colcon_core.package_identification:_identify(开发资源/assets/components/arms/lkls73_arm/variants/right/meshes) by extensions ['colcon_pkg']
[0.132s] Level 1:colcon.colcon_core.package_identification:_identify(开发资源/assets/components/arms/lkls73_arm/variants/right/meshes) by extension 'colcon_pkg'
[0.132s] Level 1:colcon.colcon_core.package_identification:_identify(开发资源/assets/components/arms/lkls73_arm/variants/right/meshes) by extensions ['colcon_meta']
[0.132s] Level 1:colcon.colcon_core.package_identification:_identify(开发资源/assets/components/arms/lkls73_arm/variants/right/meshes) by extension 'colcon_meta'
[0.132s] Level 1:colcon.colcon_core.package_identification:_identify(开发资源/assets/components/arms/lkls73_arm/variants/right/meshes) by extensions ['ros']
[0.132s] Level 1:colcon.colcon_core.package_identification:_identify(开发资源/assets/components/arms/lkls73_arm/variants/right/meshes) by extension 'ros'
[0.132s] Level 1:colcon.colcon_core.package_identification:_identify(开发资源/assets/components/arms/lkls73_arm/variants/right/meshes) by extensions ['cmake', 'python']
[0.132s] Level 1:colcon.colcon_core.package_identification:_identify(开发资源/assets/components/arms/lkls73_arm/variants/right/meshes) by extension 'cmake'
[0.132s] Level 1:colcon.colcon_core.package_identification:_identify(开发资源/assets/components/arms/lkls73_arm/variants/right/meshes) by extension 'python'
[0.132s] Level 1:colcon.colcon_core.package_identification:_identify(开发资源/assets/components/arms/lkls73_arm/variants/right/meshes) by extensions ['python_setup_py']
[0.132s] Level 1:colcon.colcon_core.package_identification:_identify(开发资源/assets/components/arms/lkls73_arm/variants/right/meshes) by extension 'python_setup_py'
[0.132s] Level 1:colcon.colcon_core.package_identification:_identify(开发资源/assets/components/bases) by extensions ['ignore', 'ignore_ament_install']
[0.132s] Level 1:colcon.colcon_core.package_identification:_identify(开发资源/assets/components/bases) by extension 'ignore'
[0.132s] Level 1:colcon.colcon_core.package_identification:_identify(开发资源/assets/components/bases) by extension 'ignore_ament_install'
[0.132s] Level 1:colcon.colcon_core.package_identification:_identify(开发资源/assets/components/bases) by extensions ['colcon_pkg']
[0.132s] Level 1:colcon.colcon_core.package_identification:_identify(开发资源/assets/components/bases) by extension 'colcon_pkg'
[0.132s] Level 1:colcon.colcon_core.package_identification:_identify(开发资源/assets/components/bases) by extensions ['colcon_meta']
[0.132s] Level 1:colcon.colcon_core.package_identification:_identify(开发资源/assets/components/bases) by extension 'colcon_meta'
[0.132s] Level 1:colcon.colcon_core.package_identification:_identify(开发资源/assets/components/bases) by extensions ['ros']
[0.132s] Level 1:colcon.colcon_core.package_identification:_identify(开发资源/assets/components/bases) by extension 'ros'
[0.132s] Level 1:colcon.colcon_core.package_identification:_identify(开发资源/assets/components/bases) by extensions ['cmake', 'python']
[0.132s] Level 1:colcon.colcon_core.package_identification:_identify(开发资源/assets/components/bases) by extension 'cmake'
[0.132s] Level 1:colcon.colcon_core.package_identification:_identify(开发资源/assets/components/bases) by extension 'python'
[0.132s] Level 1:colcon.colcon_core.package_identification:_identify(开发资源/assets/components/bases) by extensions ['python_setup_py']
[0.132s] Level 1:colcon.colcon_core.package_identification:_identify(开发资源/assets/components/bases) by extension 'python_setup_py'
[0.132s] Level 1:colcon.colcon_core.package_identification:_identify(开发资源/assets/components/bases/lkls73_torso) by extensions ['ignore', 'ignore_ament_install']
[0.132s] Level 1:colcon.colcon_core.package_identification:_identify(开发资源/assets/components/bases/lkls73_torso) by extension 'ignore'
[0.132s] Level 1:colcon.colcon_core.package_identification:_identify(开发资源/assets/components/bases/lkls73_torso) by extension 'ignore_ament_install'
[0.132s] Level 1:colcon.colcon_core.package_identification:_identify(开发资源/assets/components/bases/lkls73_torso) by extensions ['colcon_pkg']
[0.132s] Level 1:colcon.colcon_core.package_identification:_identify(开发资源/assets/components/bases/lkls73_torso) by extension 'colcon_pkg'
[0.132s] Level 1:colcon.colcon_core.package_identification:_identify(开发资源/assets/components/bases/lkls73_torso) by extensions ['colcon_meta']
[0.132s] Level 1:colcon.colcon_core.package_identification:_identify(开发资源/assets/components/bases/lkls73_torso) by extension 'colcon_meta'
[0.132s] Level 1:colcon.colcon_core.package_identification:_identify(开发资源/assets/components/bases/lkls73_torso) by extensions ['ros']
[0.132s] Level 1:colcon.colcon_core.package_identification:_identify(开发资源/assets/components/bases/lkls73_torso) by extension 'ros'
[0.132s] Level 1:colcon.colcon_core.package_identification:_identify(开发资源/assets/components/bases/lkls73_torso) by extensions ['cmake', 'python']
[0.132s] Level 1:colcon.colcon_core.package_identification:_identify(开发资源/assets/components/bases/lkls73_torso) by extension 'cmake'
[0.132s] Level 1:colcon.colcon_core.package_identification:_identify(开发资源/assets/components/bases/lkls73_torso) by extension 'python'
[0.132s] Level 1:colcon.colcon_core.package_identification:_identify(开发资源/assets/components/bases/lkls73_torso) by extensions ['python_setup_py']
[0.132s] Level 1:colcon.colcon_core.package_identification:_identify(开发资源/assets/components/bases/lkls73_torso) by extension 'python_setup_py'
[0.133s] Level 1:colcon.colcon_core.package_identification:_identify(开发资源/assets/components/bases/lkls73_torso/variants) by extensions ['ignore', 'ignore_ament_install']
[0.133s] Level 1:colcon.colcon_core.package_identification:_identify(开发资源/assets/components/bases/lkls73_torso/variants) by extension 'ignore'
[0.133s] Level 1:colcon.colcon_core.package_identification:_identify(开发资源/assets/components/bases/lkls73_torso/variants) by extension 'ignore_ament_install'
[0.133s] Level 1:colcon.colcon_core.package_identification:_identify(开发资源/assets/components/bases/lkls73_torso/variants) by extensions ['colcon_pkg']
[0.133s] Level 1:colcon.colcon_core.package_identification:_identify(开发资源/assets/components/bases/lkls73_torso/variants) by extension 'colcon_pkg'
[0.133s] Level 1:colcon.colcon_core.package_identification:_identify(开发资源/assets/components/bases/lkls73_torso/variants) by extensions ['colcon_meta']
[0.133s] Level 1:colcon.colcon_core.package_identification:_identify(开发资源/assets/components/bases/lkls73_torso/variants) by extension 'colcon_meta'
[0.133s] Level 1:colcon.colcon_core.package_identification:_identify(开发资源/assets/components/bases/lkls73_torso/variants) by extensions ['ros']
[0.133s] Level 1:colcon.colcon_core.package_identification:_identify(开发资源/assets/components/bases/lkls73_torso/variants) by extension 'ros'
[0.133s] Level 1:colcon.colcon_core.package_identification:_identify(开发资源/assets/components/bases/lkls73_torso/variants) by extensions ['cmake', 'python']
[0.133s] Level 1:colcon.colcon_core.package_identification:_identify(开发资源/assets/components/bases/lkls73_torso/variants) by extension 'cmake'
[0.133s] Level 1:colcon.colcon_core.package_identification:_identify(开发资源/assets/components/bases/lkls73_torso/variants) by extension 'python'
[0.133s] Level 1:colcon.colcon_core.package_identification:_identify(开发资源/assets/components/bases/lkls73_torso/variants) by extensions ['python_setup_py']
[0.133s] Level 1:colcon.colcon_core.package_identification:_identify(开发资源/assets/components/bases/lkls73_torso/variants) by extension 'python_setup_py'
[0.133s] Level 1:colcon.colcon_core.package_identification:_identify(开发资源/assets/components/bases/lkls73_torso/variants/default) by extensions ['ignore', 'ignore_ament_install']
[0.133s] Level 1:colcon.colcon_core.package_identification:_identify(开发资源/assets/components/bases/lkls73_torso/variants/default) by extension 'ignore'
[0.133s] Level 1:colcon.colcon_core.package_identification:_identify(开发资源/assets/components/bases/lkls73_torso/variants/default) by extension 'ignore_ament_install'
[0.133s] Level 1:colcon.colcon_core.package_identification:_identify(开发资源/assets/components/bases/lkls73_torso/variants/default) by extensions ['colcon_pkg']
[0.133s] Level 1:colcon.colcon_core.package_identification:_identify(开发资源/assets/components/bases/lkls73_torso/variants/default) by extension 'colcon_pkg'
[0.133s] Level 1:colcon.colcon_core.package_identification:_identify(开发资源/assets/components/bases/lkls73_torso/variants/default) by extensions ['colcon_meta']
[0.133s] Level 1:colcon.colcon_core.package_identification:_identify(开发资源/assets/components/bases/lkls73_torso/variants/default) by extension 'colcon_meta'
[0.133s] Level 1:colcon.colcon_core.package_identification:_identify(开发资源/assets/components/bases/lkls73_torso/variants/default) by extensions ['ros']
[0.133s] Level 1:colcon.colcon_core.package_identification:_identify(开发资源/assets/components/bases/lkls73_torso/variants/default) by extension 'ros'
[0.133s] Level 1:colcon.colcon_core.package_identification:_identify(开发资源/assets/components/bases/lkls73_torso/variants/default) by extensions ['cmake', 'python']
[0.133s] Level 1:colcon.colcon_core.package_identification:_identify(开发资源/assets/components/bases/lkls73_torso/variants/default) by extension 'cmake'
[0.133s] Level 1:colcon.colcon_core.package_identification:_identify(开发资源/assets/components/bases/lkls73_torso/variants/default) by extension 'python'
[0.133s] Level 1:colcon.colcon_core.package_identification:_identify(开发资源/assets/components/bases/lkls73_torso/variants/default) by extensions ['python_setup_py']
[0.133s] Level 1:colcon.colcon_core.package_identification:_identify(开发资源/assets/components/bases/lkls73_torso/variants/default) by extension 'python_setup_py'
[0.133s] Level 1:colcon.colcon_core.package_identification:_identify(开发资源/assets/components/bases/lkls73_torso/variants/default/meshes) by extensions ['ignore', 'ignore_ament_install']
[0.133s] Level 1:colcon.colcon_core.package_identification:_identify(开发资源/assets/components/bases/lkls73_torso/variants/default/meshes) by extension 'ignore'
[0.133s] Level 1:colcon.colcon_core.package_identification:_identify(开发资源/assets/components/bases/lkls73_torso/variants/default/meshes) by extension 'ignore_ament_install'
[0.133s] Level 1:colcon.colcon_core.package_identification:_identify(开发资源/assets/components/bases/lkls73_torso/variants/default/meshes) by extensions ['colcon_pkg']
[0.133s] Level 1:colcon.colcon_core.package_identification:_identify(开发资源/assets/components/bases/lkls73_torso/variants/default/meshes) by extension 'colcon_pkg'
[0.133s] Level 1:colcon.colcon_core.package_identification:_identify(开发资源/assets/components/bases/lkls73_torso/variants/default/meshes) by extensions ['colcon_meta']
[0.133s] Level 1:colcon.colcon_core.package_identification:_identify(开发资源/assets/components/bases/lkls73_torso/variants/default/meshes) by extension 'colcon_meta'
[0.133s] Level 1:colcon.colcon_core.package_identification:_identify(开发资源/assets/components/bases/lkls73_torso/variants/default/meshes) by extensions ['ros']
[0.133s] Level 1:colcon.colcon_core.package_identification:_identify(开发资源/assets/components/bases/lkls73_torso/variants/default/meshes) by extension 'ros'
[0.133s] Level 1:colcon.colcon_core.package_identification:_identify(开发资源/assets/components/bases/lkls73_torso/variants/default/meshes) by extensions ['cmake', 'python']
[0.133s] Level 1:colcon.colcon_core.package_identification:_identify(开发资源/assets/components/bases/lkls73_torso/variants/default/meshes) by extension 'cmake'
[0.133s] Level 1:colcon.colcon_core.package_identification:_identify(开发资源/assets/components/bases/lkls73_torso/variants/default/meshes) by extension 'python'
[0.133s] Level 1:colcon.colcon_core.package_identification:_identify(开发资源/assets/components/bases/lkls73_torso/variants/default/meshes) by extensions ['python_setup_py']
[0.133s] Level 1:colcon.colcon_core.package_identification:_identify(开发资源/assets/components/bases/lkls73_torso/variants/default/meshes) by extension 'python_setup_py'
[0.133s] Level 1:colcon.colcon_core.package_identification:_identify(开发资源/assets/components/hands) by extensions ['ignore', 'ignore_ament_install']
[0.133s] Level 1:colcon.colcon_core.package_identification:_identify(开发资源/assets/components/hands) by extension 'ignore'
[0.133s] Level 1:colcon.colcon_core.package_identification:_identify(开发资源/assets/components/hands) by extension 'ignore_ament_install'
[0.133s] Level 1:colcon.colcon_core.package_identification:_identify(开发资源/assets/components/hands) by extensions ['colcon_pkg']
[0.133s] Level 1:colcon.colcon_core.package_identification:_identify(开发资源/assets/components/hands) by extension 'colcon_pkg'
[0.133s] Level 1:colcon.colcon_core.package_identification:_identify(开发资源/assets/components/hands) by extensions ['colcon_meta']
[0.134s] Level 1:colcon.colcon_core.package_identification:_identify(开发资源/assets/components/hands) by extension 'colcon_meta'
[0.134s] Level 1:colcon.colcon_core.package_identification:_identify(开发资源/assets/components/hands) by extensions ['ros']
[0.134s] Level 1:colcon.colcon_core.package_identification:_identify(开发资源/assets/components/hands) by extension 'ros'
[0.134s] Level 1:colcon.colcon_core.package_identification:_identify(开发资源/assets/components/hands) by extensions ['cmake', 'python']
[0.134s] Level 1:colcon.colcon_core.package_identification:_identify(开发资源/assets/components/hands) by extension 'cmake'
[0.134s] Level 1:colcon.colcon_core.package_identification:_identify(开发资源/assets/components/hands) by extension 'python'
[0.134s] Level 1:colcon.colcon_core.package_identification:_identify(开发资源/assets/components/hands) by extensions ['python_setup_py']
[0.134s] Level 1:colcon.colcon_core.package_identification:_identify(开发资源/assets/components/hands) by extension 'python_setup_py'
[0.134s] Level 1:colcon.colcon_core.package_identification:_identify(开发资源/assets/components/hands/linkerhand_o6) by extensions ['ignore', 'ignore_ament_install']
[0.134s] Level 1:colcon.colcon_core.package_identification:_identify(开发资源/assets/components/hands/linkerhand_o6) by extension 'ignore'
[0.134s] Level 1:colcon.colcon_core.package_identification:_identify(开发资源/assets/components/hands/linkerhand_o6) by extension 'ignore_ament_install'
[0.134s] Level 1:colcon.colcon_core.package_identification:_identify(开发资源/assets/components/hands/linkerhand_o6) by extensions ['colcon_pkg']
[0.134s] Level 1:colcon.colcon_core.package_identification:_identify(开发资源/assets/components/hands/linkerhand_o6) by extension 'colcon_pkg'
[0.134s] Level 1:colcon.colcon_core.package_identification:_identify(开发资源/assets/components/hands/linkerhand_o6) by extensions ['colcon_meta']
[0.134s] Level 1:colcon.colcon_core.package_identification:_identify(开发资源/assets/components/hands/linkerhand_o6) by extension 'colcon_meta'
[0.134s] Level 1:colcon.colcon_core.package_identification:_identify(开发资源/assets/components/hands/linkerhand_o6) by extensions ['ros']
[0.134s] Level 1:colcon.colcon_core.package_identification:_identify(开发资源/assets/components/hands/linkerhand_o6) by extension 'ros'
[0.134s] Level 1:colcon.colcon_core.package_identification:_identify(开发资源/assets/components/hands/linkerhand_o6) by extensions ['cmake', 'python']
[0.134s] Level 1:colcon.colcon_core.package_identification:_identify(开发资源/assets/components/hands/linkerhand_o6) by extension 'cmake'
[0.134s] Level 1:colcon.colcon_core.package_identification:_identify(开发资源/assets/components/hands/linkerhand_o6) by extension 'python'
[0.134s] Level 1:colcon.colcon_core.package_identification:_identify(开发资源/assets/components/hands/linkerhand_o6) by extensions ['python_setup_py']
[0.134s] Level 1:colcon.colcon_core.package_identification:_identify(开发资源/assets/components/hands/linkerhand_o6) by extension 'python_setup_py'
[0.134s] Level 1:colcon.colcon_core.package_identification:_identify(开发资源/assets/components/hands/linkerhand_o6/variants) by extensions ['ignore', 'ignore_ament_install']
[0.134s] Level 1:colcon.colcon_core.package_identification:_identify(开发资源/assets/components/hands/linkerhand_o6/variants) by extension 'ignore'
[0.134s] Level 1:colcon.colcon_core.package_identification:_identify(开发资源/assets/components/hands/linkerhand_o6/variants) by extension 'ignore_ament_install'
[0.134s] Level 1:colcon.colcon_core.package_identification:_identify(开发资源/assets/components/hands/linkerhand_o6/variants) by extensions ['colcon_pkg']
[0.134s] Level 1:colcon.colcon_core.package_identification:_identify(开发资源/assets/components/hands/linkerhand_o6/variants) by extension 'colcon_pkg'
[0.134s] Level 1:colcon.colcon_core.package_identification:_identify(开发资源/assets/components/hands/linkerhand_o6/variants) by extensions ['colcon_meta']
[0.134s] Level 1:colcon.colcon_core.package_identification:_identify(开发资源/assets/components/hands/linkerhand_o6/variants) by extension 'colcon_meta'
[0.134s] Level 1:colcon.colcon_core.package_identification:_identify(开发资源/assets/components/hands/linkerhand_o6/variants) by extensions ['ros']
[0.134s] Level 1:colcon.colcon_core.package_identification:_identify(开发资源/assets/components/hands/linkerhand_o6/variants) by extension 'ros'
[0.134s] Level 1:colcon.colcon_core.package_identification:_identify(开发资源/assets/components/hands/linkerhand_o6/variants) by extensions ['cmake', 'python']
[0.134s] Level 1:colcon.colcon_core.package_identification:_identify(开发资源/assets/components/hands/linkerhand_o6/variants) by extension 'cmake'
[0.134s] Level 1:colcon.colcon_core.package_identification:_identify(开发资源/assets/components/hands/linkerhand_o6/variants) by extension 'python'
[0.134s] Level 1:colcon.colcon_core.package_identification:_identify(开发资源/assets/components/hands/linkerhand_o6/variants) by extensions ['python_setup_py']
[0.134s] Level 1:colcon.colcon_core.package_identification:_identify(开发资源/assets/components/hands/linkerhand_o6/variants) by extension 'python_setup_py'
[0.134s] Level 1:colcon.colcon_core.package_identification:_identify(开发资源/assets/components/hands/linkerhand_o6/variants/left) by extensions ['ignore', 'ignore_ament_install']
[0.134s] Level 1:colcon.colcon_core.package_identification:_identify(开发资源/assets/components/hands/linkerhand_o6/variants/left) by extension 'ignore'
[0.134s] Level 1:colcon.colcon_core.package_identification:_identify(开发资源/assets/components/hands/linkerhand_o6/variants/left) by extension 'ignore_ament_install'
[0.134s] Level 1:colcon.colcon_core.package_identification:_identify(开发资源/assets/components/hands/linkerhand_o6/variants/left) by extensions ['colcon_pkg']
[0.134s] Level 1:colcon.colcon_core.package_identification:_identify(开发资源/assets/components/hands/linkerhand_o6/variants/left) by extension 'colcon_pkg'
[0.134s] Level 1:colcon.colcon_core.package_identification:_identify(开发资源/assets/components/hands/linkerhand_o6/variants/left) by extensions ['colcon_meta']
[0.134s] Level 1:colcon.colcon_core.package_identification:_identify(开发资源/assets/components/hands/linkerhand_o6/variants/left) by extension 'colcon_meta'
[0.134s] Level 1:colcon.colcon_core.package_identification:_identify(开发资源/assets/components/hands/linkerhand_o6/variants/left) by extensions ['ros']
[0.134s] Level 1:colcon.colcon_core.package_identification:_identify(开发资源/assets/components/hands/linkerhand_o6/variants/left) by extension 'ros'
[0.134s] Level 1:colcon.colcon_core.package_identification:_identify(开发资源/assets/components/hands/linkerhand_o6/variants/left) by extensions ['cmake', 'python']
[0.134s] Level 1:colcon.colcon_core.package_identification:_identify(开发资源/assets/components/hands/linkerhand_o6/variants/left) by extension 'cmake'
[0.134s] Level 1:colcon.colcon_core.package_identification:_identify(开发资源/assets/components/hands/linkerhand_o6/variants/left) by extension 'python'
[0.134s] Level 1:colcon.colcon_core.package_identification:_identify(开发资源/assets/components/hands/linkerhand_o6/variants/left) by extensions ['python_setup_py']
[0.134s] Level 1:colcon.colcon_core.package_identification:_identify(开发资源/assets/components/hands/linkerhand_o6/variants/left) by extension 'python_setup_py'
[0.134s] Level 1:colcon.colcon_core.package_identification:_identify(开发资源/assets/components/hands/linkerhand_o6/variants/left/meshes) by extensions ['ignore', 'ignore_ament_install']
[0.135s] Level 1:colcon.colcon_core.package_identification:_identify(开发资源/assets/components/hands/linkerhand_o6/variants/left/meshes) by extension 'ignore'
[0.135s] Level 1:colcon.colcon_core.package_identification:_identify(开发资源/assets/components/hands/linkerhand_o6/variants/left/meshes) by extension 'ignore_ament_install'
[0.135s] Level 1:colcon.colcon_core.package_identification:_identify(开发资源/assets/components/hands/linkerhand_o6/variants/left/meshes) by extensions ['colcon_pkg']
[0.135s] Level 1:colcon.colcon_core.package_identification:_identify(开发资源/assets/components/hands/linkerhand_o6/variants/left/meshes) by extension 'colcon_pkg'
[0.135s] Level 1:colcon.colcon_core.package_identification:_identify(开发资源/assets/components/hands/linkerhand_o6/variants/left/meshes) by extensions ['colcon_meta']
[0.135s] Level 1:colcon.colcon_core.package_identification:_identify(开发资源/assets/components/hands/linkerhand_o6/variants/left/meshes) by extension 'colcon_meta'
[0.135s] Level 1:colcon.colcon_core.package_identification:_identify(开发资源/assets/components/hands/linkerhand_o6/variants/left/meshes) by extensions ['ros']
[0.135s] Level 1:colcon.colcon_core.package_identification:_identify(开发资源/assets/components/hands/linkerhand_o6/variants/left/meshes) by extension 'ros'
[0.135s] Level 1:colcon.colcon_core.package_identification:_identify(开发资源/assets/components/hands/linkerhand_o6/variants/left/meshes) by extensions ['cmake', 'python']
[0.135s] Level 1:colcon.colcon_core.package_identification:_identify(开发资源/assets/components/hands/linkerhand_o6/variants/left/meshes) by extension 'cmake'
[0.135s] Level 1:colcon.colcon_core.package_identification:_identify(开发资源/assets/components/hands/linkerhand_o6/variants/left/meshes) by extension 'python'
[0.135s] Level 1:colcon.colcon_core.package_identification:_identify(开发资源/assets/components/hands/linkerhand_o6/variants/left/meshes) by extensions ['python_setup_py']
[0.135s] Level 1:colcon.colcon_core.package_identification:_identify(开发资源/assets/components/hands/linkerhand_o6/variants/left/meshes) by extension 'python_setup_py'
[0.135s] Level 1:colcon.colcon_core.package_identification:_identify(开发资源/assets/components/hands/linkerhand_o6/variants/right) by extensions ['ignore', 'ignore_ament_install']
[0.135s] Level 1:colcon.colcon_core.package_identification:_identify(开发资源/assets/components/hands/linkerhand_o6/variants/right) by extension 'ignore'
[0.135s] Level 1:colcon.colcon_core.package_identification:_identify(开发资源/assets/components/hands/linkerhand_o6/variants/right) by extension 'ignore_ament_install'
[0.135s] Level 1:colcon.colcon_core.package_identification:_identify(开发资源/assets/components/hands/linkerhand_o6/variants/right) by extensions ['colcon_pkg']
[0.135s] Level 1:colcon.colcon_core.package_identification:_identify(开发资源/assets/components/hands/linkerhand_o6/variants/right) by extension 'colcon_pkg'
[0.135s] Level 1:colcon.colcon_core.package_identification:_identify(开发资源/assets/components/hands/linkerhand_o6/variants/right) by extensions ['colcon_meta']
[0.135s] Level 1:colcon.colcon_core.package_identification:_identify(开发资源/assets/components/hands/linkerhand_o6/variants/right) by extension 'colcon_meta'
[0.135s] Level 1:colcon.colcon_core.package_identification:_identify(开发资源/assets/components/hands/linkerhand_o6/variants/right) by extensions ['ros']
[0.135s] Level 1:colcon.colcon_core.package_identification:_identify(开发资源/assets/components/hands/linkerhand_o6/variants/right) by extension 'ros'
[0.135s] Level 1:colcon.colcon_core.package_identification:_identify(开发资源/assets/components/hands/linkerhand_o6/variants/right) by extensions ['cmake', 'python']
[0.135s] Level 1:colcon.colcon_core.package_identification:_identify(开发资源/assets/components/hands/linkerhand_o6/variants/right) by extension 'cmake'
[0.135s] Level 1:colcon.colcon_core.package_identification:_identify(开发资源/assets/components/hands/linkerhand_o6/variants/right) by extension 'python'
[0.135s] Level 1:colcon.colcon_core.package_identification:_identify(开发资源/assets/components/hands/linkerhand_o6/variants/right) by extensions ['python_setup_py']
[0.135s] Level 1:colcon.colcon_core.package_identification:_identify(开发资源/assets/components/hands/linkerhand_o6/variants/right) by extension 'python_setup_py'
[0.135s] Level 1:colcon.colcon_core.package_identification:_identify(开发资源/assets/components/hands/linkerhand_o6/variants/right/meshes) by extensions ['ignore', 'ignore_ament_install']
[0.135s] Level 1:colcon.colcon_core.package_identification:_identify(开发资源/assets/components/hands/linkerhand_o6/variants/right/meshes) by extension 'ignore'
[0.135s] Level 1:colcon.colcon_core.package_identification:_identify(开发资源/assets/components/hands/linkerhand_o6/variants/right/meshes) by extension 'ignore_ament_install'
[0.135s] Level 1:colcon.colcon_core.package_identification:_identify(开发资源/assets/components/hands/linkerhand_o6/variants/right/meshes) by extensions ['colcon_pkg']
[0.135s] Level 1:colcon.colcon_core.package_identification:_identify(开发资源/assets/components/hands/linkerhand_o6/variants/right/meshes) by extension 'colcon_pkg'
[0.135s] Level 1:colcon.colcon_core.package_identification:_identify(开发资源/assets/components/hands/linkerhand_o6/variants/right/meshes) by extensions ['colcon_meta']
[0.135s] Level 1:colcon.colcon_core.package_identification:_identify(开发资源/assets/components/hands/linkerhand_o6/variants/right/meshes) by extension 'colcon_meta'
[0.135s] Level 1:colcon.colcon_core.package_identification:_identify(开发资源/assets/components/hands/linkerhand_o6/variants/right/meshes) by extensions ['ros']
[0.135s] Level 1:colcon.colcon_core.package_identification:_identify(开发资源/assets/components/hands/linkerhand_o6/variants/right/meshes) by extension 'ros'
[0.135s] Level 1:colcon.colcon_core.package_identification:_identify(开发资源/assets/components/hands/linkerhand_o6/variants/right/meshes) by extensions ['cmake', 'python']
[0.135s] Level 1:colcon.colcon_core.package_identification:_identify(开发资源/assets/components/hands/linkerhand_o6/variants/right/meshes) by extension 'cmake'
[0.135s] Level 1:colcon.colcon_core.package_identification:_identify(开发资源/assets/components/hands/linkerhand_o6/variants/right/meshes) by extension 'python'
[0.135s] Level 1:colcon.colcon_core.package_identification:_identify(开发资源/assets/components/hands/linkerhand_o6/variants/right/meshes) by extensions ['python_setup_py']
[0.135s] Level 1:colcon.colcon_core.package_identification:_identify(开发资源/assets/components/hands/linkerhand_o6/variants/right/meshes) by extension 'python_setup_py'
[0.135s] Level 1:colcon.colcon_core.package_identification:_identify(开发资源/assets/workstations) by extensions ['ignore', 'ignore_ament_install']
[0.135s] Level 1:colcon.colcon_core.package_identification:_identify(开发资源/assets/workstations) by extension 'ignore'
[0.135s] Level 1:colcon.colcon_core.package_identification:_identify(开发资源/assets/workstations) by extension 'ignore_ament_install'
[0.135s] Level 1:colcon.colcon_core.package_identification:_identify(开发资源/assets/workstations) by extensions ['colcon_pkg']
[0.135s] Level 1:colcon.colcon_core.package_identification:_identify(开发资源/assets/workstations) by extension 'colcon_pkg'
[0.135s] Level 1:colcon.colcon_core.package_identification:_identify(开发资源/assets/workstations) by extensions ['colcon_meta']
[0.135s] Level 1:colcon.colcon_core.package_identification:_identify(开发资源/assets/workstations) by extension 'colcon_meta'
[0.135s] Level 1:colcon.colcon_core.package_identification:_identify(开发资源/assets/workstations) by extensions ['ros']
[0.135s] Level 1:colcon.colcon_core.package_identification:_identify(开发资源/assets/workstations) by extension 'ros'
[0.136s] Level 1:colcon.colcon_core.package_identification:_identify(开发资源/assets/workstations) by extensions ['cmake', 'python']
[0.136s] Level 1:colcon.colcon_core.package_identification:_identify(开发资源/assets/workstations) by extension 'cmake'
[0.136s] Level 1:colcon.colcon_core.package_identification:_identify(开发资源/assets/workstations) by extension 'python'
[0.136s] Level 1:colcon.colcon_core.package_identification:_identify(开发资源/assets/workstations) by extensions ['python_setup_py']
[0.136s] Level 1:colcon.colcon_core.package_identification:_identify(开发资源/assets/workstations) by extension 'python_setup_py'
[0.136s] Level 1:colcon.colcon_core.package_identification:_identify(开发资源/assets/workstations/lkls73_i1_o6_bimanual) by extensions ['ignore', 'ignore_ament_install']
[0.136s] Level 1:colcon.colcon_core.package_identification:_identify(开发资源/assets/workstations/lkls73_i1_o6_bimanual) by extension 'ignore'
[0.136s] Level 1:colcon.colcon_core.package_identification:_identify(开发资源/assets/workstations/lkls73_i1_o6_bimanual) by extension 'ignore_ament_install'
[0.136s] Level 1:colcon.colcon_core.package_identification:_identify(开发资源/assets/workstations/lkls73_i1_o6_bimanual) by extensions ['colcon_pkg']
[0.136s] Level 1:colcon.colcon_core.package_identification:_identify(开发资源/assets/workstations/lkls73_i1_o6_bimanual) by extension 'colcon_pkg'
[0.136s] Level 1:colcon.colcon_core.package_identification:_identify(开发资源/assets/workstations/lkls73_i1_o6_bimanual) by extensions ['colcon_meta']
[0.136s] Level 1:colcon.colcon_core.package_identification:_identify(开发资源/assets/workstations/lkls73_i1_o6_bimanual) by extension 'colcon_meta'
[0.136s] Level 1:colcon.colcon_core.package_identification:_identify(开发资源/assets/workstations/lkls73_i1_o6_bimanual) by extensions ['ros']
[0.136s] Level 1:colcon.colcon_core.package_identification:_identify(开发资源/assets/workstations/lkls73_i1_o6_bimanual) by extension 'ros'
[0.136s] Level 1:colcon.colcon_core.package_identification:_identify(开发资源/assets/workstations/lkls73_i1_o6_bimanual) by extensions ['cmake', 'python']
[0.136s] Level 1:colcon.colcon_core.package_identification:_identify(开发资源/assets/workstations/lkls73_i1_o6_bimanual) by extension 'cmake'
[0.136s] Level 1:colcon.colcon_core.package_identification:_identify(开发资源/assets/workstations/lkls73_i1_o6_bimanual) by extension 'python'
[0.136s] Level 1:colcon.colcon_core.package_identification:_identify(开发资源/assets/workstations/lkls73_i1_o6_bimanual) by extensions ['python_setup_py']
[0.136s] Level 1:colcon.colcon_core.package_identification:_identify(开发资源/assets/workstations/lkls73_i1_o6_bimanual) by extension 'python_setup_py'
[0.136s] Level 1:colcon.colcon_core.package_discovery:discover_packages(recursive) using defaults
[0.136s] Level 1:colcon.colcon_core.package_discovery:discover_packages(ignore) discover
[0.136s] Level 1:colcon.colcon_core.package_discovery:discover_packages(ignore) using defaults
[0.136s] Level 1:colcon.colcon_core.package_discovery:discover_packages(path) discover
[0.136s] Level 1:colcon.colcon_core.package_discovery:discover_packages(path) using defaults
[0.145s] Level 1:colcon.colcon_core.package_discovery:discover_packages(prefix_path) check parameters
[0.145s] Level 1:colcon.colcon_core.package_discovery:discover_packages(prefix_path) discover
[0.146s] DEBUG:colcon.colcon_installed_package_information.package_discovery:Found 287 installed packages in /opt/ros/jazzy
[0.147s] Level 1:colcon.colcon_core.package_discovery:discover_packages(prefix_path) using defaults
[0.164s] Level 5:colcon.colcon_core.verb:set package 'lbot_arm_interfaces' build argument 'cmake_args' from command line to 'None'
[0.164s] Level 5:colcon.colcon_core.verb:set package 'lbot_arm_interfaces' build argument 'cmake_target' from command line to 'None'
[0.164s] Level 5:colcon.colcon_core.verb:set package 'lbot_arm_interfaces' build argument 'cmake_target_skip_unavailable' from command line to 'False'
[0.164s] Level 5:colcon.colcon_core.verb:set package 'lbot_arm_interfaces' build argument 'cmake_clean_cache' from command line to 'False'
[0.164s] Level 5:colcon.colcon_core.verb:set package 'lbot_arm_interfaces' build argument 'cmake_clean_first' from command line to 'False'
[0.164s] Level 5:colcon.colcon_core.verb:set package 'lbot_arm_interfaces' build argument 'cmake_force_configure' from command line to 'False'
[0.164s] Level 5:colcon.colcon_core.verb:set package 'lbot_arm_interfaces' build argument 'ament_cmake_args' from command line to 'None'
[0.164s] Level 5:colcon.colcon_core.verb:set package 'lbot_arm_interfaces' build argument 'catkin_cmake_args' from command line to 'None'
[0.164s] Level 5:colcon.colcon_core.verb:set package 'lbot_arm_interfaces' build argument 'catkin_skip_building_tests' from command line to 'False'
[0.164s] DEBUG:colcon.colcon_core.verb:Building package 'lbot_arm_interfaces' with the following arguments: {'ament_cmake_args': None, 'build_base': '/home/lzy/lbot_ws/build/lbot_arm_interfaces', 'catkin_cmake_args': None, 'catkin_skip_building_tests': False, 'cmake_args': None, 'cmake_clean_cache': False, 'cmake_clean_first': False, 'cmake_force_configure': False, 'cmake_target': None, 'cmake_target_skip_unavailable': False, 'install_base': '/home/lzy/lbot_ws/install/lbot_arm_interfaces', 'merge_install': False, 'path': '/home/lzy/lbot_ws/src/lbot_arm_interfaces', 'symlink_install': False, 'test_result_base': None}
[0.164s] Level 5:colcon.colcon_core.verb:set package 'lbot_demo' build argument 'cmake_args' from command line to 'None'
[0.165s] Level 5:colcon.colcon_core.verb:set package 'lbot_demo' build argument 'cmake_target' from command line to 'None'
[0.165s] Level 5:colcon.colcon_core.verb:set package 'lbot_demo' build argument 'cmake_target_skip_unavailable' from command line to 'False'
[0.165s] Level 5:colcon.colcon_core.verb:set package 'lbot_demo' build argument 'cmake_clean_cache' from command line to 'False'
[0.165s] Level 5:colcon.colcon_core.verb:set package 'lbot_demo' build argument 'cmake_clean_first' from command line to 'False'
[0.165s] Level 5:colcon.colcon_core.verb:set package 'lbot_demo' build argument 'cmake_force_configure' from command line to 'False'
[0.165s] Level 5:colcon.colcon_core.verb:set package 'lbot_demo' build argument 'ament_cmake_args' from command line to 'None'
[0.165s] Level 5:colcon.colcon_core.verb:set package 'lbot_demo' build argument 'catkin_cmake_args' from command line to 'None'
[0.165s] Level 5:colcon.colcon_core.verb:set package 'lbot_demo' build argument 'catkin_skip_building_tests' from command line to 'False'
[0.165s] DEBUG:colcon.colcon_core.verb:Building package 'lbot_demo' with the following arguments: {'ament_cmake_args': None, 'build_base': '/home/lzy/lbot_ws/build/lbot_demo', 'catkin_cmake_args': None, 'catkin_skip_building_tests': False, 'cmake_args': None, 'cmake_clean_cache': False, 'cmake_clean_first': False, 'cmake_force_configure': False, 'cmake_target': None, 'cmake_target_skip_unavailable': False, 'install_base': '/home/lzy/lbot_ws/install/lbot_demo', 'merge_install': False, 'path': '/home/lzy/lbot_ws/src/lbot_demo', 'symlink_install': False, 'test_result_base': None}
[0.165s] Level 5:colcon.colcon_core.verb:set package 'lbot_driver' build argument 'cmake_args' from command line to 'None'
[0.165s] Level 5:colcon.colcon_core.verb:set package 'lbot_driver' build argument 'cmake_target' from command line to 'None'
[0.165s] Level 5:colcon.colcon_core.verb:set package 'lbot_driver' build argument 'cmake_target_skip_unavailable' from command line to 'False'
[0.165s] Level 5:colcon.colcon_core.verb:set package 'lbot_driver' build argument 'cmake_clean_cache' from command line to 'False'
[0.165s] Level 5:colcon.colcon_core.verb:set package 'lbot_driver' build argument 'cmake_clean_first' from command line to 'False'
[0.165s] Level 5:colcon.colcon_core.verb:set package 'lbot_driver' build argument 'cmake_force_configure' from command line to 'False'
[0.165s] Level 5:colcon.colcon_core.verb:set package 'lbot_driver' build argument 'ament_cmake_args' from command line to 'None'
[0.165s] Level 5:colcon.colcon_core.verb:set package 'lbot_driver' build argument 'catkin_cmake_args' from command line to 'None'
[0.165s] Level 5:colcon.colcon_core.verb:set package 'lbot_driver' build argument 'catkin_skip_building_tests' from command line to 'False'
[0.165s] DEBUG:colcon.colcon_core.verb:Building package 'lbot_driver' with the following arguments: {'ament_cmake_args': None, 'build_base': '/home/lzy/lbot_ws/build/lbot_driver', 'catkin_cmake_args': None, 'catkin_skip_building_tests': False, 'cmake_args': None, 'cmake_clean_cache': False, 'cmake_clean_first': False, 'cmake_force_configure': False, 'cmake_target': None, 'cmake_target_skip_unavailable': False, 'install_base': '/home/lzy/lbot_ws/install/lbot_driver', 'merge_install': False, 'path': '/home/lzy/lbot_ws/src/lbot_driver', 'symlink_install': False, 'test_result_base': None}
[0.165s] Level 5:colcon.colcon_core.verb:set package 'lbot_teleop' build argument 'cmake_args' from command line to 'None'
[0.165s] Level 5:colcon.colcon_core.verb:set package 'lbot_teleop' build argument 'cmake_target' from command line to 'None'
[0.165s] Level 5:colcon.colcon_core.verb:set package 'lbot_teleop' build argument 'cmake_target_skip_unavailable' from command line to 'False'
[0.165s] Level 5:colcon.colcon_core.verb:set package 'lbot_teleop' build argument 'cmake_clean_cache' from command line to 'False'
[0.165s] Level 5:colcon.colcon_core.verb:set package 'lbot_teleop' build argument 'cmake_clean_first' from command line to 'False'
[0.165s] Level 5:colcon.colcon_core.verb:set package 'lbot_teleop' build argument 'cmake_force_configure' from command line to 'False'
[0.165s] Level 5:colcon.colcon_core.verb:set package 'lbot_teleop' build argument 'ament_cmake_args' from command line to 'None'
[0.165s] Level 5:colcon.colcon_core.verb:set package 'lbot_teleop' build argument 'catkin_cmake_args' from command line to 'None'
[0.165s] Level 5:colcon.colcon_core.verb:set package 'lbot_teleop' build argument 'catkin_skip_building_tests' from command line to 'False'
[0.165s] DEBUG:colcon.colcon_core.verb:Building package 'lbot_teleop' with the following arguments: {'ament_cmake_args': None, 'build_base': '/home/lzy/lbot_ws/build/lbot_teleop', 'catkin_cmake_args': None, 'catkin_skip_building_tests': False, 'cmake_args': None, 'cmake_clean_cache': False, 'cmake_clean_first': False, 'cmake_force_configure': False, 'cmake_target': None, 'cmake_target_skip_unavailable': False, 'install_base': '/home/lzy/lbot_ws/install/lbot_teleop', 'merge_install': False, 'path': '/home/lzy/lbot_ws/src/lbot_teleop', 'symlink_install': False, 'test_result_base': None}
[0.165s] INFO:colcon.colcon_core.executor:Executing jobs using 'parallel' executor
[0.166s] DEBUG:colcon.colcon_parallel_executor.executor.parallel:run_until_complete
[0.166s] INFO:colcon.colcon_ros.task.ament_cmake.build:Building ROS package in '/home/lzy/lbot_ws/src/lbot_arm_interfaces' with build type 'ament_cmake'
[0.166s] INFO:colcon.colcon_cmake.task.cmake.build:Building CMake package in '/home/lzy/lbot_ws/src/lbot_arm_interfaces'
[0.167s] INFO:colcon.colcon_core.plugin_system:Skipping extension 'colcon_core.shell.bat': Not used on non-Windows systems
[0.167s] INFO:colcon.colcon_core.shell:Skip shell extension 'powershell' for command environment: Not usable outside of PowerShell
[0.167s] DEBUG:colcon.colcon_core.shell:Skip shell extension 'dsv' for command environment
[0.171s] DEBUG:colcon.colcon_core.event_handler.log_command:Invoking command in '/home/lzy/lbot_ws/build/lbot_arm_interfaces': CMAKE_PREFIX_PATH=${CMAKE_PREFIX_PATH}:/opt/ros/jazzy /usr/bin/cmake --build /home/lzy/lbot_ws/build/lbot_arm_interfaces -- -j24 -l24
[31.851s] DEBUG:colcon.colcon_core.event_handler.log_command:Invoked command in '/home/lzy/lbot_ws/build/lbot_arm_interfaces' returned '0': CMAKE_PREFIX_PATH=${CMAKE_PREFIX_PATH}:/opt/ros/jazzy /usr/bin/cmake --build /home/lzy/lbot_ws/build/lbot_arm_interfaces -- -j24 -l24
[31.858s] DEBUG:colcon.colcon_core.event_handler.log_command:Invoking command in '/home/lzy/lbot_ws/build/lbot_arm_interfaces': CMAKE_PREFIX_PATH=${CMAKE_PREFIX_PATH}:/opt/ros/jazzy /usr/bin/cmake --install /home/lzy/lbot_ws/build/lbot_arm_interfaces
[63.526s] Level 1:colcon.colcon_core.environment:create_environment_scripts_only(lbot_arm_interfaces)
[63.526s] DEBUG:colcon.colcon_core.event_handler.log_command:Invoked command in '/home/lzy/lbot_ws/build/lbot_arm_interfaces' returned '0': CMAKE_PREFIX_PATH=${CMAKE_PREFIX_PATH}:/opt/ros/jazzy /usr/bin/cmake --install /home/lzy/lbot_ws/build/lbot_arm_interfaces
[63.528s] Level 1:colcon.colcon_core.environment:checking '/home/lzy/lbot_ws/install/lbot_arm_interfaces' for CMake module files
[63.528s] Level 1:colcon.colcon_core.environment:checking '/home/lzy/lbot_ws/install/lbot_arm_interfaces' for CMake config files
[63.528s] Level 1:colcon.colcon_core.shell:create_environment_hook('lbot_arm_interfaces', 'cmake_prefix_path')
[63.529s] INFO:colcon.colcon_core.shell:Creating environment hook '/home/lzy/lbot_ws/install/lbot_arm_interfaces/share/lbot_arm_interfaces/hook/cmake_prefix_path.ps1'
[63.529s] INFO:colcon.colcon_core.shell:Creating environment descriptor '/home/lzy/lbot_ws/install/lbot_arm_interfaces/share/lbot_arm_interfaces/hook/cmake_prefix_path.dsv'
[63.529s] INFO:colcon.colcon_core.shell:Creating environment hook '/home/lzy/lbot_ws/install/lbot_arm_interfaces/share/lbot_arm_interfaces/hook/cmake_prefix_path.sh'
[63.530s] Level 1:colcon.colcon_core.environment:checking '/home/lzy/lbot_ws/install/lbot_arm_interfaces/lib'
[63.530s] Level 1:colcon.colcon_core.shell:create_environment_hook('lbot_arm_interfaces', 'ld_library_path_lib')
[63.530s] INFO:colcon.colcon_core.shell:Creating environment hook '/home/lzy/lbot_ws/install/lbot_arm_interfaces/share/lbot_arm_interfaces/hook/ld_library_path_lib.ps1'
[63.530s] INFO:colcon.colcon_core.shell:Creating environment descriptor '/home/lzy/lbot_ws/install/lbot_arm_interfaces/share/lbot_arm_interfaces/hook/ld_library_path_lib.dsv'
[63.530s] INFO:colcon.colcon_core.shell:Creating environment hook '/home/lzy/lbot_ws/install/lbot_arm_interfaces/share/lbot_arm_interfaces/hook/ld_library_path_lib.sh'
[63.530s] Level 1:colcon.colcon_core.environment:checking '/home/lzy/lbot_ws/install/lbot_arm_interfaces/bin'
[63.530s] Level 1:colcon.colcon_core.environment:checking '/home/lzy/lbot_ws/install/lbot_arm_interfaces/lib/pkgconfig/lbot_arm_interfaces.pc'
[63.530s] Level 1:colcon.colcon_core.environment:checking '/home/lzy/lbot_ws/install/lbot_arm_interfaces/lib/python3.12/site-packages'
[63.530s] Level 1:colcon.colcon_core.shell:create_environment_hook('lbot_arm_interfaces', 'pythonpath')
[63.531s] INFO:colcon.colcon_core.shell:Creating environment hook '/home/lzy/lbot_ws/install/lbot_arm_interfaces/share/lbot_arm_interfaces/hook/pythonpath.ps1'
[63.531s] INFO:colcon.colcon_core.shell:Creating environment descriptor '/home/lzy/lbot_ws/install/lbot_arm_interfaces/share/lbot_arm_interfaces/hook/pythonpath.dsv'
[63.531s] INFO:colcon.colcon_core.shell:Creating environment hook '/home/lzy/lbot_ws/install/lbot_arm_interfaces/share/lbot_arm_interfaces/hook/pythonpath.sh'
[63.531s] Level 1:colcon.colcon_core.environment:checking '/home/lzy/lbot_ws/install/lbot_arm_interfaces/bin'
[63.531s] INFO:colcon.colcon_core.shell:Creating package script '/home/lzy/lbot_ws/install/lbot_arm_interfaces/share/lbot_arm_interfaces/package.ps1'
[63.532s] INFO:colcon.colcon_core.shell:Creating package descriptor '/home/lzy/lbot_ws/install/lbot_arm_interfaces/share/lbot_arm_interfaces/package.dsv'
[63.532s] INFO:colcon.colcon_core.shell:Creating package script '/home/lzy/lbot_ws/install/lbot_arm_interfaces/share/lbot_arm_interfaces/package.sh'
[63.532s] INFO:colcon.colcon_core.shell:Creating package script '/home/lzy/lbot_ws/install/lbot_arm_interfaces/share/lbot_arm_interfaces/package.bash'
[63.532s] INFO:colcon.colcon_core.shell:Creating package script '/home/lzy/lbot_ws/install/lbot_arm_interfaces/share/lbot_arm_interfaces/package.zsh'
[63.533s] Level 1:colcon.colcon_core.environment:create_file_with_runtime_dependencies(/home/lzy/lbot_ws/install/lbot_arm_interfaces/share/colcon-core/packages/lbot_arm_interfaces)
[63.533s] Level 1:colcon.colcon_core.environment:create_environment_scripts_only(lbot_arm_interfaces)
[63.533s] Level 1:colcon.colcon_core.environment:checking '/home/lzy/lbot_ws/install/lbot_arm_interfaces' for CMake module files
[63.533s] Level 1:colcon.colcon_core.environment:checking '/home/lzy/lbot_ws/install/lbot_arm_interfaces' for CMake config files
[63.534s] Level 1:colcon.colcon_core.shell:create_environment_hook('lbot_arm_interfaces', 'cmake_prefix_path')
[63.534s] INFO:colcon.colcon_core.shell:Creating environment hook '/home/lzy/lbot_ws/install/lbot_arm_interfaces/share/lbot_arm_interfaces/hook/cmake_prefix_path.ps1'
[63.534s] INFO:colcon.colcon_core.shell:Creating environment descriptor '/home/lzy/lbot_ws/install/lbot_arm_interfaces/share/lbot_arm_interfaces/hook/cmake_prefix_path.dsv'
[63.534s] INFO:colcon.colcon_core.shell:Creating environment hook '/home/lzy/lbot_ws/install/lbot_arm_interfaces/share/lbot_arm_interfaces/hook/cmake_prefix_path.sh'
[63.534s] Level 1:colcon.colcon_core.environment:checking '/home/lzy/lbot_ws/install/lbot_arm_interfaces/lib'
[63.534s] Level 1:colcon.colcon_core.shell:create_environment_hook('lbot_arm_interfaces', 'ld_library_path_lib')
[63.534s] INFO:colcon.colcon_core.shell:Creating environment hook '/home/lzy/lbot_ws/install/lbot_arm_interfaces/share/lbot_arm_interfaces/hook/ld_library_path_lib.ps1'
[63.535s] INFO:colcon.colcon_core.shell:Creating environment descriptor '/home/lzy/lbot_ws/install/lbot_arm_interfaces/share/lbot_arm_interfaces/hook/ld_library_path_lib.dsv'
[63.535s] INFO:colcon.colcon_core.shell:Creating environment hook '/home/lzy/lbot_ws/install/lbot_arm_interfaces/share/lbot_arm_interfaces/hook/ld_library_path_lib.sh'
[63.535s] Level 1:colcon.colcon_core.environment:checking '/home/lzy/lbot_ws/install/lbot_arm_interfaces/bin'
[63.535s] Level 1:colcon.colcon_core.environment:checking '/home/lzy/lbot_ws/install/lbot_arm_interfaces/lib/pkgconfig/lbot_arm_interfaces.pc'
[63.535s] Level 1:colcon.colcon_core.environment:checking '/home/lzy/lbot_ws/install/lbot_arm_interfaces/lib/python3.12/site-packages'
[63.535s] Level 1:colcon.colcon_core.shell:create_environment_hook('lbot_arm_interfaces', 'pythonpath')
[63.536s] INFO:colcon.colcon_core.shell:Creating environment hook '/home/lzy/lbot_ws/install/lbot_arm_interfaces/share/lbot_arm_interfaces/hook/pythonpath.ps1'
[63.536s] INFO:colcon.colcon_core.shell:Creating environment descriptor '/home/lzy/lbot_ws/install/lbot_arm_interfaces/share/lbot_arm_interfaces/hook/pythonpath.dsv'
[63.536s] INFO:colcon.colcon_core.shell:Creating environment hook '/home/lzy/lbot_ws/install/lbot_arm_interfaces/share/lbot_arm_interfaces/hook/pythonpath.sh'
[63.536s] Level 1:colcon.colcon_core.environment:checking '/home/lzy/lbot_ws/install/lbot_arm_interfaces/bin'
[63.536s] INFO:colcon.colcon_core.shell:Creating package script '/home/lzy/lbot_ws/install/lbot_arm_interfaces/share/lbot_arm_interfaces/package.ps1'
[63.537s] INFO:colcon.colcon_core.shell:Creating package descriptor '/home/lzy/lbot_ws/install/lbot_arm_interfaces/share/lbot_arm_interfaces/package.dsv'
[63.537s] INFO:colcon.colcon_core.shell:Creating package script '/home/lzy/lbot_ws/install/lbot_arm_interfaces/share/lbot_arm_interfaces/package.sh'
[63.537s] INFO:colcon.colcon_core.shell:Creating package script '/home/lzy/lbot_ws/install/lbot_arm_interfaces/share/lbot_arm_interfaces/package.bash'
[63.537s] INFO:colcon.colcon_core.shell:Creating package script '/home/lzy/lbot_ws/install/lbot_arm_interfaces/share/lbot_arm_interfaces/package.zsh'
[63.537s] Level 1:colcon.colcon_core.environment:create_file_with_runtime_dependencies(/home/lzy/lbot_ws/install/lbot_arm_interfaces/share/colcon-core/packages/lbot_arm_interfaces)
[63.537s] INFO:colcon.colcon_ros.task.ament_cmake.build:Building ROS package in '/home/lzy/lbot_ws/src/lbot_demo' with build type 'ament_cmake'
[63.538s] INFO:colcon.colcon_cmake.task.cmake.build:Building CMake package in '/home/lzy/lbot_ws/src/lbot_demo'
[63.538s] INFO:colcon.colcon_core.shell:Skip shell extension 'powershell' for command environment: Not usable outside of PowerShell
[63.538s] DEBUG:colcon.colcon_core.shell:Skip shell extension 'dsv' for command environment
[63.539s] INFO:colcon.colcon_ros.task.ament_cmake.build:Building ROS package in '/home/lzy/lbot_ws/src/lbot_driver' with build type 'ament_cmake'
[63.539s] INFO:colcon.colcon_cmake.task.cmake.build:Building CMake package in '/home/lzy/lbot_ws/src/lbot_driver'
[63.539s] INFO:colcon.colcon_core.shell:Skip shell extension 'powershell' for command environment: Not usable outside of PowerShell
[63.539s] DEBUG:colcon.colcon_core.shell:Skip shell extension 'dsv' for command environment
[63.541s] INFO:colcon.colcon_ros.task.ament_cmake.build:Building ROS package in '/home/lzy/lbot_ws/src/lbot_teleop' with build type 'ament_cmake'
[63.541s] INFO:colcon.colcon_cmake.task.cmake.build:Building CMake package in '/home/lzy/lbot_ws/src/lbot_teleop'
[63.541s] INFO:colcon.colcon_core.shell:Skip shell extension 'powershell' for command environment: Not usable outside of PowerShell
[63.541s] DEBUG:colcon.colcon_core.shell:Skip shell extension 'dsv' for command environment
[63.585s] DEBUG:colcon.colcon_core.event_handler.log_command:Invoking command in '/home/lzy/lbot_ws/build/lbot_driver': AMENT_PREFIX_PATH=/home/lzy/lbot_ws/install/lbot_arm_interfaces:${AMENT_PREFIX_PATH} CMAKE_PREFIX_PATH=/home/lzy/lbot_ws/install/lbot_arm_interfaces:/opt/ros/jazzy/opt/gz_math_vendor:/opt/ros/jazzy/opt/gz_utils_vendor:/opt/ros/jazzy/opt/gz_cmake_vendor:/opt/ros/jazzy LD_LIBRARY_PATH=/home/lzy/lbot_ws/install/lbot_arm_interfaces/lib:${LD_LIBRARY_PATH} PYTHONPATH=/home/lzy/lbot_ws/install/lbot_arm_interfaces/lib/python3.12/site-packages:${PYTHONPATH} /usr/bin/cmake --build /home/lzy/lbot_ws/build/lbot_driver -- -j24 -l24
[63.586s] DEBUG:colcon.colcon_core.event_handler.log_command:Invoking command in '/home/lzy/lbot_ws/build/lbot_demo': AMENT_PREFIX_PATH=/home/lzy/lbot_ws/install/lbot_arm_interfaces:${AMENT_PREFIX_PATH} CMAKE_PREFIX_PATH=/home/lzy/lbot_ws/install/lbot_arm_interfaces:/opt/ros/jazzy/opt/gz_math_vendor:/opt/ros/jazzy/opt/gz_utils_vendor:/opt/ros/jazzy/opt/gz_cmake_vendor:/opt/ros/jazzy LD_LIBRARY_PATH=/home/lzy/lbot_ws/install/lbot_arm_interfaces/lib:${LD_LIBRARY_PATH} PYTHONPATH=/home/lzy/lbot_ws/install/lbot_arm_interfaces/lib/python3.12/site-packages:${PYTHONPATH} /usr/bin/cmake --build /home/lzy/lbot_ws/build/lbot_demo -- -j24 -l24
[63.599s] DEBUG:colcon.colcon_core.event_handler.log_command:Invoking command in '/home/lzy/lbot_ws/build/lbot_teleop': AMENT_PREFIX_PATH=/home/lzy/lbot_ws/install/lbot_arm_interfaces:${AMENT_PREFIX_PATH} CMAKE_PREFIX_PATH=/home/lzy/lbot_ws/install/lbot_arm_interfaces:/opt/ros/jazzy/opt/gz_math_vendor:/opt/ros/jazzy/opt/gz_utils_vendor:/opt/ros/jazzy/opt/gz_cmake_vendor:/opt/ros/jazzy LD_LIBRARY_PATH=/home/lzy/lbot_ws/install/lbot_arm_interfaces/lib:${LD_LIBRARY_PATH} PYTHONPATH=/home/lzy/lbot_ws/install/lbot_arm_interfaces/lib/python3.12/site-packages:${PYTHONPATH} /usr/bin/cmake --build /home/lzy/lbot_ws/build/lbot_teleop -- -j24 -l24
[63.638s] DEBUG:colcon.colcon_core.event_handler.log_command:Invoked command in '/home/lzy/lbot_ws/build/lbot_demo' returned '0': AMENT_PREFIX_PATH=/home/lzy/lbot_ws/install/lbot_arm_interfaces:${AMENT_PREFIX_PATH} CMAKE_PREFIX_PATH=/home/lzy/lbot_ws/install/lbot_arm_interfaces:/opt/ros/jazzy/opt/gz_math_vendor:/opt/ros/jazzy/opt/gz_utils_vendor:/opt/ros/jazzy/opt/gz_cmake_vendor:/opt/ros/jazzy LD_LIBRARY_PATH=/home/lzy/lbot_ws/install/lbot_arm_interfaces/lib:${LD_LIBRARY_PATH} PYTHONPATH=/home/lzy/lbot_ws/install/lbot_arm_interfaces/lib/python3.12/site-packages:${PYTHONPATH} /usr/bin/cmake --build /home/lzy/lbot_ws/build/lbot_demo -- -j24 -l24
[63.638s] DEBUG:colcon.colcon_core.event_handler.log_command:Invoking command in '/home/lzy/lbot_ws/build/lbot_demo': AMENT_PREFIX_PATH=/home/lzy/lbot_ws/install/lbot_arm_interfaces:${AMENT_PREFIX_PATH} CMAKE_PREFIX_PATH=/home/lzy/lbot_ws/install/lbot_arm_interfaces:/opt/ros/jazzy/opt/gz_math_vendor:/opt/ros/jazzy/opt/gz_utils_vendor:/opt/ros/jazzy/opt/gz_cmake_vendor:/opt/ros/jazzy LD_LIBRARY_PATH=/home/lzy/lbot_ws/install/lbot_arm_interfaces/lib:${LD_LIBRARY_PATH} PYTHONPATH=/home/lzy/lbot_ws/install/lbot_arm_interfaces/lib/python3.12/site-packages:${PYTHONPATH} /usr/bin/cmake --install /home/lzy/lbot_ws/build/lbot_demo
[63.647s] DEBUG:colcon.colcon_core.event_handler.log_command:Invoked command in '/home/lzy/lbot_ws/build/lbot_teleop' returned '0': AMENT_PREFIX_PATH=/home/lzy/lbot_ws/install/lbot_arm_interfaces:${AMENT_PREFIX_PATH} CMAKE_PREFIX_PATH=/home/lzy/lbot_ws/install/lbot_arm_interfaces:/opt/ros/jazzy/opt/gz_math_vendor:/opt/ros/jazzy/opt/gz_utils_vendor:/opt/ros/jazzy/opt/gz_cmake_vendor:/opt/ros/jazzy LD_LIBRARY_PATH=/home/lzy/lbot_ws/install/lbot_arm_interfaces/lib:${LD_LIBRARY_PATH} PYTHONPATH=/home/lzy/lbot_ws/install/lbot_arm_interfaces/lib/python3.12/site-packages:${PYTHONPATH} /usr/bin/cmake --build /home/lzy/lbot_ws/build/lbot_teleop -- -j24 -l24
[63.647s] DEBUG:colcon.colcon_core.event_handler.log_command:Invoking command in '/home/lzy/lbot_ws/build/lbot_teleop': AMENT_PREFIX_PATH=/home/lzy/lbot_ws/install/lbot_arm_interfaces:${AMENT_PREFIX_PATH} CMAKE_PREFIX_PATH=/home/lzy/lbot_ws/install/lbot_arm_interfaces:/opt/ros/jazzy/opt/gz_math_vendor:/opt/ros/jazzy/opt/gz_utils_vendor:/opt/ros/jazzy/opt/gz_cmake_vendor:/opt/ros/jazzy LD_LIBRARY_PATH=/home/lzy/lbot_ws/install/lbot_arm_interfaces/lib:${LD_LIBRARY_PATH} PYTHONPATH=/home/lzy/lbot_ws/install/lbot_arm_interfaces/lib/python3.12/site-packages:${PYTHONPATH} /usr/bin/cmake --install /home/lzy/lbot_ws/build/lbot_teleop
[63.650s] Level 1:colcon.colcon_core.environment:create_environment_scripts_only(lbot_demo)
[63.650s] Level 1:colcon.colcon_core.environment:checking '/home/lzy/lbot_ws/install/lbot_demo' for CMake module files
[63.651s] DEBUG:colcon.colcon_core.event_handler.log_command:Invoked command in '/home/lzy/lbot_ws/build/lbot_demo' returned '0': AMENT_PREFIX_PATH=/home/lzy/lbot_ws/install/lbot_arm_interfaces:${AMENT_PREFIX_PATH} CMAKE_PREFIX_PATH=/home/lzy/lbot_ws/install/lbot_arm_interfaces:/opt/ros/jazzy/opt/gz_math_vendor:/opt/ros/jazzy/opt/gz_utils_vendor:/opt/ros/jazzy/opt/gz_cmake_vendor:/opt/ros/jazzy LD_LIBRARY_PATH=/home/lzy/lbot_ws/install/lbot_arm_interfaces/lib:${LD_LIBRARY_PATH} PYTHONPATH=/home/lzy/lbot_ws/install/lbot_arm_interfaces/lib/python3.12/site-packages:${PYTHONPATH} /usr/bin/cmake --install /home/lzy/lbot_ws/build/lbot_demo
[63.651s] Level 1:colcon.colcon_core.environment:checking '/home/lzy/lbot_ws/install/lbot_demo' for CMake config files
[63.651s] Level 1:colcon.colcon_core.shell:create_environment_hook('lbot_demo', 'cmake_prefix_path')
[63.652s] INFO:colcon.colcon_core.shell:Creating environment hook '/home/lzy/lbot_ws/install/lbot_demo/share/lbot_demo/hook/cmake_prefix_path.ps1'
[63.652s] INFO:colcon.colcon_core.shell:Creating environment descriptor '/home/lzy/lbot_ws/install/lbot_demo/share/lbot_demo/hook/cmake_prefix_path.dsv'
[63.652s] INFO:colcon.colcon_core.shell:Creating environment hook '/home/lzy/lbot_ws/install/lbot_demo/share/lbot_demo/hook/cmake_prefix_path.sh'
[63.652s] Level 1:colcon.colcon_core.environment:checking '/home/lzy/lbot_ws/install/lbot_demo/lib'
[63.652s] Level 1:colcon.colcon_core.environment:checking '/home/lzy/lbot_ws/install/lbot_demo/bin'
[63.652s] Level 1:colcon.colcon_core.environment:checking '/home/lzy/lbot_ws/install/lbot_demo/lib/pkgconfig/lbot_demo.pc'
[63.653s] Level 1:colcon.colcon_core.environment:checking '/home/lzy/lbot_ws/install/lbot_demo/lib/python3.12/site-packages'
[63.653s] Level 1:colcon.colcon_core.environment:checking '/home/lzy/lbot_ws/install/lbot_demo/bin'
[63.653s] INFO:colcon.colcon_core.shell:Creating package script '/home/lzy/lbot_ws/install/lbot_demo/share/lbot_demo/package.ps1'
[63.653s] INFO:colcon.colcon_core.shell:Creating package descriptor '/home/lzy/lbot_ws/install/lbot_demo/share/lbot_demo/package.dsv'
[63.653s] INFO:colcon.colcon_core.shell:Creating package script '/home/lzy/lbot_ws/install/lbot_demo/share/lbot_demo/package.sh'
[63.654s] INFO:colcon.colcon_core.shell:Creating package script '/home/lzy/lbot_ws/install/lbot_demo/share/lbot_demo/package.bash'
[63.654s] INFO:colcon.colcon_core.shell:Creating package script '/home/lzy/lbot_ws/install/lbot_demo/share/lbot_demo/package.zsh'
[63.654s] Level 1:colcon.colcon_core.environment:create_file_with_runtime_dependencies(/home/lzy/lbot_ws/install/lbot_demo/share/colcon-core/packages/lbot_demo)
[63.654s] Level 1:colcon.colcon_core.environment:create_environment_scripts_only(lbot_demo)
[63.654s] Level 1:colcon.colcon_core.environment:checking '/home/lzy/lbot_ws/install/lbot_demo' for CMake module files
[63.655s] Level 1:colcon.colcon_core.environment:checking '/home/lzy/lbot_ws/install/lbot_demo' for CMake config files
[63.655s] Level 1:colcon.colcon_core.shell:create_environment_hook('lbot_demo', 'cmake_prefix_path')
[63.655s] INFO:colcon.colcon_core.shell:Creating environment hook '/home/lzy/lbot_ws/install/lbot_demo/share/lbot_demo/hook/cmake_prefix_path.ps1'
[63.655s] INFO:colcon.colcon_core.shell:Creating environment descriptor '/home/lzy/lbot_ws/install/lbot_demo/share/lbot_demo/hook/cmake_prefix_path.dsv'
[63.655s] INFO:colcon.colcon_core.shell:Creating environment hook '/home/lzy/lbot_ws/install/lbot_demo/share/lbot_demo/hook/cmake_prefix_path.sh'
[63.655s] Level 1:colcon.colcon_core.environment:checking '/home/lzy/lbot_ws/install/lbot_demo/lib'
[63.655s] Level 1:colcon.colcon_core.environment:checking '/home/lzy/lbot_ws/install/lbot_demo/bin'
[63.655s] Level 1:colcon.colcon_core.environment:checking '/home/lzy/lbot_ws/install/lbot_demo/lib/pkgconfig/lbot_demo.pc'
[63.655s] Level 1:colcon.colcon_core.environment:checking '/home/lzy/lbot_ws/install/lbot_demo/lib/python3.12/site-packages'
[63.656s] Level 1:colcon.colcon_core.environment:checking '/home/lzy/lbot_ws/install/lbot_demo/bin'
[63.656s] INFO:colcon.colcon_core.shell:Creating package script '/home/lzy/lbot_ws/install/lbot_demo/share/lbot_demo/package.ps1'
[63.656s] INFO:colcon.colcon_core.shell:Creating package descriptor '/home/lzy/lbot_ws/install/lbot_demo/share/lbot_demo/package.dsv'
[63.656s] INFO:colcon.colcon_core.shell:Creating package script '/home/lzy/lbot_ws/install/lbot_demo/share/lbot_demo/package.sh'
[63.656s] INFO:colcon.colcon_core.shell:Creating package script '/home/lzy/lbot_ws/install/lbot_demo/share/lbot_demo/package.bash'
[63.656s] INFO:colcon.colcon_core.shell:Creating package script '/home/lzy/lbot_ws/install/lbot_demo/share/lbot_demo/package.zsh'
[63.656s] Level 1:colcon.colcon_core.environment:create_file_with_runtime_dependencies(/home/lzy/lbot_ws/install/lbot_demo/share/colcon-core/packages/lbot_demo)
[64.173s] Level 1:colcon.colcon_core.environment:create_environment_scripts_only(lbot_teleop)
[64.173s] Level 1:colcon.colcon_core.environment:checking '/home/lzy/lbot_ws/install/lbot_teleop' for CMake module files
[64.173s] DEBUG:colcon.colcon_core.event_handler.log_command:Invoked command in '/home/lzy/lbot_ws/build/lbot_teleop' returned '0': AMENT_PREFIX_PATH=/home/lzy/lbot_ws/install/lbot_arm_interfaces:${AMENT_PREFIX_PATH} CMAKE_PREFIX_PATH=/home/lzy/lbot_ws/install/lbot_arm_interfaces:/opt/ros/jazzy/opt/gz_math_vendor:/opt/ros/jazzy/opt/gz_utils_vendor:/opt/ros/jazzy/opt/gz_cmake_vendor:/opt/ros/jazzy LD_LIBRARY_PATH=/home/lzy/lbot_ws/install/lbot_arm_interfaces/lib:${LD_LIBRARY_PATH} PYTHONPATH=/home/lzy/lbot_ws/install/lbot_arm_interfaces/lib/python3.12/site-packages:${PYTHONPATH} /usr/bin/cmake --install /home/lzy/lbot_ws/build/lbot_teleop
[64.173s] Level 1:colcon.colcon_core.environment:checking '/home/lzy/lbot_ws/install/lbot_teleop' for CMake config files
[64.173s] Level 1:colcon.colcon_core.shell:create_environment_hook('lbot_teleop', 'cmake_prefix_path')
[64.174s] INFO:colcon.colcon_core.shell:Creating environment hook '/home/lzy/lbot_ws/install/lbot_teleop/share/lbot_teleop/hook/cmake_prefix_path.ps1'
[64.174s] INFO:colcon.colcon_core.shell:Creating environment descriptor '/home/lzy/lbot_ws/install/lbot_teleop/share/lbot_teleop/hook/cmake_prefix_path.dsv'
[64.174s] INFO:colcon.colcon_core.shell:Creating environment hook '/home/lzy/lbot_ws/install/lbot_teleop/share/lbot_teleop/hook/cmake_prefix_path.sh'
[64.174s] Level 1:colcon.colcon_core.environment:checking '/home/lzy/lbot_ws/install/lbot_teleop/lib'
[64.174s] Level 1:colcon.colcon_core.environment:checking '/home/lzy/lbot_ws/install/lbot_teleop/bin'
[64.174s] Level 1:colcon.colcon_core.environment:checking '/home/lzy/lbot_ws/install/lbot_teleop/lib/pkgconfig/lbot_teleop.pc'
[64.174s] Level 1:colcon.colcon_core.environment:checking '/home/lzy/lbot_ws/install/lbot_teleop/lib/python3.12/site-packages'
[64.174s] Level 1:colcon.colcon_core.environment:checking '/home/lzy/lbot_ws/install/lbot_teleop/bin'
[64.175s] INFO:colcon.colcon_core.shell:Creating package script '/home/lzy/lbot_ws/install/lbot_teleop/share/lbot_teleop/package.ps1'
[64.175s] INFO:colcon.colcon_core.shell:Creating package descriptor '/home/lzy/lbot_ws/install/lbot_teleop/share/lbot_teleop/package.dsv'
[64.175s] INFO:colcon.colcon_core.shell:Creating package script '/home/lzy/lbot_ws/install/lbot_teleop/share/lbot_teleop/package.sh'
[64.175s] INFO:colcon.colcon_core.shell:Creating package script '/home/lzy/lbot_ws/install/lbot_teleop/share/lbot_teleop/package.bash'
[64.175s] INFO:colcon.colcon_core.shell:Creating package script '/home/lzy/lbot_ws/install/lbot_teleop/share/lbot_teleop/package.zsh'
[64.175s] Level 1:colcon.colcon_core.environment:create_file_with_runtime_dependencies(/home/lzy/lbot_ws/install/lbot_teleop/share/colcon-core/packages/lbot_teleop)
[64.176s] Level 1:colcon.colcon_core.environment:create_environment_scripts_only(lbot_teleop)
[64.176s] Level 1:colcon.colcon_core.environment:checking '/home/lzy/lbot_ws/install/lbot_teleop' for CMake module files
[64.176s] Level 1:colcon.colcon_core.environment:checking '/home/lzy/lbot_ws/install/lbot_teleop' for CMake config files
[64.176s] Level 1:colcon.colcon_core.shell:create_environment_hook('lbot_teleop', 'cmake_prefix_path')
[64.176s] INFO:colcon.colcon_core.shell:Creating environment hook '/home/lzy/lbot_ws/install/lbot_teleop/share/lbot_teleop/hook/cmake_prefix_path.ps1'
[64.177s] INFO:colcon.colcon_core.shell:Creating environment descriptor '/home/lzy/lbot_ws/install/lbot_teleop/share/lbot_teleop/hook/cmake_prefix_path.dsv'
[64.177s] INFO:colcon.colcon_core.shell:Creating environment hook '/home/lzy/lbot_ws/install/lbot_teleop/share/lbot_teleop/hook/cmake_prefix_path.sh'
[64.177s] Level 1:colcon.colcon_core.environment:checking '/home/lzy/lbot_ws/install/lbot_teleop/lib'
[64.177s] Level 1:colcon.colcon_core.environment:checking '/home/lzy/lbot_ws/install/lbot_teleop/bin'
[64.178s] Level 1:colcon.colcon_core.environment:checking '/home/lzy/lbot_ws/install/lbot_teleop/lib/pkgconfig/lbot_teleop.pc'
[64.178s] Level 1:colcon.colcon_core.environment:checking '/home/lzy/lbot_ws/install/lbot_teleop/lib/python3.12/site-packages'
[64.178s] Level 1:colcon.colcon_core.environment:checking '/home/lzy/lbot_ws/install/lbot_teleop/bin'
[64.178s] INFO:colcon.colcon_core.shell:Creating package script '/home/lzy/lbot_ws/install/lbot_teleop/share/lbot_teleop/package.ps1'
[64.178s] INFO:colcon.colcon_core.shell:Creating package descriptor '/home/lzy/lbot_ws/install/lbot_teleop/share/lbot_teleop/package.dsv'
[64.178s] INFO:colcon.colcon_core.shell:Creating package script '/home/lzy/lbot_ws/install/lbot_teleop/share/lbot_teleop/package.sh'
[64.178s] INFO:colcon.colcon_core.shell:Creating package script '/home/lzy/lbot_ws/install/lbot_teleop/share/lbot_teleop/package.bash'
[64.179s] INFO:colcon.colcon_core.shell:Creating package script '/home/lzy/lbot_ws/install/lbot_teleop/share/lbot_teleop/package.zsh'
[64.179s] Level 1:colcon.colcon_core.environment:create_file_with_runtime_dependencies(/home/lzy/lbot_ws/install/lbot_teleop/share/colcon-core/packages/lbot_teleop)
[95.886s] DEBUG:colcon.colcon_core.event_handler.log_command:Invoked command in '/home/lzy/lbot_ws/build/lbot_driver' returned '0': AMENT_PREFIX_PATH=/home/lzy/lbot_ws/install/lbot_arm_interfaces:${AMENT_PREFIX_PATH} CMAKE_PREFIX_PATH=/home/lzy/lbot_ws/install/lbot_arm_interfaces:/opt/ros/jazzy/opt/gz_math_vendor:/opt/ros/jazzy/opt/gz_utils_vendor:/opt/ros/jazzy/opt/gz_cmake_vendor:/opt/ros/jazzy LD_LIBRARY_PATH=/home/lzy/lbot_ws/install/lbot_arm_interfaces/lib:${LD_LIBRARY_PATH} PYTHONPATH=/home/lzy/lbot_ws/install/lbot_arm_interfaces/lib/python3.12/site-packages:${PYTHONPATH} /usr/bin/cmake --build /home/lzy/lbot_ws/build/lbot_driver -- -j24 -l24
[95.887s] DEBUG:colcon.colcon_core.event_handler.log_command:Invoking command in '/home/lzy/lbot_ws/build/lbot_driver': AMENT_PREFIX_PATH=/home/lzy/lbot_ws/install/lbot_arm_interfaces:${AMENT_PREFIX_PATH} CMAKE_PREFIX_PATH=/home/lzy/lbot_ws/install/lbot_arm_interfaces:/opt/ros/jazzy/opt/gz_math_vendor:/opt/ros/jazzy/opt/gz_utils_vendor:/opt/ros/jazzy/opt/gz_cmake_vendor:/opt/ros/jazzy LD_LIBRARY_PATH=/home/lzy/lbot_ws/install/lbot_arm_interfaces/lib:${LD_LIBRARY_PATH} PYTHONPATH=/home/lzy/lbot_ws/install/lbot_arm_interfaces/lib/python3.12/site-packages:${PYTHONPATH} /usr/bin/cmake --install /home/lzy/lbot_ws/build/lbot_driver
[127.579s] Level 1:colcon.colcon_core.environment:create_environment_scripts_only(lbot_driver)
[127.579s] Level 1:colcon.colcon_core.environment:checking '/home/lzy/lbot_ws/install/lbot_driver' for CMake module files
[127.580s] DEBUG:colcon.colcon_core.event_handler.log_command:Invoked command in '/home/lzy/lbot_ws/build/lbot_driver' returned '0': AMENT_PREFIX_PATH=/home/lzy/lbot_ws/install/lbot_arm_interfaces:${AMENT_PREFIX_PATH} CMAKE_PREFIX_PATH=/home/lzy/lbot_ws/install/lbot_arm_interfaces:/opt/ros/jazzy/opt/gz_math_vendor:/opt/ros/jazzy/opt/gz_utils_vendor:/opt/ros/jazzy/opt/gz_cmake_vendor:/opt/ros/jazzy LD_LIBRARY_PATH=/home/lzy/lbot_ws/install/lbot_arm_interfaces/lib:${LD_LIBRARY_PATH} PYTHONPATH=/home/lzy/lbot_ws/install/lbot_arm_interfaces/lib/python3.12/site-packages:${PYTHONPATH} /usr/bin/cmake --install /home/lzy/lbot_ws/build/lbot_driver
[127.580s] Level 1:colcon.colcon_core.environment:checking '/home/lzy/lbot_ws/install/lbot_driver' for CMake config files
[127.580s] Level 1:colcon.colcon_core.shell:create_environment_hook('lbot_driver', 'cmake_prefix_path')
[127.580s] INFO:colcon.colcon_core.shell:Creating environment hook '/home/lzy/lbot_ws/install/lbot_driver/share/lbot_driver/hook/cmake_prefix_path.ps1'
[127.581s] INFO:colcon.colcon_core.shell:Creating environment descriptor '/home/lzy/lbot_ws/install/lbot_driver/share/lbot_driver/hook/cmake_prefix_path.dsv'
[127.581s] INFO:colcon.colcon_core.shell:Creating environment hook '/home/lzy/lbot_ws/install/lbot_driver/share/lbot_driver/hook/cmake_prefix_path.sh'
[127.581s] Level 1:colcon.colcon_core.environment:checking '/home/lzy/lbot_ws/install/lbot_driver/lib'
[127.581s] Level 1:colcon.colcon_core.shell:create_environment_hook('lbot_driver', 'ld_library_path_lib')
[127.581s] INFO:colcon.colcon_core.shell:Creating environment hook '/home/lzy/lbot_ws/install/lbot_driver/share/lbot_driver/hook/ld_library_path_lib.ps1'
[127.581s] INFO:colcon.colcon_core.shell:Creating environment descriptor '/home/lzy/lbot_ws/install/lbot_driver/share/lbot_driver/hook/ld_library_path_lib.dsv'
[127.581s] INFO:colcon.colcon_core.shell:Creating environment hook '/home/lzy/lbot_ws/install/lbot_driver/share/lbot_driver/hook/ld_library_path_lib.sh'
[127.582s] Level 1:colcon.colcon_core.environment:checking '/home/lzy/lbot_ws/install/lbot_driver/bin'
[127.582s] Level 1:colcon.colcon_core.environment:checking '/home/lzy/lbot_ws/install/lbot_driver/lib/pkgconfig/lbot_driver.pc'
[127.582s] Level 1:colcon.colcon_core.environment:checking '/home/lzy/lbot_ws/install/lbot_driver/lib/python3.12/site-packages'
[127.582s] Level 1:colcon.colcon_core.environment:checking '/home/lzy/lbot_ws/install/lbot_driver/bin'
[127.582s] INFO:colcon.colcon_core.shell:Creating package script '/home/lzy/lbot_ws/install/lbot_driver/share/lbot_driver/package.ps1'
[127.582s] INFO:colcon.colcon_core.shell:Creating package descriptor '/home/lzy/lbot_ws/install/lbot_driver/share/lbot_driver/package.dsv'
[127.582s] INFO:colcon.colcon_core.shell:Creating package script '/home/lzy/lbot_ws/install/lbot_driver/share/lbot_driver/package.sh'
[127.583s] INFO:colcon.colcon_core.shell:Creating package script '/home/lzy/lbot_ws/install/lbot_driver/share/lbot_driver/package.bash'
[127.583s] INFO:colcon.colcon_core.shell:Creating package script '/home/lzy/lbot_ws/install/lbot_driver/share/lbot_driver/package.zsh'
[127.583s] Level 1:colcon.colcon_core.environment:create_file_with_runtime_dependencies(/home/lzy/lbot_ws/install/lbot_driver/share/colcon-core/packages/lbot_driver)
[127.583s] Level 1:colcon.colcon_core.environment:create_environment_scripts_only(lbot_driver)
[127.583s] Level 1:colcon.colcon_core.environment:checking '/home/lzy/lbot_ws/install/lbot_driver' for CMake module files
[127.583s] Level 1:colcon.colcon_core.environment:checking '/home/lzy/lbot_ws/install/lbot_driver' for CMake config files
[127.583s] Level 1:colcon.colcon_core.shell:create_environment_hook('lbot_driver', 'cmake_prefix_path')
[127.583s] INFO:colcon.colcon_core.shell:Creating environment hook '/home/lzy/lbot_ws/install/lbot_driver/share/lbot_driver/hook/cmake_prefix_path.ps1'
[127.584s] INFO:colcon.colcon_core.shell:Creating environment descriptor '/home/lzy/lbot_ws/install/lbot_driver/share/lbot_driver/hook/cmake_prefix_path.dsv'
[127.584s] INFO:colcon.colcon_core.shell:Creating environment hook '/home/lzy/lbot_ws/install/lbot_driver/share/lbot_driver/hook/cmake_prefix_path.sh'
[127.584s] Level 1:colcon.colcon_core.environment:checking '/home/lzy/lbot_ws/install/lbot_driver/lib'
[127.584s] Level 1:colcon.colcon_core.shell:create_environment_hook('lbot_driver', 'ld_library_path_lib')
[127.584s] INFO:colcon.colcon_core.shell:Creating environment hook '/home/lzy/lbot_ws/install/lbot_driver/share/lbot_driver/hook/ld_library_path_lib.ps1'
[127.584s] INFO:colcon.colcon_core.shell:Creating environment descriptor '/home/lzy/lbot_ws/install/lbot_driver/share/lbot_driver/hook/ld_library_path_lib.dsv'
[127.584s] INFO:colcon.colcon_core.shell:Creating environment hook '/home/lzy/lbot_ws/install/lbot_driver/share/lbot_driver/hook/ld_library_path_lib.sh'
[127.584s] Level 1:colcon.colcon_core.environment:checking '/home/lzy/lbot_ws/install/lbot_driver/bin'
[127.584s] Level 1:colcon.colcon_core.environment:checking '/home/lzy/lbot_ws/install/lbot_driver/lib/pkgconfig/lbot_driver.pc'
[127.585s] Level 1:colcon.colcon_core.environment:checking '/home/lzy/lbot_ws/install/lbot_driver/lib/python3.12/site-packages'
[127.585s] Level 1:colcon.colcon_core.environment:checking '/home/lzy/lbot_ws/install/lbot_driver/bin'
[127.585s] INFO:colcon.colcon_core.shell:Creating package script '/home/lzy/lbot_ws/install/lbot_driver/share/lbot_driver/package.ps1'
[127.585s] INFO:colcon.colcon_core.shell:Creating package descriptor '/home/lzy/lbot_ws/install/lbot_driver/share/lbot_driver/package.dsv'
[127.585s] INFO:colcon.colcon_core.shell:Creating package script '/home/lzy/lbot_ws/install/lbot_driver/share/lbot_driver/package.sh'
[127.586s] INFO:colcon.colcon_core.shell:Creating package script '/home/lzy/lbot_ws/install/lbot_driver/share/lbot_driver/package.bash'
[127.586s] INFO:colcon.colcon_core.shell:Creating package script '/home/lzy/lbot_ws/install/lbot_driver/share/lbot_driver/package.zsh'
[127.586s] Level 1:colcon.colcon_core.environment:create_file_with_runtime_dependencies(/home/lzy/lbot_ws/install/lbot_driver/share/colcon-core/packages/lbot_driver)
[127.586s] DEBUG:colcon.colcon_parallel_executor.executor.parallel:closing loop
[127.586s] DEBUG:colcon.colcon_parallel_executor.executor.parallel:loop closed
[127.586s] DEBUG:colcon.colcon_parallel_executor.executor.parallel:run_until_complete finished with '0'
[127.586s] DEBUG:colcon.colcon_core.event_reactor:joining thread
[127.589s] INFO:colcon.colcon_core.plugin_system:Skipping extension 'colcon_notification.desktop_notification.terminal_notifier': Not used on non-Darwin systems
[127.589s] INFO:colcon.colcon_core.plugin_system:Skipping extension 'colcon_notification.desktop_notification.win32': Not used on non-Windows systems
[127.589s] INFO:colcon.colcon_notification.desktop_notification:Sending desktop notification using 'notify2'
[127.590s] DEBUG:colcon.colcon_notification.desktop_notification.notify2:Failed to initialize notify2: org.freedesktop.DBus.Error.AccessDenied: Failed to connect to socket /run/user/1000/bus: Operation not permitted
[127.590s] DEBUG:colcon.colcon_core.event_reactor:joined thread
[127.590s] INFO:colcon.colcon_core.shell:Creating prefix script '/home/lzy/lbot_ws/install/local_setup.ps1'
[127.590s] INFO:colcon.colcon_core.shell:Creating prefix util module '/home/lzy/lbot_ws/install/_local_setup_util_ps1.py'
[127.591s] INFO:colcon.colcon_core.shell:Creating prefix chain script '/home/lzy/lbot_ws/install/setup.ps1'
[127.591s] INFO:colcon.colcon_core.shell:Creating prefix script '/home/lzy/lbot_ws/install/local_setup.sh'
[127.591s] INFO:colcon.colcon_core.shell:Creating prefix util module '/home/lzy/lbot_ws/install/_local_setup_util_sh.py'
[127.591s] INFO:colcon.colcon_core.shell:Creating prefix chain script '/home/lzy/lbot_ws/install/setup.sh'
[127.592s] INFO:colcon.colcon_core.shell:Creating prefix script '/home/lzy/lbot_ws/install/local_setup.bash'
[127.592s] INFO:colcon.colcon_core.shell:Creating prefix chain script '/home/lzy/lbot_ws/install/setup.bash'
[127.592s] INFO:colcon.colcon_core.shell:Creating prefix script '/home/lzy/lbot_ws/install/local_setup.zsh'
[127.592s] INFO:colcon.colcon_core.shell:Creating prefix chain script '/home/lzy/lbot_ws/install/setup.zsh'
