[0.155s] DEBUG:colcon:Command line arguments: ['/usr/bin/colcon', 'build']
[0.155s] DEBUG:colcon:Parsed command line arguments: Namespace(log_base=None, log_level=None, verb_name='build', build_base='build', install_base='install', merge_install=False, symlink_install=False, test_result_base=None, continue_on_error=False, executor='parallel', parallel_workers=24, event_handlers=None, ignore_user_meta=False, metas=['./colcon.meta'], base_paths=['.'], packages_ignore=None, packages_ignore_regex=None, paths=None, packages_up_to=None, packages_up_to_regex=None, packages_above=None, packages_above_and_dependencies=None, packages_above_depth=None, packages_select_by_dep=None, packages_skip_by_dep=None, packages_skip_up_to=None, packages_select_build_failed=False, packages_skip_build_finished=False, packages_select_test_failures=False, packages_skip_test_passed=False, packages_select=None, packages_skip=None, packages_select_regex=None, packages_skip_regex=None, packages_start=None, packages_end=None, allow_overriding=[], cmake_args=None, cmake_target=None, cmake_target_skip_unavailable=False, cmake_clean_cache=False, cmake_clean_first=False, cmake_force_configure=False, ament_cmake_args=None, catkin_cmake_args=None, catkin_skip_building_tests=False, mixin_files=None, mixin=None, verb_parser=<colcon_mixin.mixin.mixin_argument.MixinArgumentDecorator object at 0x740b382858b0>, verb_extension=<colcon_core.verb.build.BuildVerb object at 0x740b38285580>, main=<bound method BuildVerb.main of <colcon_core.verb.build.BuildVerb object at 0x740b38285580>>, mixin_verb=('build',))
[0.196s] Level 1:colcon.colcon_core.package_discovery:discover_packages(colcon_meta) check parameters
[0.196s] Level 1:colcon.colcon_core.package_discovery:discover_packages(recursive) check parameters
[0.196s] Level 1:colcon.colcon_core.package_discovery:discover_packages(ignore) check parameters
[0.196s] Level 1:colcon.colcon_core.package_discovery:discover_packages(path) check parameters
[0.196s] Level 1:colcon.colcon_core.package_discovery:discover_packages(colcon_meta) discover
[0.196s] Level 1:colcon.colcon_core.package_discovery:discover_packages(recursive) discover
[0.196s] INFO:colcon.colcon_core.package_discovery:Crawling recursively for packages in '/home/lzy/lbot_ws'
[0.196s] Level 1:colcon.colcon_core.package_identification:_identify(.) by extensions ['ignore', 'ignore_ament_install']
[0.196s] Level 1:colcon.colcon_core.package_identification:_identify(.) by extension 'ignore'
[0.197s] Level 1:colcon.colcon_core.package_identification:_identify(.) by extension 'ignore_ament_install'
[0.197s] Level 1:colcon.colcon_core.package_identification:_identify(.) by extensions ['colcon_pkg']
[0.197s] Level 1:colcon.colcon_core.package_identification:_identify(.) by extension 'colcon_pkg'
[0.197s] Level 1:colcon.colcon_core.package_identification:_identify(.) by extensions ['colcon_meta']
[0.197s] Level 1:colcon.colcon_core.package_identification:_identify(.) by extension 'colcon_meta'
[0.197s] Level 1:colcon.colcon_core.package_identification:_identify(.) by extensions ['ros']
[0.197s] Level 1:colcon.colcon_core.package_identification:_identify(.) by extension 'ros'
[0.216s] Level 1:colcon.colcon_core.package_identification:_identify(.) by extensions ['cmake', 'python']
[0.216s] Level 1:colcon.colcon_core.package_identification:_identify(.) by extension 'cmake'
[0.216s] Level 1:colcon.colcon_core.package_identification:_identify(.) by extension 'python'
[0.216s] Level 1:colcon.colcon_core.package_identification:_identify(.) by extensions ['python_setup_py']
[0.216s] Level 1:colcon.colcon_core.package_identification:_identify(.) by extension 'python_setup_py'
[0.216s] Level 1:colcon.colcon_core.package_identification:_identify(build) by extensions ['ignore', 'ignore_ament_install']
[0.216s] Level 1:colcon.colcon_core.package_identification:_identify(build) by extension 'ignore'
[0.216s] Level 1:colcon.colcon_core.package_identification:_identify(build) ignored
[0.216s] Level 1:colcon.colcon_core.package_identification:_identify(install) by extensions ['ignore', 'ignore_ament_install']
[0.216s] Level 1:colcon.colcon_core.package_identification:_identify(install) by extension 'ignore'
[0.216s] Level 1:colcon.colcon_core.package_identification:_identify(install) ignored
[0.216s] Level 1:colcon.colcon_core.package_identification:_identify(log) by extensions ['ignore', 'ignore_ament_install']
[0.216s] Level 1:colcon.colcon_core.package_identification:_identify(log) by extension 'ignore'
[0.216s] Level 1:colcon.colcon_core.package_identification:_identify(log) ignored
[0.216s] Level 1:colcon.colcon_core.package_identification:_identify(src) by extensions ['ignore', 'ignore_ament_install']
[0.217s] Level 1:colcon.colcon_core.package_identification:_identify(src) by extension 'ignore'
[0.217s] Level 1:colcon.colcon_core.package_identification:_identify(src) by extension 'ignore_ament_install'
[0.217s] Level 1:colcon.colcon_core.package_identification:_identify(src) by extensions ['colcon_pkg']
[0.217s] Level 1:colcon.colcon_core.package_identification:_identify(src) by extension 'colcon_pkg'
[0.217s] Level 1:colcon.colcon_core.package_identification:_identify(src) by extensions ['colcon_meta']
[0.217s] Level 1:colcon.colcon_core.package_identification:_identify(src) by extension 'colcon_meta'
[0.217s] Level 1:colcon.colcon_core.package_identification:_identify(src) by extensions ['ros']
[0.217s] Level 1:colcon.colcon_core.package_identification:_identify(src) by extension 'ros'
[0.217s] Level 1:colcon.colcon_core.package_identification:_identify(src) by extensions ['cmake', 'python']
[0.217s] Level 1:colcon.colcon_core.package_identification:_identify(src) by extension 'cmake'
[0.217s] Level 1:colcon.colcon_core.package_identification:_identify(src) by extension 'python'
[0.217s] Level 1:colcon.colcon_core.package_identification:_identify(src) by extensions ['python_setup_py']
[0.217s] Level 1:colcon.colcon_core.package_identification:_identify(src) by extension 'python_setup_py'
[0.217s] Level 1:colcon.colcon_core.package_identification:_identify(src/lbot_arm_interfaces) by extensions ['ignore', 'ignore_ament_install']
[0.217s] Level 1:colcon.colcon_core.package_identification:_identify(src/lbot_arm_interfaces) by extension 'ignore'
[0.217s] Level 1:colcon.colcon_core.package_identification:_identify(src/lbot_arm_interfaces) by extension 'ignore_ament_install'
[0.217s] Level 1:colcon.colcon_core.package_identification:_identify(src/lbot_arm_interfaces) by extensions ['colcon_pkg']
[0.217s] Level 1:colcon.colcon_core.package_identification:_identify(src/lbot_arm_interfaces) by extension 'colcon_pkg'
[0.217s] Level 1:colcon.colcon_core.package_identification:_identify(src/lbot_arm_interfaces) by extensions ['colcon_meta']
[0.217s] Level 1:colcon.colcon_core.package_identification:_identify(src/lbot_arm_interfaces) by extension 'colcon_meta'
[0.217s] Level 1:colcon.colcon_core.package_identification:_identify(src/lbot_arm_interfaces) by extensions ['ros']
[0.217s] Level 1:colcon.colcon_core.package_identification:_identify(src/lbot_arm_interfaces) by extension 'ros'
[0.220s] DEBUG:colcon.colcon_core.package_identification:Package 'src/lbot_arm_interfaces' with type 'ros.ament_cmake' and name 'lbot_arm_interfaces'
[0.220s] Level 1:colcon.colcon_core.package_identification:_identify(src/lbot_demo) by extensions ['ignore', 'ignore_ament_install']
[0.220s] Level 1:colcon.colcon_core.package_identification:_identify(src/lbot_demo) by extension 'ignore'
[0.220s] Level 1:colcon.colcon_core.package_identification:_identify(src/lbot_demo) by extension 'ignore_ament_install'
[0.220s] Level 1:colcon.colcon_core.package_identification:_identify(src/lbot_demo) by extensions ['colcon_pkg']
[0.220s] Level 1:colcon.colcon_core.package_identification:_identify(src/lbot_demo) by extension 'colcon_pkg'
[0.220s] Level 1:colcon.colcon_core.package_identification:_identify(src/lbot_demo) by extensions ['colcon_meta']
[0.220s] Level 1:colcon.colcon_core.package_identification:_identify(src/lbot_demo) by extension 'colcon_meta'
[0.220s] Level 1:colcon.colcon_core.package_identification:_identify(src/lbot_demo) by extensions ['ros']
[0.220s] Level 1:colcon.colcon_core.package_identification:_identify(src/lbot_demo) by extension 'ros'
[0.220s] DEBUG:colcon.colcon_core.package_identification:Package 'src/lbot_demo' with type 'ros.ament_cmake' and name 'lbot_demo'
[0.220s] Level 1:colcon.colcon_core.package_identification:_identify(src/lbot_driver) by extensions ['ignore', 'ignore_ament_install']
[0.221s] Level 1:colcon.colcon_core.package_identification:_identify(src/lbot_driver) by extension 'ignore'
[0.221s] Level 1:colcon.colcon_core.package_identification:_identify(src/lbot_driver) by extension 'ignore_ament_install'
[0.221s] Level 1:colcon.colcon_core.package_identification:_identify(src/lbot_driver) by extensions ['colcon_pkg']
[0.221s] Level 1:colcon.colcon_core.package_identification:_identify(src/lbot_driver) by extension 'colcon_pkg'
[0.221s] Level 1:colcon.colcon_core.package_identification:_identify(src/lbot_driver) by extensions ['colcon_meta']
[0.221s] Level 1:colcon.colcon_core.package_identification:_identify(src/lbot_driver) by extension 'colcon_meta'
[0.221s] Level 1:colcon.colcon_core.package_identification:_identify(src/lbot_driver) by extensions ['ros']
[0.221s] Level 1:colcon.colcon_core.package_identification:_identify(src/lbot_driver) by extension 'ros'
[0.221s] DEBUG:colcon.colcon_core.package_identification:Package 'src/lbot_driver' with type 'ros.ament_cmake' and name 'lbot_driver'
[0.221s] Level 1:colcon.colcon_core.package_identification:_identify(src/lbot_teleop) by extensions ['ignore', 'ignore_ament_install']
[0.221s] Level 1:colcon.colcon_core.package_identification:_identify(src/lbot_teleop) by extension 'ignore'
[0.222s] Level 1:colcon.colcon_core.package_identification:_identify(src/lbot_teleop) by extension 'ignore_ament_install'
[0.222s] Level 1:colcon.colcon_core.package_identification:_identify(src/lbot_teleop) by extensions ['colcon_pkg']
[0.222s] Level 1:colcon.colcon_core.package_identification:_identify(src/lbot_teleop) by extension 'colcon_pkg'
[0.222s] Level 1:colcon.colcon_core.package_identification:_identify(src/lbot_teleop) by extensions ['colcon_meta']
[0.222s] Level 1:colcon.colcon_core.package_identification:_identify(src/lbot_teleop) by extension 'colcon_meta'
[0.222s] Level 1:colcon.colcon_core.package_identification:_identify(src/lbot_teleop) by extensions ['ros']
[0.222s] Level 1:colcon.colcon_core.package_identification:_identify(src/lbot_teleop) by extension 'ros'
[0.222s] DEBUG:colcon.colcon_core.package_identification:Package 'src/lbot_teleop' with type 'ros.ament_cmake' and name 'lbot_teleop'
[0.222s] Level 1:colcon.colcon_core.package_identification:_identify(开发资源) by extensions ['ignore', 'ignore_ament_install']
[0.222s] Level 1:colcon.colcon_core.package_identification:_identify(开发资源) by extension 'ignore'
[0.222s] Level 1:colcon.colcon_core.package_identification:_identify(开发资源) by extension 'ignore_ament_install'
[0.222s] Level 1:colcon.colcon_core.package_identification:_identify(开发资源) by extensions ['colcon_pkg']
[0.222s] Level 1:colcon.colcon_core.package_identification:_identify(开发资源) by extension 'colcon_pkg'
[0.222s] Level 1:colcon.colcon_core.package_identification:_identify(开发资源) by extensions ['colcon_meta']
[0.222s] Level 1:colcon.colcon_core.package_identification:_identify(开发资源) by extension 'colcon_meta'
[0.222s] Level 1:colcon.colcon_core.package_identification:_identify(开发资源) by extensions ['ros']
[0.222s] Level 1:colcon.colcon_core.package_identification:_identify(开发资源) by extension 'ros'
[0.222s] Level 1:colcon.colcon_core.package_identification:_identify(开发资源) by extensions ['cmake', 'python']
[0.222s] Level 1:colcon.colcon_core.package_identification:_identify(开发资源) by extension 'cmake'
[0.222s] Level 1:colcon.colcon_core.package_identification:_identify(开发资源) by extension 'python'
[0.222s] Level 1:colcon.colcon_core.package_identification:_identify(开发资源) by extensions ['python_setup_py']
[0.222s] Level 1:colcon.colcon_core.package_identification:_identify(开发资源) by extension 'python_setup_py'
[0.223s] Level 1:colcon.colcon_core.package_identification:_identify(开发资源/assets) by extensions ['ignore', 'ignore_ament_install']
[0.223s] Level 1:colcon.colcon_core.package_identification:_identify(开发资源/assets) by extension 'ignore'
[0.223s] Level 1:colcon.colcon_core.package_identification:_identify(开发资源/assets) by extension 'ignore_ament_install'
[0.223s] Level 1:colcon.colcon_core.package_identification:_identify(开发资源/assets) by extensions ['colcon_pkg']
[0.223s] Level 1:colcon.colcon_core.package_identification:_identify(开发资源/assets) by extension 'colcon_pkg'
[0.223s] Level 1:colcon.colcon_core.package_identification:_identify(开发资源/assets) by extensions ['colcon_meta']
[0.223s] Level 1:colcon.colcon_core.package_identification:_identify(开发资源/assets) by extension 'colcon_meta'
[0.223s] Level 1:colcon.colcon_core.package_identification:_identify(开发资源/assets) by extensions ['ros']
[0.223s] Level 1:colcon.colcon_core.package_identification:_identify(开发资源/assets) by extension 'ros'
[0.223s] Level 1:colcon.colcon_core.package_identification:_identify(开发资源/assets) by extensions ['cmake', 'python']
[0.223s] Level 1:colcon.colcon_core.package_identification:_identify(开发资源/assets) by extension 'cmake'
[0.223s] Level 1:colcon.colcon_core.package_identification:_identify(开发资源/assets) by extension 'python'
[0.223s] Level 1:colcon.colcon_core.package_identification:_identify(开发资源/assets) by extensions ['python_setup_py']
[0.223s] Level 1:colcon.colcon_core.package_identification:_identify(开发资源/assets) by extension 'python_setup_py'
[0.223s] Level 1:colcon.colcon_core.package_identification:_identify(开发资源/assets/components) by extensions ['ignore', 'ignore_ament_install']
[0.223s] Level 1:colcon.colcon_core.package_identification:_identify(开发资源/assets/components) by extension 'ignore'
[0.223s] Level 1:colcon.colcon_core.package_identification:_identify(开发资源/assets/components) by extension 'ignore_ament_install'
[0.223s] Level 1:colcon.colcon_core.package_identification:_identify(开发资源/assets/components) by extensions ['colcon_pkg']
[0.223s] Level 1:colcon.colcon_core.package_identification:_identify(开发资源/assets/components) by extension 'colcon_pkg'
[0.223s] Level 1:colcon.colcon_core.package_identification:_identify(开发资源/assets/components) by extensions ['colcon_meta']
[0.223s] Level 1:colcon.colcon_core.package_identification:_identify(开发资源/assets/components) by extension 'colcon_meta'
[0.223s] Level 1:colcon.colcon_core.package_identification:_identify(开发资源/assets/components) by extensions ['ros']
[0.223s] Level 1:colcon.colcon_core.package_identification:_identify(开发资源/assets/components) by extension 'ros'
[0.223s] Level 1:colcon.colcon_core.package_identification:_identify(开发资源/assets/components) by extensions ['cmake', 'python']
[0.223s] Level 1:colcon.colcon_core.package_identification:_identify(开发资源/assets/components) by extension 'cmake'
[0.223s] Level 1:colcon.colcon_core.package_identification:_identify(开发资源/assets/components) by extension 'python'
[0.223s] Level 1:colcon.colcon_core.package_identification:_identify(开发资源/assets/components) by extensions ['python_setup_py']
[0.223s] Level 1:colcon.colcon_core.package_identification:_identify(开发资源/assets/components) by extension 'python_setup_py'
[0.224s] Level 1:colcon.colcon_core.package_identification:_identify(开发资源/assets/components/arms) by extensions ['ignore', 'ignore_ament_install']
[0.224s] Level 1:colcon.colcon_core.package_identification:_identify(开发资源/assets/components/arms) by extension 'ignore'
[0.224s] Level 1:colcon.colcon_core.package_identification:_identify(开发资源/assets/components/arms) by extension 'ignore_ament_install'
[0.224s] Level 1:colcon.colcon_core.package_identification:_identify(开发资源/assets/components/arms) by extensions ['colcon_pkg']
[0.224s] Level 1:colcon.colcon_core.package_identification:_identify(开发资源/assets/components/arms) by extension 'colcon_pkg'
[0.224s] Level 1:colcon.colcon_core.package_identification:_identify(开发资源/assets/components/arms) by extensions ['colcon_meta']
[0.224s] Level 1:colcon.colcon_core.package_identification:_identify(开发资源/assets/components/arms) by extension 'colcon_meta'
[0.224s] Level 1:colcon.colcon_core.package_identification:_identify(开发资源/assets/components/arms) by extensions ['ros']
[0.224s] Level 1:colcon.colcon_core.package_identification:_identify(开发资源/assets/components/arms) by extension 'ros'
[0.224s] Level 1:colcon.colcon_core.package_identification:_identify(开发资源/assets/components/arms) by extensions ['cmake', 'python']
[0.224s] Level 1:colcon.colcon_core.package_identification:_identify(开发资源/assets/components/arms) by extension 'cmake'
[0.224s] Level 1:colcon.colcon_core.package_identification:_identify(开发资源/assets/components/arms) by extension 'python'
[0.224s] Level 1:colcon.colcon_core.package_identification:_identify(开发资源/assets/components/arms) by extensions ['python_setup_py']
[0.224s] Level 1:colcon.colcon_core.package_identification:_identify(开发资源/assets/components/arms) by extension 'python_setup_py'
[0.224s] Level 1:colcon.colcon_core.package_identification:_identify(开发资源/assets/components/arms/lkls73_arm) by extensions ['ignore', 'ignore_ament_install']
[0.224s] Level 1:colcon.colcon_core.package_identification:_identify(开发资源/assets/components/arms/lkls73_arm) by extension 'ignore'
[0.224s] Level 1:colcon.colcon_core.package_identification:_identify(开发资源/assets/components/arms/lkls73_arm) by extension 'ignore_ament_install'
[0.224s] Level 1:colcon.colcon_core.package_identification:_identify(开发资源/assets/components/arms/lkls73_arm) by extensions ['colcon_pkg']
[0.224s] Level 1:colcon.colcon_core.package_identification:_identify(开发资源/assets/components/arms/lkls73_arm) by extension 'colcon_pkg'
[0.224s] Level 1:colcon.colcon_core.package_identification:_identify(开发资源/assets/components/arms/lkls73_arm) by extensions ['colcon_meta']
[0.224s] Level 1:colcon.colcon_core.package_identification:_identify(开发资源/assets/components/arms/lkls73_arm) by extension 'colcon_meta'
[0.224s] Level 1:colcon.colcon_core.package_identification:_identify(开发资源/assets/components/arms/lkls73_arm) by extensions ['ros']
[0.224s] Level 1:colcon.colcon_core.package_identification:_identify(开发资源/assets/components/arms/lkls73_arm) by extension 'ros'
[0.224s] Level 1:colcon.colcon_core.package_identification:_identify(开发资源/assets/components/arms/lkls73_arm) by extensions ['cmake', 'python']
[0.224s] Level 1:colcon.colcon_core.package_identification:_identify(开发资源/assets/components/arms/lkls73_arm) by extension 'cmake'
[0.224s] Level 1:colcon.colcon_core.package_identification:_identify(开发资源/assets/components/arms/lkls73_arm) by extension 'python'
[0.224s] Level 1:colcon.colcon_core.package_identification:_identify(开发资源/assets/components/arms/lkls73_arm) by extensions ['python_setup_py']
[0.224s] Level 1:colcon.colcon_core.package_identification:_identify(开发资源/assets/components/arms/lkls73_arm) by extension 'python_setup_py'
[0.225s] Level 1:colcon.colcon_core.package_identification:_identify(开发资源/assets/components/arms/lkls73_arm/variants) by extensions ['ignore', 'ignore_ament_install']
[0.225s] Level 1:colcon.colcon_core.package_identification:_identify(开发资源/assets/components/arms/lkls73_arm/variants) by extension 'ignore'
[0.225s] Level 1:colcon.colcon_core.package_identification:_identify(开发资源/assets/components/arms/lkls73_arm/variants) by extension 'ignore_ament_install'
[0.225s] Level 1:colcon.colcon_core.package_identification:_identify(开发资源/assets/components/arms/lkls73_arm/variants) by extensions ['colcon_pkg']
[0.225s] Level 1:colcon.colcon_core.package_identification:_identify(开发资源/assets/components/arms/lkls73_arm/variants) by extension 'colcon_pkg'
[0.225s] Level 1:colcon.colcon_core.package_identification:_identify(开发资源/assets/components/arms/lkls73_arm/variants) by extensions ['colcon_meta']
[0.225s] Level 1:colcon.colcon_core.package_identification:_identify(开发资源/assets/components/arms/lkls73_arm/variants) by extension 'colcon_meta'
[0.225s] Level 1:colcon.colcon_core.package_identification:_identify(开发资源/assets/components/arms/lkls73_arm/variants) by extensions ['ros']
[0.225s] Level 1:colcon.colcon_core.package_identification:_identify(开发资源/assets/components/arms/lkls73_arm/variants) by extension 'ros'
[0.225s] Level 1:colcon.colcon_core.package_identification:_identify(开发资源/assets/components/arms/lkls73_arm/variants) by extensions ['cmake', 'python']
[0.225s] Level 1:colcon.colcon_core.package_identification:_identify(开发资源/assets/components/arms/lkls73_arm/variants) by extension 'cmake'
[0.225s] Level 1:colcon.colcon_core.package_identification:_identify(开发资源/assets/components/arms/lkls73_arm/variants) by extension 'python'
[0.225s] Level 1:colcon.colcon_core.package_identification:_identify(开发资源/assets/components/arms/lkls73_arm/variants) by extensions ['python_setup_py']
[0.225s] Level 1:colcon.colcon_core.package_identification:_identify(开发资源/assets/components/arms/lkls73_arm/variants) by extension 'python_setup_py'
[0.225s] Level 1:colcon.colcon_core.package_identification:_identify(开发资源/assets/components/arms/lkls73_arm/variants/left) by extensions ['ignore', 'ignore_ament_install']
[0.225s] Level 1:colcon.colcon_core.package_identification:_identify(开发资源/assets/components/arms/lkls73_arm/variants/left) by extension 'ignore'
[0.225s] Level 1:colcon.colcon_core.package_identification:_identify(开发资源/assets/components/arms/lkls73_arm/variants/left) by extension 'ignore_ament_install'
[0.225s] Level 1:colcon.colcon_core.package_identification:_identify(开发资源/assets/components/arms/lkls73_arm/variants/left) by extensions ['colcon_pkg']
[0.225s] Level 1:colcon.colcon_core.package_identification:_identify(开发资源/assets/components/arms/lkls73_arm/variants/left) by extension 'colcon_pkg'
[0.225s] Level 1:colcon.colcon_core.package_identification:_identify(开发资源/assets/components/arms/lkls73_arm/variants/left) by extensions ['colcon_meta']
[0.225s] Level 1:colcon.colcon_core.package_identification:_identify(开发资源/assets/components/arms/lkls73_arm/variants/left) by extension 'colcon_meta'
[0.225s] Level 1:colcon.colcon_core.package_identification:_identify(开发资源/assets/components/arms/lkls73_arm/variants/left) by extensions ['ros']
[0.225s] Level 1:colcon.colcon_core.package_identification:_identify(开发资源/assets/components/arms/lkls73_arm/variants/left) by extension 'ros'
[0.225s] Level 1:colcon.colcon_core.package_identification:_identify(开发资源/assets/components/arms/lkls73_arm/variants/left) by extensions ['cmake', 'python']
[0.225s] Level 1:colcon.colcon_core.package_identification:_identify(开发资源/assets/components/arms/lkls73_arm/variants/left) by extension 'cmake'
[0.225s] Level 1:colcon.colcon_core.package_identification:_identify(开发资源/assets/components/arms/lkls73_arm/variants/left) by extension 'python'
[0.225s] Level 1:colcon.colcon_core.package_identification:_identify(开发资源/assets/components/arms/lkls73_arm/variants/left) by extensions ['python_setup_py']
[0.225s] Level 1:colcon.colcon_core.package_identification:_identify(开发资源/assets/components/arms/lkls73_arm/variants/left) by extension 'python_setup_py'
[0.226s] Level 1:colcon.colcon_core.package_identification:_identify(开发资源/assets/components/arms/lkls73_arm/variants/left/meshes) by extensions ['ignore', 'ignore_ament_install']
[0.226s] Level 1:colcon.colcon_core.package_identification:_identify(开发资源/assets/components/arms/lkls73_arm/variants/left/meshes) by extension 'ignore'
[0.226s] Level 1:colcon.colcon_core.package_identification:_identify(开发资源/assets/components/arms/lkls73_arm/variants/left/meshes) by extension 'ignore_ament_install'
[0.226s] Level 1:colcon.colcon_core.package_identification:_identify(开发资源/assets/components/arms/lkls73_arm/variants/left/meshes) by extensions ['colcon_pkg']
[0.226s] Level 1:colcon.colcon_core.package_identification:_identify(开发资源/assets/components/arms/lkls73_arm/variants/left/meshes) by extension 'colcon_pkg'
[0.226s] Level 1:colcon.colcon_core.package_identification:_identify(开发资源/assets/components/arms/lkls73_arm/variants/left/meshes) by extensions ['colcon_meta']
[0.226s] Level 1:colcon.colcon_core.package_identification:_identify(开发资源/assets/components/arms/lkls73_arm/variants/left/meshes) by extension 'colcon_meta'
[0.226s] Level 1:colcon.colcon_core.package_identification:_identify(开发资源/assets/components/arms/lkls73_arm/variants/left/meshes) by extensions ['ros']
[0.226s] Level 1:colcon.colcon_core.package_identification:_identify(开发资源/assets/components/arms/lkls73_arm/variants/left/meshes) by extension 'ros'
[0.226s] Level 1:colcon.colcon_core.package_identification:_identify(开发资源/assets/components/arms/lkls73_arm/variants/left/meshes) by extensions ['cmake', 'python']
[0.226s] Level 1:colcon.colcon_core.package_identification:_identify(开发资源/assets/components/arms/lkls73_arm/variants/left/meshes) by extension 'cmake'
[0.226s] Level 1:colcon.colcon_core.package_identification:_identify(开发资源/assets/components/arms/lkls73_arm/variants/left/meshes) by extension 'python'
[0.226s] Level 1:colcon.colcon_core.package_identification:_identify(开发资源/assets/components/arms/lkls73_arm/variants/left/meshes) by extensions ['python_setup_py']
[0.226s] Level 1:colcon.colcon_core.package_identification:_identify(开发资源/assets/components/arms/lkls73_arm/variants/left/meshes) by extension 'python_setup_py'
[0.226s] Level 1:colcon.colcon_core.package_identification:_identify(开发资源/assets/components/arms/lkls73_arm/variants/right) by extensions ['ignore', 'ignore_ament_install']
[0.226s] Level 1:colcon.colcon_core.package_identification:_identify(开发资源/assets/components/arms/lkls73_arm/variants/right) by extension 'ignore'
[0.226s] Level 1:colcon.colcon_core.package_identification:_identify(开发资源/assets/components/arms/lkls73_arm/variants/right) by extension 'ignore_ament_install'
[0.226s] Level 1:colcon.colcon_core.package_identification:_identify(开发资源/assets/components/arms/lkls73_arm/variants/right) by extensions ['colcon_pkg']
[0.226s] Level 1:colcon.colcon_core.package_identification:_identify(开发资源/assets/components/arms/lkls73_arm/variants/right) by extension 'colcon_pkg'
[0.226s] Level 1:colcon.colcon_core.package_identification:_identify(开发资源/assets/components/arms/lkls73_arm/variants/right) by extensions ['colcon_meta']
[0.226s] Level 1:colcon.colcon_core.package_identification:_identify(开发资源/assets/components/arms/lkls73_arm/variants/right) by extension 'colcon_meta'
[0.226s] Level 1:colcon.colcon_core.package_identification:_identify(开发资源/assets/components/arms/lkls73_arm/variants/right) by extensions ['ros']
[0.226s] Level 1:colcon.colcon_core.package_identification:_identify(开发资源/assets/components/arms/lkls73_arm/variants/right) by extension 'ros'
[0.226s] Level 1:colcon.colcon_core.package_identification:_identify(开发资源/assets/components/arms/lkls73_arm/variants/right) by extensions ['cmake', 'python']
[0.226s] Level 1:colcon.colcon_core.package_identification:_identify(开发资源/assets/components/arms/lkls73_arm/variants/right) by extension 'cmake'
[0.226s] Level 1:colcon.colcon_core.package_identification:_identify(开发资源/assets/components/arms/lkls73_arm/variants/right) by extension 'python'
[0.226s] Level 1:colcon.colcon_core.package_identification:_identify(开发资源/assets/components/arms/lkls73_arm/variants/right) by extensions ['python_setup_py']
[0.226s] Level 1:colcon.colcon_core.package_identification:_identify(开发资源/assets/components/arms/lkls73_arm/variants/right) by extension 'python_setup_py'
[0.227s] Level 1:colcon.colcon_core.package_identification:_identify(开发资源/assets/components/arms/lkls73_arm/variants/right/meshes) by extensions ['ignore', 'ignore_ament_install']
[0.227s] Level 1:colcon.colcon_core.package_identification:_identify(开发资源/assets/components/arms/lkls73_arm/variants/right/meshes) by extension 'ignore'
[0.227s] Level 1:colcon.colcon_core.package_identification:_identify(开发资源/assets/components/arms/lkls73_arm/variants/right/meshes) by extension 'ignore_ament_install'
[0.227s] Level 1:colcon.colcon_core.package_identification:_identify(开发资源/assets/components/arms/lkls73_arm/variants/right/meshes) by extensions ['colcon_pkg']
[0.227s] Level 1:colcon.colcon_core.package_identification:_identify(开发资源/assets/components/arms/lkls73_arm/variants/right/meshes) by extension 'colcon_pkg'
[0.227s] Level 1:colcon.colcon_core.package_identification:_identify(开发资源/assets/components/arms/lkls73_arm/variants/right/meshes) by extensions ['colcon_meta']
[0.227s] Level 1:colcon.colcon_core.package_identification:_identify(开发资源/assets/components/arms/lkls73_arm/variants/right/meshes) by extension 'colcon_meta'
[0.227s] Level 1:colcon.colcon_core.package_identification:_identify(开发资源/assets/components/arms/lkls73_arm/variants/right/meshes) by extensions ['ros']
[0.227s] Level 1:colcon.colcon_core.package_identification:_identify(开发资源/assets/components/arms/lkls73_arm/variants/right/meshes) by extension 'ros'
[0.227s] Level 1:colcon.colcon_core.package_identification:_identify(开发资源/assets/components/arms/lkls73_arm/variants/right/meshes) by extensions ['cmake', 'python']
[0.227s] Level 1:colcon.colcon_core.package_identification:_identify(开发资源/assets/components/arms/lkls73_arm/variants/right/meshes) by extension 'cmake'
[0.227s] Level 1:colcon.colcon_core.package_identification:_identify(开发资源/assets/components/arms/lkls73_arm/variants/right/meshes) by extension 'python'
[0.227s] Level 1:colcon.colcon_core.package_identification:_identify(开发资源/assets/components/arms/lkls73_arm/variants/right/meshes) by extensions ['python_setup_py']
[0.227s] Level 1:colcon.colcon_core.package_identification:_identify(开发资源/assets/components/arms/lkls73_arm/variants/right/meshes) by extension 'python_setup_py'
[0.227s] Level 1:colcon.colcon_core.package_identification:_identify(开发资源/assets/components/bases) by extensions ['ignore', 'ignore_ament_install']
[0.227s] Level 1:colcon.colcon_core.package_identification:_identify(开发资源/assets/components/bases) by extension 'ignore'
[0.227s] Level 1:colcon.colcon_core.package_identification:_identify(开发资源/assets/components/bases) by extension 'ignore_ament_install'
[0.227s] Level 1:colcon.colcon_core.package_identification:_identify(开发资源/assets/components/bases) by extensions ['colcon_pkg']
[0.227s] Level 1:colcon.colcon_core.package_identification:_identify(开发资源/assets/components/bases) by extension 'colcon_pkg'
[0.227s] Level 1:colcon.colcon_core.package_identification:_identify(开发资源/assets/components/bases) by extensions ['colcon_meta']
[0.227s] Level 1:colcon.colcon_core.package_identification:_identify(开发资源/assets/components/bases) by extension 'colcon_meta'
[0.227s] Level 1:colcon.colcon_core.package_identification:_identify(开发资源/assets/components/bases) by extensions ['ros']
[0.227s] Level 1:colcon.colcon_core.package_identification:_identify(开发资源/assets/components/bases) by extension 'ros'
[0.227s] Level 1:colcon.colcon_core.package_identification:_identify(开发资源/assets/components/bases) by extensions ['cmake', 'python']
[0.227s] Level 1:colcon.colcon_core.package_identification:_identify(开发资源/assets/components/bases) by extension 'cmake'
[0.227s] Level 1:colcon.colcon_core.package_identification:_identify(开发资源/assets/components/bases) by extension 'python'
[0.227s] Level 1:colcon.colcon_core.package_identification:_identify(开发资源/assets/components/bases) by extensions ['python_setup_py']
[0.227s] Level 1:colcon.colcon_core.package_identification:_identify(开发资源/assets/components/bases) by extension 'python_setup_py'
[0.227s] Level 1:colcon.colcon_core.package_identification:_identify(开发资源/assets/components/bases/lkls73_torso) by extensions ['ignore', 'ignore_ament_install']
[0.227s] Level 1:colcon.colcon_core.package_identification:_identify(开发资源/assets/components/bases/lkls73_torso) by extension 'ignore'
[0.227s] Level 1:colcon.colcon_core.package_identification:_identify(开发资源/assets/components/bases/lkls73_torso) by extension 'ignore_ament_install'
[0.227s] Level 1:colcon.colcon_core.package_identification:_identify(开发资源/assets/components/bases/lkls73_torso) by extensions ['colcon_pkg']
[0.227s] Level 1:colcon.colcon_core.package_identification:_identify(开发资源/assets/components/bases/lkls73_torso) by extension 'colcon_pkg'
[0.228s] Level 1:colcon.colcon_core.package_identification:_identify(开发资源/assets/components/bases/lkls73_torso) by extensions ['colcon_meta']
[0.228s] Level 1:colcon.colcon_core.package_identification:_identify(开发资源/assets/components/bases/lkls73_torso) by extension 'colcon_meta'
[0.228s] Level 1:colcon.colcon_core.package_identification:_identify(开发资源/assets/components/bases/lkls73_torso) by extensions ['ros']
[0.228s] Level 1:colcon.colcon_core.package_identification:_identify(开发资源/assets/components/bases/lkls73_torso) by extension 'ros'
[0.228s] Level 1:colcon.colcon_core.package_identification:_identify(开发资源/assets/components/bases/lkls73_torso) by extensions ['cmake', 'python']
[0.228s] Level 1:colcon.colcon_core.package_identification:_identify(开发资源/assets/components/bases/lkls73_torso) by extension 'cmake'
[0.228s] Level 1:colcon.colcon_core.package_identification:_identify(开发资源/assets/components/bases/lkls73_torso) by extension 'python'
[0.228s] Level 1:colcon.colcon_core.package_identification:_identify(开发资源/assets/components/bases/lkls73_torso) by extensions ['python_setup_py']
[0.228s] Level 1:colcon.colcon_core.package_identification:_identify(开发资源/assets/components/bases/lkls73_torso) by extension 'python_setup_py'
[0.228s] Level 1:colcon.colcon_core.package_identification:_identify(开发资源/assets/components/bases/lkls73_torso/variants) by extensions ['ignore', 'ignore_ament_install']
[0.228s] Level 1:colcon.colcon_core.package_identification:_identify(开发资源/assets/components/bases/lkls73_torso/variants) by extension 'ignore'
[0.228s] Level 1:colcon.colcon_core.package_identification:_identify(开发资源/assets/components/bases/lkls73_torso/variants) by extension 'ignore_ament_install'
[0.228s] Level 1:colcon.colcon_core.package_identification:_identify(开发资源/assets/components/bases/lkls73_torso/variants) by extensions ['colcon_pkg']
[0.228s] Level 1:colcon.colcon_core.package_identification:_identify(开发资源/assets/components/bases/lkls73_torso/variants) by extension 'colcon_pkg'
[0.228s] Level 1:colcon.colcon_core.package_identification:_identify(开发资源/assets/components/bases/lkls73_torso/variants) by extensions ['colcon_meta']
[0.228s] Level 1:colcon.colcon_core.package_identification:_identify(开发资源/assets/components/bases/lkls73_torso/variants) by extension 'colcon_meta'
[0.228s] Level 1:colcon.colcon_core.package_identification:_identify(开发资源/assets/components/bases/lkls73_torso/variants) by extensions ['ros']
[0.228s] Level 1:colcon.colcon_core.package_identification:_identify(开发资源/assets/components/bases/lkls73_torso/variants) by extension 'ros'
[0.228s] Level 1:colcon.colcon_core.package_identification:_identify(开发资源/assets/components/bases/lkls73_torso/variants) by extensions ['cmake', 'python']
[0.228s] Level 1:colcon.colcon_core.package_identification:_identify(开发资源/assets/components/bases/lkls73_torso/variants) by extension 'cmake'
[0.228s] Level 1:colcon.colcon_core.package_identification:_identify(开发资源/assets/components/bases/lkls73_torso/variants) by extension 'python'
[0.228s] Level 1:colcon.colcon_core.package_identification:_identify(开发资源/assets/components/bases/lkls73_torso/variants) by extensions ['python_setup_py']
[0.228s] Level 1:colcon.colcon_core.package_identification:_identify(开发资源/assets/components/bases/lkls73_torso/variants) by extension 'python_setup_py'
[0.228s] Level 1:colcon.colcon_core.package_identification:_identify(开发资源/assets/components/bases/lkls73_torso/variants/default) by extensions ['ignore', 'ignore_ament_install']
[0.228s] Level 1:colcon.colcon_core.package_identification:_identify(开发资源/assets/components/bases/lkls73_torso/variants/default) by extension 'ignore'
[0.229s] Level 1:colcon.colcon_core.package_identification:_identify(开发资源/assets/components/bases/lkls73_torso/variants/default) by extension 'ignore_ament_install'
[0.229s] Level 1:colcon.colcon_core.package_identification:_identify(开发资源/assets/components/bases/lkls73_torso/variants/default) by extensions ['colcon_pkg']
[0.229s] Level 1:colcon.colcon_core.package_identification:_identify(开发资源/assets/components/bases/lkls73_torso/variants/default) by extension 'colcon_pkg'
[0.229s] Level 1:colcon.colcon_core.package_identification:_identify(开发资源/assets/components/bases/lkls73_torso/variants/default) by extensions ['colcon_meta']
[0.229s] Level 1:colcon.colcon_core.package_identification:_identify(开发资源/assets/components/bases/lkls73_torso/variants/default) by extension 'colcon_meta'
[0.229s] Level 1:colcon.colcon_core.package_identification:_identify(开发资源/assets/components/bases/lkls73_torso/variants/default) by extensions ['ros']
[0.229s] Level 1:colcon.colcon_core.package_identification:_identify(开发资源/assets/components/bases/lkls73_torso/variants/default) by extension 'ros'
[0.229s] Level 1:colcon.colcon_core.package_identification:_identify(开发资源/assets/components/bases/lkls73_torso/variants/default) by extensions ['cmake', 'python']
[0.229s] Level 1:colcon.colcon_core.package_identification:_identify(开发资源/assets/components/bases/lkls73_torso/variants/default) by extension 'cmake'
[0.229s] Level 1:colcon.colcon_core.package_identification:_identify(开发资源/assets/components/bases/lkls73_torso/variants/default) by extension 'python'
[0.229s] Level 1:colcon.colcon_core.package_identification:_identify(开发资源/assets/components/bases/lkls73_torso/variants/default) by extensions ['python_setup_py']
[0.229s] Level 1:colcon.colcon_core.package_identification:_identify(开发资源/assets/components/bases/lkls73_torso/variants/default) by extension 'python_setup_py'
[0.229s] Level 1:colcon.colcon_core.package_identification:_identify(开发资源/assets/components/bases/lkls73_torso/variants/default/meshes) by extensions ['ignore', 'ignore_ament_install']
[0.229s] Level 1:colcon.colcon_core.package_identification:_identify(开发资源/assets/components/bases/lkls73_torso/variants/default/meshes) by extension 'ignore'
[0.229s] Level 1:colcon.colcon_core.package_identification:_identify(开发资源/assets/components/bases/lkls73_torso/variants/default/meshes) by extension 'ignore_ament_install'
[0.229s] Level 1:colcon.colcon_core.package_identification:_identify(开发资源/assets/components/bases/lkls73_torso/variants/default/meshes) by extensions ['colcon_pkg']
[0.229s] Level 1:colcon.colcon_core.package_identification:_identify(开发资源/assets/components/bases/lkls73_torso/variants/default/meshes) by extension 'colcon_pkg'
[0.229s] Level 1:colcon.colcon_core.package_identification:_identify(开发资源/assets/components/bases/lkls73_torso/variants/default/meshes) by extensions ['colcon_meta']
[0.229s] Level 1:colcon.colcon_core.package_identification:_identify(开发资源/assets/components/bases/lkls73_torso/variants/default/meshes) by extension 'colcon_meta'
[0.229s] Level 1:colcon.colcon_core.package_identification:_identify(开发资源/assets/components/bases/lkls73_torso/variants/default/meshes) by extensions ['ros']
[0.229s] Level 1:colcon.colcon_core.package_identification:_identify(开发资源/assets/components/bases/lkls73_torso/variants/default/meshes) by extension 'ros'
[0.229s] Level 1:colcon.colcon_core.package_identification:_identify(开发资源/assets/components/bases/lkls73_torso/variants/default/meshes) by extensions ['cmake', 'python']
[0.229s] Level 1:colcon.colcon_core.package_identification:_identify(开发资源/assets/components/bases/lkls73_torso/variants/default/meshes) by extension 'cmake'
[0.229s] Level 1:colcon.colcon_core.package_identification:_identify(开发资源/assets/components/bases/lkls73_torso/variants/default/meshes) by extension 'python'
[0.229s] Level 1:colcon.colcon_core.package_identification:_identify(开发资源/assets/components/bases/lkls73_torso/variants/default/meshes) by extensions ['python_setup_py']
[0.229s] Level 1:colcon.colcon_core.package_identification:_identify(开发资源/assets/components/bases/lkls73_torso/variants/default/meshes) by extension 'python_setup_py'
[0.229s] Level 1:colcon.colcon_core.package_identification:_identify(开发资源/assets/components/hands) by extensions ['ignore', 'ignore_ament_install']
[0.230s] Level 1:colcon.colcon_core.package_identification:_identify(开发资源/assets/components/hands) by extension 'ignore'
[0.230s] Level 1:colcon.colcon_core.package_identification:_identify(开发资源/assets/components/hands) by extension 'ignore_ament_install'
[0.230s] Level 1:colcon.colcon_core.package_identification:_identify(开发资源/assets/components/hands) by extensions ['colcon_pkg']
[0.230s] Level 1:colcon.colcon_core.package_identification:_identify(开发资源/assets/components/hands) by extension 'colcon_pkg'
[0.230s] Level 1:colcon.colcon_core.package_identification:_identify(开发资源/assets/components/hands) by extensions ['colcon_meta']
[0.230s] Level 1:colcon.colcon_core.package_identification:_identify(开发资源/assets/components/hands) by extension 'colcon_meta'
[0.230s] Level 1:colcon.colcon_core.package_identification:_identify(开发资源/assets/components/hands) by extensions ['ros']
[0.230s] Level 1:colcon.colcon_core.package_identification:_identify(开发资源/assets/components/hands) by extension 'ros'
[0.230s] Level 1:colcon.colcon_core.package_identification:_identify(开发资源/assets/components/hands) by extensions ['cmake', 'python']
[0.230s] Level 1:colcon.colcon_core.package_identification:_identify(开发资源/assets/components/hands) by extension 'cmake'
[0.230s] Level 1:colcon.colcon_core.package_identification:_identify(开发资源/assets/components/hands) by extension 'python'
[0.230s] Level 1:colcon.colcon_core.package_identification:_identify(开发资源/assets/components/hands) by extensions ['python_setup_py']
[0.230s] Level 1:colcon.colcon_core.package_identification:_identify(开发资源/assets/components/hands) by extension 'python_setup_py'
[0.230s] Level 1:colcon.colcon_core.package_identification:_identify(开发资源/assets/components/hands/linkerhand_o6) by extensions ['ignore', 'ignore_ament_install']
[0.230s] Level 1:colcon.colcon_core.package_identification:_identify(开发资源/assets/components/hands/linkerhand_o6) by extension 'ignore'
[0.230s] Level 1:colcon.colcon_core.package_identification:_identify(开发资源/assets/components/hands/linkerhand_o6) by extension 'ignore_ament_install'
[0.230s] Level 1:colcon.colcon_core.package_identification:_identify(开发资源/assets/components/hands/linkerhand_o6) by extensions ['colcon_pkg']
[0.230s] Level 1:colcon.colcon_core.package_identification:_identify(开发资源/assets/components/hands/linkerhand_o6) by extension 'colcon_pkg'
[0.230s] Level 1:colcon.colcon_core.package_identification:_identify(开发资源/assets/components/hands/linkerhand_o6) by extensions ['colcon_meta']
[0.230s] Level 1:colcon.colcon_core.package_identification:_identify(开发资源/assets/components/hands/linkerhand_o6) by extension 'colcon_meta'
[0.230s] Level 1:colcon.colcon_core.package_identification:_identify(开发资源/assets/components/hands/linkerhand_o6) by extensions ['ros']
[0.230s] Level 1:colcon.colcon_core.package_identification:_identify(开发资源/assets/components/hands/linkerhand_o6) by extension 'ros'
[0.230s] Level 1:colcon.colcon_core.package_identification:_identify(开发资源/assets/components/hands/linkerhand_o6) by extensions ['cmake', 'python']
[0.230s] Level 1:colcon.colcon_core.package_identification:_identify(开发资源/assets/components/hands/linkerhand_o6) by extension 'cmake'
[0.230s] Level 1:colcon.colcon_core.package_identification:_identify(开发资源/assets/components/hands/linkerhand_o6) by extension 'python'
[0.230s] Level 1:colcon.colcon_core.package_identification:_identify(开发资源/assets/components/hands/linkerhand_o6) by extensions ['python_setup_py']
[0.230s] Level 1:colcon.colcon_core.package_identification:_identify(开发资源/assets/components/hands/linkerhand_o6) by extension 'python_setup_py'
[0.230s] Level 1:colcon.colcon_core.package_identification:_identify(开发资源/assets/components/hands/linkerhand_o6/variants) by extensions ['ignore', 'ignore_ament_install']
[0.230s] Level 1:colcon.colcon_core.package_identification:_identify(开发资源/assets/components/hands/linkerhand_o6/variants) by extension 'ignore'
[0.230s] Level 1:colcon.colcon_core.package_identification:_identify(开发资源/assets/components/hands/linkerhand_o6/variants) by extension 'ignore_ament_install'
[0.230s] Level 1:colcon.colcon_core.package_identification:_identify(开发资源/assets/components/hands/linkerhand_o6/variants) by extensions ['colcon_pkg']
[0.230s] Level 1:colcon.colcon_core.package_identification:_identify(开发资源/assets/components/hands/linkerhand_o6/variants) by extension 'colcon_pkg'
[0.230s] Level 1:colcon.colcon_core.package_identification:_identify(开发资源/assets/components/hands/linkerhand_o6/variants) by extensions ['colcon_meta']
[0.230s] Level 1:colcon.colcon_core.package_identification:_identify(开发资源/assets/components/hands/linkerhand_o6/variants) by extension 'colcon_meta'
[0.230s] Level 1:colcon.colcon_core.package_identification:_identify(开发资源/assets/components/hands/linkerhand_o6/variants) by extensions ['ros']
[0.230s] Level 1:colcon.colcon_core.package_identification:_identify(开发资源/assets/components/hands/linkerhand_o6/variants) by extension 'ros'
[0.231s] Level 1:colcon.colcon_core.package_identification:_identify(开发资源/assets/components/hands/linkerhand_o6/variants) by extensions ['cmake', 'python']
[0.231s] Level 1:colcon.colcon_core.package_identification:_identify(开发资源/assets/components/hands/linkerhand_o6/variants) by extension 'cmake'
[0.231s] Level 1:colcon.colcon_core.package_identification:_identify(开发资源/assets/components/hands/linkerhand_o6/variants) by extension 'python'
[0.231s] Level 1:colcon.colcon_core.package_identification:_identify(开发资源/assets/components/hands/linkerhand_o6/variants) by extensions ['python_setup_py']
[0.231s] Level 1:colcon.colcon_core.package_identification:_identify(开发资源/assets/components/hands/linkerhand_o6/variants) by extension 'python_setup_py'
[0.231s] Level 1:colcon.colcon_core.package_identification:_identify(开发资源/assets/components/hands/linkerhand_o6/variants/left) by extensions ['ignore', 'ignore_ament_install']
[0.231s] Level 1:colcon.colcon_core.package_identification:_identify(开发资源/assets/components/hands/linkerhand_o6/variants/left) by extension 'ignore'
[0.231s] Level 1:colcon.colcon_core.package_identification:_identify(开发资源/assets/components/hands/linkerhand_o6/variants/left) by extension 'ignore_ament_install'
[0.231s] Level 1:colcon.colcon_core.package_identification:_identify(开发资源/assets/components/hands/linkerhand_o6/variants/left) by extensions ['colcon_pkg']
[0.231s] Level 1:colcon.colcon_core.package_identification:_identify(开发资源/assets/components/hands/linkerhand_o6/variants/left) by extension 'colcon_pkg'
[0.231s] Level 1:colcon.colcon_core.package_identification:_identify(开发资源/assets/components/hands/linkerhand_o6/variants/left) by extensions ['colcon_meta']
[0.231s] Level 1:colcon.colcon_core.package_identification:_identify(开发资源/assets/components/hands/linkerhand_o6/variants/left) by extension 'colcon_meta'
[0.231s] Level 1:colcon.colcon_core.package_identification:_identify(开发资源/assets/components/hands/linkerhand_o6/variants/left) by extensions ['ros']
[0.231s] Level 1:colcon.colcon_core.package_identification:_identify(开发资源/assets/components/hands/linkerhand_o6/variants/left) by extension 'ros'
[0.231s] Level 1:colcon.colcon_core.package_identification:_identify(开发资源/assets/components/hands/linkerhand_o6/variants/left) by extensions ['cmake', 'python']
[0.231s] Level 1:colcon.colcon_core.package_identification:_identify(开发资源/assets/components/hands/linkerhand_o6/variants/left) by extension 'cmake'
[0.231s] Level 1:colcon.colcon_core.package_identification:_identify(开发资源/assets/components/hands/linkerhand_o6/variants/left) by extension 'python'
[0.231s] Level 1:colcon.colcon_core.package_identification:_identify(开发资源/assets/components/hands/linkerhand_o6/variants/left) by extensions ['python_setup_py']
[0.231s] Level 1:colcon.colcon_core.package_identification:_identify(开发资源/assets/components/hands/linkerhand_o6/variants/left) by extension 'python_setup_py'
[0.231s] Level 1:colcon.colcon_core.package_identification:_identify(开发资源/assets/components/hands/linkerhand_o6/variants/left/meshes) by extensions ['ignore', 'ignore_ament_install']
[0.231s] Level 1:colcon.colcon_core.package_identification:_identify(开发资源/assets/components/hands/linkerhand_o6/variants/left/meshes) by extension 'ignore'
[0.231s] Level 1:colcon.colcon_core.package_identification:_identify(开发资源/assets/components/hands/linkerhand_o6/variants/left/meshes) by extension 'ignore_ament_install'
[0.231s] Level 1:colcon.colcon_core.package_identification:_identify(开发资源/assets/components/hands/linkerhand_o6/variants/left/meshes) by extensions ['colcon_pkg']
[0.231s] Level 1:colcon.colcon_core.package_identification:_identify(开发资源/assets/components/hands/linkerhand_o6/variants/left/meshes) by extension 'colcon_pkg'
[0.231s] Level 1:colcon.colcon_core.package_identification:_identify(开发资源/assets/components/hands/linkerhand_o6/variants/left/meshes) by extensions ['colcon_meta']
[0.231s] Level 1:colcon.colcon_core.package_identification:_identify(开发资源/assets/components/hands/linkerhand_o6/variants/left/meshes) by extension 'colcon_meta'
[0.231s] Level 1:colcon.colcon_core.package_identification:_identify(开发资源/assets/components/hands/linkerhand_o6/variants/left/meshes) by extensions ['ros']
[0.231s] Level 1:colcon.colcon_core.package_identification:_identify(开发资源/assets/components/hands/linkerhand_o6/variants/left/meshes) by extension 'ros'
[0.231s] Level 1:colcon.colcon_core.package_identification:_identify(开发资源/assets/components/hands/linkerhand_o6/variants/left/meshes) by extensions ['cmake', 'python']
[0.231s] Level 1:colcon.colcon_core.package_identification:_identify(开发资源/assets/components/hands/linkerhand_o6/variants/left/meshes) by extension 'cmake'
[0.231s] Level 1:colcon.colcon_core.package_identification:_identify(开发资源/assets/components/hands/linkerhand_o6/variants/left/meshes) by extension 'python'
[0.231s] Level 1:colcon.colcon_core.package_identification:_identify(开发资源/assets/components/hands/linkerhand_o6/variants/left/meshes) by extensions ['python_setup_py']
[0.231s] Level 1:colcon.colcon_core.package_identification:_identify(开发资源/assets/components/hands/linkerhand_o6/variants/left/meshes) by extension 'python_setup_py'
[0.232s] Level 1:colcon.colcon_core.package_identification:_identify(开发资源/assets/components/hands/linkerhand_o6/variants/right) by extensions ['ignore', 'ignore_ament_install']
[0.232s] Level 1:colcon.colcon_core.package_identification:_identify(开发资源/assets/components/hands/linkerhand_o6/variants/right) by extension 'ignore'
[0.232s] Level 1:colcon.colcon_core.package_identification:_identify(开发资源/assets/components/hands/linkerhand_o6/variants/right) by extension 'ignore_ament_install'
[0.232s] Level 1:colcon.colcon_core.package_identification:_identify(开发资源/assets/components/hands/linkerhand_o6/variants/right) by extensions ['colcon_pkg']
[0.232s] Level 1:colcon.colcon_core.package_identification:_identify(开发资源/assets/components/hands/linkerhand_o6/variants/right) by extension 'colcon_pkg'
[0.232s] Level 1:colcon.colcon_core.package_identification:_identify(开发资源/assets/components/hands/linkerhand_o6/variants/right) by extensions ['colcon_meta']
[0.232s] Level 1:colcon.colcon_core.package_identification:_identify(开发资源/assets/components/hands/linkerhand_o6/variants/right) by extension 'colcon_meta'
[0.232s] Level 1:colcon.colcon_core.package_identification:_identify(开发资源/assets/components/hands/linkerhand_o6/variants/right) by extensions ['ros']
[0.232s] Level 1:colcon.colcon_core.package_identification:_identify(开发资源/assets/components/hands/linkerhand_o6/variants/right) by extension 'ros'
[0.232s] Level 1:colcon.colcon_core.package_identification:_identify(开发资源/assets/components/hands/linkerhand_o6/variants/right) by extensions ['cmake', 'python']
[0.232s] Level 1:colcon.colcon_core.package_identification:_identify(开发资源/assets/components/hands/linkerhand_o6/variants/right) by extension 'cmake'
[0.232s] Level 1:colcon.colcon_core.package_identification:_identify(开发资源/assets/components/hands/linkerhand_o6/variants/right) by extension 'python'
[0.232s] Level 1:colcon.colcon_core.package_identification:_identify(开发资源/assets/components/hands/linkerhand_o6/variants/right) by extensions ['python_setup_py']
[0.232s] Level 1:colcon.colcon_core.package_identification:_identify(开发资源/assets/components/hands/linkerhand_o6/variants/right) by extension 'python_setup_py'
[0.232s] Level 1:colcon.colcon_core.package_identification:_identify(开发资源/assets/components/hands/linkerhand_o6/variants/right/meshes) by extensions ['ignore', 'ignore_ament_install']
[0.232s] Level 1:colcon.colcon_core.package_identification:_identify(开发资源/assets/components/hands/linkerhand_o6/variants/right/meshes) by extension 'ignore'
[0.232s] Level 1:colcon.colcon_core.package_identification:_identify(开发资源/assets/components/hands/linkerhand_o6/variants/right/meshes) by extension 'ignore_ament_install'
[0.232s] Level 1:colcon.colcon_core.package_identification:_identify(开发资源/assets/components/hands/linkerhand_o6/variants/right/meshes) by extensions ['colcon_pkg']
[0.232s] Level 1:colcon.colcon_core.package_identification:_identify(开发资源/assets/components/hands/linkerhand_o6/variants/right/meshes) by extension 'colcon_pkg'
[0.232s] Level 1:colcon.colcon_core.package_identification:_identify(开发资源/assets/components/hands/linkerhand_o6/variants/right/meshes) by extensions ['colcon_meta']
[0.232s] Level 1:colcon.colcon_core.package_identification:_identify(开发资源/assets/components/hands/linkerhand_o6/variants/right/meshes) by extension 'colcon_meta'
[0.232s] Level 1:colcon.colcon_core.package_identification:_identify(开发资源/assets/components/hands/linkerhand_o6/variants/right/meshes) by extensions ['ros']
[0.232s] Level 1:colcon.colcon_core.package_identification:_identify(开发资源/assets/components/hands/linkerhand_o6/variants/right/meshes) by extension 'ros'
[0.232s] Level 1:colcon.colcon_core.package_identification:_identify(开发资源/assets/components/hands/linkerhand_o6/variants/right/meshes) by extensions ['cmake', 'python']
[0.232s] Level 1:colcon.colcon_core.package_identification:_identify(开发资源/assets/components/hands/linkerhand_o6/variants/right/meshes) by extension 'cmake'
[0.232s] Level 1:colcon.colcon_core.package_identification:_identify(开发资源/assets/components/hands/linkerhand_o6/variants/right/meshes) by extension 'python'
[0.232s] Level 1:colcon.colcon_core.package_identification:_identify(开发资源/assets/components/hands/linkerhand_o6/variants/right/meshes) by extensions ['python_setup_py']
[0.232s] Level 1:colcon.colcon_core.package_identification:_identify(开发资源/assets/components/hands/linkerhand_o6/variants/right/meshes) by extension 'python_setup_py'
[0.233s] Level 1:colcon.colcon_core.package_identification:_identify(开发资源/assets/workstations) by extensions ['ignore', 'ignore_ament_install']
[0.233s] Level 1:colcon.colcon_core.package_identification:_identify(开发资源/assets/workstations) by extension 'ignore'
[0.233s] Level 1:colcon.colcon_core.package_identification:_identify(开发资源/assets/workstations) by extension 'ignore_ament_install'
[0.233s] Level 1:colcon.colcon_core.package_identification:_identify(开发资源/assets/workstations) by extensions ['colcon_pkg']
[0.233s] Level 1:colcon.colcon_core.package_identification:_identify(开发资源/assets/workstations) by extension 'colcon_pkg'
[0.233s] Level 1:colcon.colcon_core.package_identification:_identify(开发资源/assets/workstations) by extensions ['colcon_meta']
[0.233s] Level 1:colcon.colcon_core.package_identification:_identify(开发资源/assets/workstations) by extension 'colcon_meta'
[0.233s] Level 1:colcon.colcon_core.package_identification:_identify(开发资源/assets/workstations) by extensions ['ros']
[0.233s] Level 1:colcon.colcon_core.package_identification:_identify(开发资源/assets/workstations) by extension 'ros'
[0.233s] Level 1:colcon.colcon_core.package_identification:_identify(开发资源/assets/workstations) by extensions ['cmake', 'python']
[0.233s] Level 1:colcon.colcon_core.package_identification:_identify(开发资源/assets/workstations) by extension 'cmake'
[0.233s] Level 1:colcon.colcon_core.package_identification:_identify(开发资源/assets/workstations) by extension 'python'
[0.233s] Level 1:colcon.colcon_core.package_identification:_identify(开发资源/assets/workstations) by extensions ['python_setup_py']
[0.233s] Level 1:colcon.colcon_core.package_identification:_identify(开发资源/assets/workstations) by extension 'python_setup_py'
[0.233s] Level 1:colcon.colcon_core.package_identification:_identify(开发资源/assets/workstations/lkls73_i1_o6_bimanual) by extensions ['ignore', 'ignore_ament_install']
[0.233s] Level 1:colcon.colcon_core.package_identification:_identify(开发资源/assets/workstations/lkls73_i1_o6_bimanual) by extension 'ignore'
[0.233s] Level 1:colcon.colcon_core.package_identification:_identify(开发资源/assets/workstations/lkls73_i1_o6_bimanual) by extension 'ignore_ament_install'
[0.233s] Level 1:colcon.colcon_core.package_identification:_identify(开发资源/assets/workstations/lkls73_i1_o6_bimanual) by extensions ['colcon_pkg']
[0.233s] Level 1:colcon.colcon_core.package_identification:_identify(开发资源/assets/workstations/lkls73_i1_o6_bimanual) by extension 'colcon_pkg'
[0.233s] Level 1:colcon.colcon_core.package_identification:_identify(开发资源/assets/workstations/lkls73_i1_o6_bimanual) by extensions ['colcon_meta']
[0.233s] Level 1:colcon.colcon_core.package_identification:_identify(开发资源/assets/workstations/lkls73_i1_o6_bimanual) by extension 'colcon_meta'
[0.233s] Level 1:colcon.colcon_core.package_identification:_identify(开发资源/assets/workstations/lkls73_i1_o6_bimanual) by extensions ['ros']
[0.233s] Level 1:colcon.colcon_core.package_identification:_identify(开发资源/assets/workstations/lkls73_i1_o6_bimanual) by extension 'ros'
[0.233s] Level 1:colcon.colcon_core.package_identification:_identify(开发资源/assets/workstations/lkls73_i1_o6_bimanual) by extensions ['cmake', 'python']
[0.233s] Level 1:colcon.colcon_core.package_identification:_identify(开发资源/assets/workstations/lkls73_i1_o6_bimanual) by extension 'cmake'
[0.233s] Level 1:colcon.colcon_core.package_identification:_identify(开发资源/assets/workstations/lkls73_i1_o6_bimanual) by extension 'python'
[0.233s] Level 1:colcon.colcon_core.package_identification:_identify(开发资源/assets/workstations/lkls73_i1_o6_bimanual) by extensions ['python_setup_py']
[0.233s] Level 1:colcon.colcon_core.package_identification:_identify(开发资源/assets/workstations/lkls73_i1_o6_bimanual) by extension 'python_setup_py'
[0.233s] Level 1:colcon.colcon_core.package_discovery:discover_packages(recursive) using defaults
[0.233s] Level 1:colcon.colcon_core.package_discovery:discover_packages(ignore) discover
[0.233s] Level 1:colcon.colcon_core.package_discovery:discover_packages(ignore) using defaults
[0.233s] Level 1:colcon.colcon_core.package_discovery:discover_packages(path) discover
[0.233s] Level 1:colcon.colcon_core.package_discovery:discover_packages(path) using defaults
[0.251s] Level 1:colcon.colcon_core.package_discovery:discover_packages(prefix_path) check parameters
[0.251s] Level 1:colcon.colcon_core.package_discovery:discover_packages(prefix_path) discover
[0.253s] DEBUG:colcon.colcon_installed_package_information.package_discovery:Found 287 installed packages in /opt/ros/jazzy
[0.254s] Level 1:colcon.colcon_core.package_discovery:discover_packages(prefix_path) using defaults
[0.273s] Level 5:colcon.colcon_core.verb:set package 'lbot_arm_interfaces' build argument 'cmake_args' from command line to 'None'
[0.273s] Level 5:colcon.colcon_core.verb:set package 'lbot_arm_interfaces' build argument 'cmake_target' from command line to 'None'
[0.273s] Level 5:colcon.colcon_core.verb:set package 'lbot_arm_interfaces' build argument 'cmake_target_skip_unavailable' from command line to 'False'
[0.273s] Level 5:colcon.colcon_core.verb:set package 'lbot_arm_interfaces' build argument 'cmake_clean_cache' from command line to 'False'
[0.273s] Level 5:colcon.colcon_core.verb:set package 'lbot_arm_interfaces' build argument 'cmake_clean_first' from command line to 'False'
[0.273s] Level 5:colcon.colcon_core.verb:set package 'lbot_arm_interfaces' build argument 'cmake_force_configure' from command line to 'False'
[0.273s] Level 5:colcon.colcon_core.verb:set package 'lbot_arm_interfaces' build argument 'ament_cmake_args' from command line to 'None'
[0.273s] Level 5:colcon.colcon_core.verb:set package 'lbot_arm_interfaces' build argument 'catkin_cmake_args' from command line to 'None'
[0.273s] Level 5:colcon.colcon_core.verb:set package 'lbot_arm_interfaces' build argument 'catkin_skip_building_tests' from command line to 'False'
[0.273s] DEBUG:colcon.colcon_core.verb:Building package 'lbot_arm_interfaces' with the following arguments: {'ament_cmake_args': None, 'build_base': '/home/lzy/lbot_ws/build/lbot_arm_interfaces', 'catkin_cmake_args': None, 'catkin_skip_building_tests': False, 'cmake_args': None, 'cmake_clean_cache': False, 'cmake_clean_first': False, 'cmake_force_configure': False, 'cmake_target': None, 'cmake_target_skip_unavailable': False, 'install_base': '/home/lzy/lbot_ws/install/lbot_arm_interfaces', 'merge_install': False, 'path': '/home/lzy/lbot_ws/src/lbot_arm_interfaces', 'symlink_install': False, 'test_result_base': None}
[0.274s] Level 5:colcon.colcon_core.verb:set package 'lbot_demo' build argument 'cmake_args' from command line to 'None'
[0.274s] Level 5:colcon.colcon_core.verb:set package 'lbot_demo' build argument 'cmake_target' from command line to 'None'
[0.274s] Level 5:colcon.colcon_core.verb:set package 'lbot_demo' build argument 'cmake_target_skip_unavailable' from command line to 'False'
[0.274s] Level 5:colcon.colcon_core.verb:set package 'lbot_demo' build argument 'cmake_clean_cache' from command line to 'False'
[0.274s] Level 5:colcon.colcon_core.verb:set package 'lbot_demo' build argument 'cmake_clean_first' from command line to 'False'
[0.274s] Level 5:colcon.colcon_core.verb:set package 'lbot_demo' build argument 'cmake_force_configure' from command line to 'False'
[0.274s] Level 5:colcon.colcon_core.verb:set package 'lbot_demo' build argument 'ament_cmake_args' from command line to 'None'
[0.274s] Level 5:colcon.colcon_core.verb:set package 'lbot_demo' build argument 'catkin_cmake_args' from command line to 'None'
[0.274s] Level 5:colcon.colcon_core.verb:set package 'lbot_demo' build argument 'catkin_skip_building_tests' from command line to 'False'
[0.274s] DEBUG:colcon.colcon_core.verb:Building package 'lbot_demo' with the following arguments: {'ament_cmake_args': None, 'build_base': '/home/lzy/lbot_ws/build/lbot_demo', 'catkin_cmake_args': None, 'catkin_skip_building_tests': False, 'cmake_args': None, 'cmake_clean_cache': False, 'cmake_clean_first': False, 'cmake_force_configure': False, 'cmake_target': None, 'cmake_target_skip_unavailable': False, 'install_base': '/home/lzy/lbot_ws/install/lbot_demo', 'merge_install': False, 'path': '/home/lzy/lbot_ws/src/lbot_demo', 'symlink_install': False, 'test_result_base': None}
[0.274s] Level 5:colcon.colcon_core.verb:set package 'lbot_driver' build argument 'cmake_args' from command line to 'None'
[0.274s] Level 5:colcon.colcon_core.verb:set package 'lbot_driver' build argument 'cmake_target' from command line to 'None'
[0.274s] Level 5:colcon.colcon_core.verb:set package 'lbot_driver' build argument 'cmake_target_skip_unavailable' from command line to 'False'
[0.274s] Level 5:colcon.colcon_core.verb:set package 'lbot_driver' build argument 'cmake_clean_cache' from command line to 'False'
[0.274s] Level 5:colcon.colcon_core.verb:set package 'lbot_driver' build argument 'cmake_clean_first' from command line to 'False'
[0.274s] Level 5:colcon.colcon_core.verb:set package 'lbot_driver' build argument 'cmake_force_configure' from command line to 'False'
[0.274s] Level 5:colcon.colcon_core.verb:set package 'lbot_driver' build argument 'ament_cmake_args' from command line to 'None'
[0.274s] Level 5:colcon.colcon_core.verb:set package 'lbot_driver' build argument 'catkin_cmake_args' from command line to 'None'
[0.274s] Level 5:colcon.colcon_core.verb:set package 'lbot_driver' build argument 'catkin_skip_building_tests' from command line to 'False'
[0.274s] DEBUG:colcon.colcon_core.verb:Building package 'lbot_driver' with the following arguments: {'ament_cmake_args': None, 'build_base': '/home/lzy/lbot_ws/build/lbot_driver', 'catkin_cmake_args': None, 'catkin_skip_building_tests': False, 'cmake_args': None, 'cmake_clean_cache': False, 'cmake_clean_first': False, 'cmake_force_configure': False, 'cmake_target': None, 'cmake_target_skip_unavailable': False, 'install_base': '/home/lzy/lbot_ws/install/lbot_driver', 'merge_install': False, 'path': '/home/lzy/lbot_ws/src/lbot_driver', 'symlink_install': False, 'test_result_base': None}
[0.274s] Level 5:colcon.colcon_core.verb:set package 'lbot_teleop' build argument 'cmake_args' from command line to 'None'
[0.274s] Level 5:colcon.colcon_core.verb:set package 'lbot_teleop' build argument 'cmake_target' from command line to 'None'
[0.274s] Level 5:colcon.colcon_core.verb:set package 'lbot_teleop' build argument 'cmake_target_skip_unavailable' from command line to 'False'
[0.274s] Level 5:colcon.colcon_core.verb:set package 'lbot_teleop' build argument 'cmake_clean_cache' from command line to 'False'
[0.274s] Level 5:colcon.colcon_core.verb:set package 'lbot_teleop' build argument 'cmake_clean_first' from command line to 'False'
[0.274s] Level 5:colcon.colcon_core.verb:set package 'lbot_teleop' build argument 'cmake_force_configure' from command line to 'False'
[0.274s] Level 5:colcon.colcon_core.verb:set package 'lbot_teleop' build argument 'ament_cmake_args' from command line to 'None'
[0.274s] Level 5:colcon.colcon_core.verb:set package 'lbot_teleop' build argument 'catkin_cmake_args' from command line to 'None'
[0.274s] Level 5:colcon.colcon_core.verb:set package 'lbot_teleop' build argument 'catkin_skip_building_tests' from command line to 'False'
[0.274s] DEBUG:colcon.colcon_core.verb:Building package 'lbot_teleop' with the following arguments: {'ament_cmake_args': None, 'build_base': '/home/lzy/lbot_ws/build/lbot_teleop', 'catkin_cmake_args': None, 'catkin_skip_building_tests': False, 'cmake_args': None, 'cmake_clean_cache': False, 'cmake_clean_first': False, 'cmake_force_configure': False, 'cmake_target': None, 'cmake_target_skip_unavailable': False, 'install_base': '/home/lzy/lbot_ws/install/lbot_teleop', 'merge_install': False, 'path': '/home/lzy/lbot_ws/src/lbot_teleop', 'symlink_install': False, 'test_result_base': None}
[0.274s] INFO:colcon.colcon_core.executor:Executing jobs using 'parallel' executor
[0.274s] DEBUG:colcon.colcon_parallel_executor.executor.parallel:run_until_complete
[0.275s] INFO:colcon.colcon_ros.task.ament_cmake.build:Building ROS package in '/home/lzy/lbot_ws/src/lbot_arm_interfaces' with build type 'ament_cmake'
[0.275s] INFO:colcon.colcon_cmake.task.cmake.build:Building CMake package in '/home/lzy/lbot_ws/src/lbot_arm_interfaces'
[0.279s] INFO:colcon.colcon_core.plugin_system:Skipping extension 'colcon_core.shell.bat': Not used on non-Windows systems
[0.279s] INFO:colcon.colcon_core.shell:Skip shell extension 'powershell' for command environment: Not usable outside of PowerShell
[0.279s] DEBUG:colcon.colcon_core.shell:Skip shell extension 'dsv' for command environment
[0.284s] DEBUG:colcon.colcon_core.event_handler.log_command:Invoking command in '/home/lzy/lbot_ws/build/lbot_arm_interfaces': CMAKE_PREFIX_PATH=${CMAKE_PREFIX_PATH}:/opt/ros/jazzy /usr/bin/cmake /home/lzy/lbot_ws/src/lbot_arm_interfaces -DCMAKE_INSTALL_PREFIX=/home/lzy/lbot_ws/install/lbot_arm_interfaces
[4.825s] DEBUG:colcon.colcon_core.event_handler.log_command:Invoked command in '/home/lzy/lbot_ws/build/lbot_arm_interfaces' returned '0': CMAKE_PREFIX_PATH=${CMAKE_PREFIX_PATH}:/opt/ros/jazzy /usr/bin/cmake /home/lzy/lbot_ws/src/lbot_arm_interfaces -DCMAKE_INSTALL_PREFIX=/home/lzy/lbot_ws/install/lbot_arm_interfaces
[4.826s] DEBUG:colcon.colcon_core.event_handler.log_command:Invoking command in '/home/lzy/lbot_ws/build/lbot_arm_interfaces': CMAKE_PREFIX_PATH=${CMAKE_PREFIX_PATH}:/opt/ros/jazzy /usr/bin/cmake --build /home/lzy/lbot_ws/build/lbot_arm_interfaces -- -j24 -l24
[9.820s] DEBUG:colcon.colcon_core.event_handler.log_command:Invoked command in '/home/lzy/lbot_ws/build/lbot_arm_interfaces' returned '0': CMAKE_PREFIX_PATH=${CMAKE_PREFIX_PATH}:/opt/ros/jazzy /usr/bin/cmake --build /home/lzy/lbot_ws/build/lbot_arm_interfaces -- -j24 -l24
[9.826s] DEBUG:colcon.colcon_core.event_handler.log_command:Invoking command in '/home/lzy/lbot_ws/build/lbot_arm_interfaces': CMAKE_PREFIX_PATH=${CMAKE_PREFIX_PATH}:/opt/ros/jazzy /usr/bin/cmake --install /home/lzy/lbot_ws/build/lbot_arm_interfaces
[9.919s] Level 1:colcon.colcon_core.environment:create_environment_scripts_only(lbot_arm_interfaces)
[9.919s] DEBUG:colcon.colcon_core.event_handler.log_command:Invoked command in '/home/lzy/lbot_ws/build/lbot_arm_interfaces' returned '0': CMAKE_PREFIX_PATH=${CMAKE_PREFIX_PATH}:/opt/ros/jazzy /usr/bin/cmake --install /home/lzy/lbot_ws/build/lbot_arm_interfaces
[9.923s] Level 1:colcon.colcon_core.environment:checking '/home/lzy/lbot_ws/install/lbot_arm_interfaces' for CMake module files
[9.924s] Level 1:colcon.colcon_core.environment:checking '/home/lzy/lbot_ws/install/lbot_arm_interfaces' for CMake config files
[9.924s] Level 1:colcon.colcon_core.shell:create_environment_hook('lbot_arm_interfaces', 'cmake_prefix_path')
[9.924s] INFO:colcon.colcon_core.shell:Creating environment hook '/home/lzy/lbot_ws/install/lbot_arm_interfaces/share/lbot_arm_interfaces/hook/cmake_prefix_path.ps1'
[9.925s] INFO:colcon.colcon_core.shell:Creating environment descriptor '/home/lzy/lbot_ws/install/lbot_arm_interfaces/share/lbot_arm_interfaces/hook/cmake_prefix_path.dsv'
[9.925s] INFO:colcon.colcon_core.shell:Creating environment hook '/home/lzy/lbot_ws/install/lbot_arm_interfaces/share/lbot_arm_interfaces/hook/cmake_prefix_path.sh'
[9.926s] Level 1:colcon.colcon_core.environment:checking '/home/lzy/lbot_ws/install/lbot_arm_interfaces/lib'
[9.926s] Level 1:colcon.colcon_core.shell:create_environment_hook('lbot_arm_interfaces', 'ld_library_path_lib')
[9.926s] INFO:colcon.colcon_core.shell:Creating environment hook '/home/lzy/lbot_ws/install/lbot_arm_interfaces/share/lbot_arm_interfaces/hook/ld_library_path_lib.ps1'
[9.926s] INFO:colcon.colcon_core.shell:Creating environment descriptor '/home/lzy/lbot_ws/install/lbot_arm_interfaces/share/lbot_arm_interfaces/hook/ld_library_path_lib.dsv'
[9.926s] INFO:colcon.colcon_core.shell:Creating environment hook '/home/lzy/lbot_ws/install/lbot_arm_interfaces/share/lbot_arm_interfaces/hook/ld_library_path_lib.sh'
[9.926s] Level 1:colcon.colcon_core.environment:checking '/home/lzy/lbot_ws/install/lbot_arm_interfaces/bin'
[9.926s] Level 1:colcon.colcon_core.environment:checking '/home/lzy/lbot_ws/install/lbot_arm_interfaces/lib/pkgconfig/lbot_arm_interfaces.pc'
[9.926s] Level 1:colcon.colcon_core.environment:checking '/home/lzy/lbot_ws/install/lbot_arm_interfaces/lib/python3.12/site-packages'
[9.926s] Level 1:colcon.colcon_core.shell:create_environment_hook('lbot_arm_interfaces', 'pythonpath')
[9.926s] INFO:colcon.colcon_core.shell:Creating environment hook '/home/lzy/lbot_ws/install/lbot_arm_interfaces/share/lbot_arm_interfaces/hook/pythonpath.ps1'
[9.927s] INFO:colcon.colcon_core.shell:Creating environment descriptor '/home/lzy/lbot_ws/install/lbot_arm_interfaces/share/lbot_arm_interfaces/hook/pythonpath.dsv'
[9.927s] INFO:colcon.colcon_core.shell:Creating environment hook '/home/lzy/lbot_ws/install/lbot_arm_interfaces/share/lbot_arm_interfaces/hook/pythonpath.sh'
[9.927s] Level 1:colcon.colcon_core.environment:checking '/home/lzy/lbot_ws/install/lbot_arm_interfaces/bin'
[9.927s] INFO:colcon.colcon_core.shell:Creating package script '/home/lzy/lbot_ws/install/lbot_arm_interfaces/share/lbot_arm_interfaces/package.ps1'
[9.928s] INFO:colcon.colcon_core.shell:Creating package descriptor '/home/lzy/lbot_ws/install/lbot_arm_interfaces/share/lbot_arm_interfaces/package.dsv'
[9.928s] INFO:colcon.colcon_core.shell:Creating package script '/home/lzy/lbot_ws/install/lbot_arm_interfaces/share/lbot_arm_interfaces/package.sh'
[9.929s] INFO:colcon.colcon_core.shell:Creating package script '/home/lzy/lbot_ws/install/lbot_arm_interfaces/share/lbot_arm_interfaces/package.bash'
[9.929s] INFO:colcon.colcon_core.shell:Creating package script '/home/lzy/lbot_ws/install/lbot_arm_interfaces/share/lbot_arm_interfaces/package.zsh'
[9.930s] Level 1:colcon.colcon_core.environment:create_file_with_runtime_dependencies(/home/lzy/lbot_ws/install/lbot_arm_interfaces/share/colcon-core/packages/lbot_arm_interfaces)
[9.930s] Level 1:colcon.colcon_core.environment:create_environment_scripts_only(lbot_arm_interfaces)
[9.930s] Level 1:colcon.colcon_core.environment:checking '/home/lzy/lbot_ws/install/lbot_arm_interfaces' for CMake module files
[9.931s] Level 1:colcon.colcon_core.environment:checking '/home/lzy/lbot_ws/install/lbot_arm_interfaces' for CMake config files
[9.931s] Level 1:colcon.colcon_core.shell:create_environment_hook('lbot_arm_interfaces', 'cmake_prefix_path')
[9.931s] INFO:colcon.colcon_core.shell:Creating environment hook '/home/lzy/lbot_ws/install/lbot_arm_interfaces/share/lbot_arm_interfaces/hook/cmake_prefix_path.ps1'
[9.931s] INFO:colcon.colcon_core.shell:Creating environment descriptor '/home/lzy/lbot_ws/install/lbot_arm_interfaces/share/lbot_arm_interfaces/hook/cmake_prefix_path.dsv'
[9.931s] INFO:colcon.colcon_core.shell:Creating environment hook '/home/lzy/lbot_ws/install/lbot_arm_interfaces/share/lbot_arm_interfaces/hook/cmake_prefix_path.sh'
[9.932s] Level 1:colcon.colcon_core.environment:checking '/home/lzy/lbot_ws/install/lbot_arm_interfaces/lib'
[9.932s] Level 1:colcon.colcon_core.shell:create_environment_hook('lbot_arm_interfaces', 'ld_library_path_lib')
[9.932s] INFO:colcon.colcon_core.shell:Creating environment hook '/home/lzy/lbot_ws/install/lbot_arm_interfaces/share/lbot_arm_interfaces/hook/ld_library_path_lib.ps1'
[9.932s] INFO:colcon.colcon_core.shell:Creating environment descriptor '/home/lzy/lbot_ws/install/lbot_arm_interfaces/share/lbot_arm_interfaces/hook/ld_library_path_lib.dsv'
[9.932s] INFO:colcon.colcon_core.shell:Creating environment hook '/home/lzy/lbot_ws/install/lbot_arm_interfaces/share/lbot_arm_interfaces/hook/ld_library_path_lib.sh'
[9.932s] Level 1:colcon.colcon_core.environment:checking '/home/lzy/lbot_ws/install/lbot_arm_interfaces/bin'
[9.932s] Level 1:colcon.colcon_core.environment:checking '/home/lzy/lbot_ws/install/lbot_arm_interfaces/lib/pkgconfig/lbot_arm_interfaces.pc'
[9.932s] Level 1:colcon.colcon_core.environment:checking '/home/lzy/lbot_ws/install/lbot_arm_interfaces/lib/python3.12/site-packages'
[9.932s] Level 1:colcon.colcon_core.shell:create_environment_hook('lbot_arm_interfaces', 'pythonpath')
[9.932s] INFO:colcon.colcon_core.shell:Creating environment hook '/home/lzy/lbot_ws/install/lbot_arm_interfaces/share/lbot_arm_interfaces/hook/pythonpath.ps1'
[9.933s] INFO:colcon.colcon_core.shell:Creating environment descriptor '/home/lzy/lbot_ws/install/lbot_arm_interfaces/share/lbot_arm_interfaces/hook/pythonpath.dsv'
[9.933s] INFO:colcon.colcon_core.shell:Creating environment hook '/home/lzy/lbot_ws/install/lbot_arm_interfaces/share/lbot_arm_interfaces/hook/pythonpath.sh'
[9.933s] Level 1:colcon.colcon_core.environment:checking '/home/lzy/lbot_ws/install/lbot_arm_interfaces/bin'
[9.933s] INFO:colcon.colcon_core.shell:Creating package script '/home/lzy/lbot_ws/install/lbot_arm_interfaces/share/lbot_arm_interfaces/package.ps1'
[9.933s] INFO:colcon.colcon_core.shell:Creating package descriptor '/home/lzy/lbot_ws/install/lbot_arm_interfaces/share/lbot_arm_interfaces/package.dsv'
[9.934s] INFO:colcon.colcon_core.shell:Creating package script '/home/lzy/lbot_ws/install/lbot_arm_interfaces/share/lbot_arm_interfaces/package.sh'
[9.934s] INFO:colcon.colcon_core.shell:Creating package script '/home/lzy/lbot_ws/install/lbot_arm_interfaces/share/lbot_arm_interfaces/package.bash'
[9.934s] INFO:colcon.colcon_core.shell:Creating package script '/home/lzy/lbot_ws/install/lbot_arm_interfaces/share/lbot_arm_interfaces/package.zsh'
[9.934s] Level 1:colcon.colcon_core.environment:create_file_with_runtime_dependencies(/home/lzy/lbot_ws/install/lbot_arm_interfaces/share/colcon-core/packages/lbot_arm_interfaces)
[9.934s] INFO:colcon.colcon_ros.task.ament_cmake.build:Building ROS package in '/home/lzy/lbot_ws/src/lbot_demo' with build type 'ament_cmake'
[9.934s] INFO:colcon.colcon_cmake.task.cmake.build:Building CMake package in '/home/lzy/lbot_ws/src/lbot_demo'
[9.935s] INFO:colcon.colcon_core.shell:Skip shell extension 'powershell' for command environment: Not usable outside of PowerShell
[9.935s] DEBUG:colcon.colcon_core.shell:Skip shell extension 'dsv' for command environment
[9.936s] INFO:colcon.colcon_ros.task.ament_cmake.build:Building ROS package in '/home/lzy/lbot_ws/src/lbot_driver' with build type 'ament_cmake'
[9.936s] INFO:colcon.colcon_cmake.task.cmake.build:Building CMake package in '/home/lzy/lbot_ws/src/lbot_driver'
[9.936s] INFO:colcon.colcon_core.shell:Skip shell extension 'powershell' for command environment: Not usable outside of PowerShell
[9.936s] DEBUG:colcon.colcon_core.shell:Skip shell extension 'dsv' for command environment
[9.937s] INFO:colcon.colcon_ros.task.ament_cmake.build:Building ROS package in '/home/lzy/lbot_ws/src/lbot_teleop' with build type 'ament_cmake'
[9.937s] INFO:colcon.colcon_cmake.task.cmake.build:Building CMake package in '/home/lzy/lbot_ws/src/lbot_teleop'
[9.938s] INFO:colcon.colcon_core.shell:Skip shell extension 'powershell' for command environment: Not usable outside of PowerShell
[9.938s] DEBUG:colcon.colcon_core.shell:Skip shell extension 'dsv' for command environment
[9.973s] DEBUG:colcon.colcon_core.event_handler.log_command:Invoking command in '/home/lzy/lbot_ws/build/lbot_demo': AMENT_PREFIX_PATH=/home/lzy/lbot_ws/install/lbot_arm_interfaces:${AMENT_PREFIX_PATH} CMAKE_PREFIX_PATH=/home/lzy/lbot_ws/install/lbot_arm_interfaces:/opt/ros/jazzy/opt/gz_math_vendor:/opt/ros/jazzy/opt/gz_utils_vendor:/opt/ros/jazzy/opt/gz_cmake_vendor:/opt/ros/jazzy LD_LIBRARY_PATH=/home/lzy/lbot_ws/install/lbot_arm_interfaces/lib:${LD_LIBRARY_PATH} PYTHONPATH=/home/lzy/lbot_ws/install/lbot_arm_interfaces/lib/python3.12/site-packages:${PYTHONPATH} /usr/bin/cmake /home/lzy/lbot_ws/src/lbot_demo -DCMAKE_INSTALL_PREFIX=/home/lzy/lbot_ws/install/lbot_demo
[9.975s] DEBUG:colcon.colcon_core.event_handler.log_command:Invoking command in '/home/lzy/lbot_ws/build/lbot_driver': AMENT_PREFIX_PATH=/home/lzy/lbot_ws/install/lbot_arm_interfaces:${AMENT_PREFIX_PATH} CMAKE_PREFIX_PATH=/home/lzy/lbot_ws/install/lbot_arm_interfaces:/opt/ros/jazzy/opt/gz_math_vendor:/opt/ros/jazzy/opt/gz_utils_vendor:/opt/ros/jazzy/opt/gz_cmake_vendor:/opt/ros/jazzy LD_LIBRARY_PATH=/home/lzy/lbot_ws/install/lbot_arm_interfaces/lib:${LD_LIBRARY_PATH} PYTHONPATH=/home/lzy/lbot_ws/install/lbot_arm_interfaces/lib/python3.12/site-packages:${PYTHONPATH} /usr/bin/cmake /home/lzy/lbot_ws/src/lbot_driver -DCMAKE_INSTALL_PREFIX=/home/lzy/lbot_ws/install/lbot_driver
[9.992s] DEBUG:colcon.colcon_core.event_handler.log_command:Invoking command in '/home/lzy/lbot_ws/build/lbot_teleop': AMENT_PREFIX_PATH=/home/lzy/lbot_ws/install/lbot_arm_interfaces:${AMENT_PREFIX_PATH} CMAKE_PREFIX_PATH=/home/lzy/lbot_ws/install/lbot_arm_interfaces:/opt/ros/jazzy/opt/gz_math_vendor:/opt/ros/jazzy/opt/gz_utils_vendor:/opt/ros/jazzy/opt/gz_cmake_vendor:/opt/ros/jazzy LD_LIBRARY_PATH=/home/lzy/lbot_ws/install/lbot_arm_interfaces/lib:${LD_LIBRARY_PATH} PYTHONPATH=/home/lzy/lbot_ws/install/lbot_arm_interfaces/lib/python3.12/site-packages:${PYTHONPATH} /usr/bin/cmake /home/lzy/lbot_ws/src/lbot_teleop -DCMAKE_INSTALL_PREFIX=/home/lzy/lbot_ws/install/lbot_teleop
[11.407s] DEBUG:colcon.colcon_core.event_handler.log_command:Invoked command in '/home/lzy/lbot_ws/build/lbot_driver' returned '0': AMENT_PREFIX_PATH=/home/lzy/lbot_ws/install/lbot_arm_interfaces:${AMENT_PREFIX_PATH} CMAKE_PREFIX_PATH=/home/lzy/lbot_ws/install/lbot_arm_interfaces:/opt/ros/jazzy/opt/gz_math_vendor:/opt/ros/jazzy/opt/gz_utils_vendor:/opt/ros/jazzy/opt/gz_cmake_vendor:/opt/ros/jazzy LD_LIBRARY_PATH=/home/lzy/lbot_ws/install/lbot_arm_interfaces/lib:${LD_LIBRARY_PATH} PYTHONPATH=/home/lzy/lbot_ws/install/lbot_arm_interfaces/lib/python3.12/site-packages:${PYTHONPATH} /usr/bin/cmake /home/lzy/lbot_ws/src/lbot_driver -DCMAKE_INSTALL_PREFIX=/home/lzy/lbot_ws/install/lbot_driver
[11.408s] DEBUG:colcon.colcon_core.event_handler.log_command:Invoking command in '/home/lzy/lbot_ws/build/lbot_driver': AMENT_PREFIX_PATH=/home/lzy/lbot_ws/install/lbot_arm_interfaces:${AMENT_PREFIX_PATH} CMAKE_PREFIX_PATH=/home/lzy/lbot_ws/install/lbot_arm_interfaces:/opt/ros/jazzy/opt/gz_math_vendor:/opt/ros/jazzy/opt/gz_utils_vendor:/opt/ros/jazzy/opt/gz_cmake_vendor:/opt/ros/jazzy LD_LIBRARY_PATH=/home/lzy/lbot_ws/install/lbot_arm_interfaces/lib:${LD_LIBRARY_PATH} PYTHONPATH=/home/lzy/lbot_ws/install/lbot_arm_interfaces/lib/python3.12/site-packages:${PYTHONPATH} /usr/bin/cmake --build /home/lzy/lbot_ws/build/lbot_driver -- -j24 -l24
[11.461s] DEBUG:colcon.colcon_core.event_handler.log_command:Invoked command in '/home/lzy/lbot_ws/build/lbot_demo' returned '0': AMENT_PREFIX_PATH=/home/lzy/lbot_ws/install/lbot_arm_interfaces:${AMENT_PREFIX_PATH} CMAKE_PREFIX_PATH=/home/lzy/lbot_ws/install/lbot_arm_interfaces:/opt/ros/jazzy/opt/gz_math_vendor:/opt/ros/jazzy/opt/gz_utils_vendor:/opt/ros/jazzy/opt/gz_cmake_vendor:/opt/ros/jazzy LD_LIBRARY_PATH=/home/lzy/lbot_ws/install/lbot_arm_interfaces/lib:${LD_LIBRARY_PATH} PYTHONPATH=/home/lzy/lbot_ws/install/lbot_arm_interfaces/lib/python3.12/site-packages:${PYTHONPATH} /usr/bin/cmake /home/lzy/lbot_ws/src/lbot_demo -DCMAKE_INSTALL_PREFIX=/home/lzy/lbot_ws/install/lbot_demo
[11.462s] DEBUG:colcon.colcon_core.event_handler.log_command:Invoking command in '/home/lzy/lbot_ws/build/lbot_demo': AMENT_PREFIX_PATH=/home/lzy/lbot_ws/install/lbot_arm_interfaces:${AMENT_PREFIX_PATH} CMAKE_PREFIX_PATH=/home/lzy/lbot_ws/install/lbot_arm_interfaces:/opt/ros/jazzy/opt/gz_math_vendor:/opt/ros/jazzy/opt/gz_utils_vendor:/opt/ros/jazzy/opt/gz_cmake_vendor:/opt/ros/jazzy LD_LIBRARY_PATH=/home/lzy/lbot_ws/install/lbot_arm_interfaces/lib:${LD_LIBRARY_PATH} PYTHONPATH=/home/lzy/lbot_ws/install/lbot_arm_interfaces/lib/python3.12/site-packages:${PYTHONPATH} /usr/bin/cmake --build /home/lzy/lbot_ws/build/lbot_demo -- -j24 -l24
[11.555s] DEBUG:colcon.colcon_core.event_handler.log_command:Invoked command in '/home/lzy/lbot_ws/build/lbot_teleop' returned '0': AMENT_PREFIX_PATH=/home/lzy/lbot_ws/install/lbot_arm_interfaces:${AMENT_PREFIX_PATH} CMAKE_PREFIX_PATH=/home/lzy/lbot_ws/install/lbot_arm_interfaces:/opt/ros/jazzy/opt/gz_math_vendor:/opt/ros/jazzy/opt/gz_utils_vendor:/opt/ros/jazzy/opt/gz_cmake_vendor:/opt/ros/jazzy LD_LIBRARY_PATH=/home/lzy/lbot_ws/install/lbot_arm_interfaces/lib:${LD_LIBRARY_PATH} PYTHONPATH=/home/lzy/lbot_ws/install/lbot_arm_interfaces/lib/python3.12/site-packages:${PYTHONPATH} /usr/bin/cmake /home/lzy/lbot_ws/src/lbot_teleop -DCMAKE_INSTALL_PREFIX=/home/lzy/lbot_ws/install/lbot_teleop
[11.556s] DEBUG:colcon.colcon_core.event_handler.log_command:Invoking command in '/home/lzy/lbot_ws/build/lbot_teleop': AMENT_PREFIX_PATH=/home/lzy/lbot_ws/install/lbot_arm_interfaces:${AMENT_PREFIX_PATH} CMAKE_PREFIX_PATH=/home/lzy/lbot_ws/install/lbot_arm_interfaces:/opt/ros/jazzy/opt/gz_math_vendor:/opt/ros/jazzy/opt/gz_utils_vendor:/opt/ros/jazzy/opt/gz_cmake_vendor:/opt/ros/jazzy LD_LIBRARY_PATH=/home/lzy/lbot_ws/install/lbot_arm_interfaces/lib:${LD_LIBRARY_PATH} PYTHONPATH=/home/lzy/lbot_ws/install/lbot_arm_interfaces/lib/python3.12/site-packages:${PYTHONPATH} /usr/bin/cmake --build /home/lzy/lbot_ws/build/lbot_teleop -- -j24 -l24
[16.136s] DEBUG:colcon.colcon_core.event_handler.log_command:Invoked command in '/home/lzy/lbot_ws/build/lbot_teleop' returned '0': AMENT_PREFIX_PATH=/home/lzy/lbot_ws/install/lbot_arm_interfaces:${AMENT_PREFIX_PATH} CMAKE_PREFIX_PATH=/home/lzy/lbot_ws/install/lbot_arm_interfaces:/opt/ros/jazzy/opt/gz_math_vendor:/opt/ros/jazzy/opt/gz_utils_vendor:/opt/ros/jazzy/opt/gz_cmake_vendor:/opt/ros/jazzy LD_LIBRARY_PATH=/home/lzy/lbot_ws/install/lbot_arm_interfaces/lib:${LD_LIBRARY_PATH} PYTHONPATH=/home/lzy/lbot_ws/install/lbot_arm_interfaces/lib/python3.12/site-packages:${PYTHONPATH} /usr/bin/cmake --build /home/lzy/lbot_ws/build/lbot_teleop -- -j24 -l24
[16.137s] DEBUG:colcon.colcon_core.event_handler.log_command:Invoking command in '/home/lzy/lbot_ws/build/lbot_teleop': AMENT_PREFIX_PATH=/home/lzy/lbot_ws/install/lbot_arm_interfaces:${AMENT_PREFIX_PATH} CMAKE_PREFIX_PATH=/home/lzy/lbot_ws/install/lbot_arm_interfaces:/opt/ros/jazzy/opt/gz_math_vendor:/opt/ros/jazzy/opt/gz_utils_vendor:/opt/ros/jazzy/opt/gz_cmake_vendor:/opt/ros/jazzy LD_LIBRARY_PATH=/home/lzy/lbot_ws/install/lbot_arm_interfaces/lib:${LD_LIBRARY_PATH} PYTHONPATH=/home/lzy/lbot_ws/install/lbot_arm_interfaces/lib/python3.12/site-packages:${PYTHONPATH} /usr/bin/cmake --install /home/lzy/lbot_ws/build/lbot_teleop
[16.144s] Level 1:colcon.colcon_core.environment:create_environment_scripts_only(lbot_teleop)
[16.144s] Level 1:colcon.colcon_core.environment:checking '/home/lzy/lbot_ws/install/lbot_teleop' for CMake module files
[16.144s] DEBUG:colcon.colcon_core.event_handler.log_command:Invoked command in '/home/lzy/lbot_ws/build/lbot_teleop' returned '0': AMENT_PREFIX_PATH=/home/lzy/lbot_ws/install/lbot_arm_interfaces:${AMENT_PREFIX_PATH} CMAKE_PREFIX_PATH=/home/lzy/lbot_ws/install/lbot_arm_interfaces:/opt/ros/jazzy/opt/gz_math_vendor:/opt/ros/jazzy/opt/gz_utils_vendor:/opt/ros/jazzy/opt/gz_cmake_vendor:/opt/ros/jazzy LD_LIBRARY_PATH=/home/lzy/lbot_ws/install/lbot_arm_interfaces/lib:${LD_LIBRARY_PATH} PYTHONPATH=/home/lzy/lbot_ws/install/lbot_arm_interfaces/lib/python3.12/site-packages:${PYTHONPATH} /usr/bin/cmake --install /home/lzy/lbot_ws/build/lbot_teleop
[16.144s] Level 1:colcon.colcon_core.environment:checking '/home/lzy/lbot_ws/install/lbot_teleop' for CMake config files
[16.145s] Level 1:colcon.colcon_core.shell:create_environment_hook('lbot_teleop', 'cmake_prefix_path')
[16.145s] INFO:colcon.colcon_core.shell:Creating environment hook '/home/lzy/lbot_ws/install/lbot_teleop/share/lbot_teleop/hook/cmake_prefix_path.ps1'
[16.145s] INFO:colcon.colcon_core.shell:Creating environment descriptor '/home/lzy/lbot_ws/install/lbot_teleop/share/lbot_teleop/hook/cmake_prefix_path.dsv'
[16.145s] INFO:colcon.colcon_core.shell:Creating environment hook '/home/lzy/lbot_ws/install/lbot_teleop/share/lbot_teleop/hook/cmake_prefix_path.sh'
[16.145s] Level 1:colcon.colcon_core.environment:checking '/home/lzy/lbot_ws/install/lbot_teleop/lib'
[16.145s] Level 1:colcon.colcon_core.environment:checking '/home/lzy/lbot_ws/install/lbot_teleop/bin'
[16.146s] Level 1:colcon.colcon_core.environment:checking '/home/lzy/lbot_ws/install/lbot_teleop/lib/pkgconfig/lbot_teleop.pc'
[16.146s] Level 1:colcon.colcon_core.environment:checking '/home/lzy/lbot_ws/install/lbot_teleop/lib/python3.12/site-packages'
[16.146s] Level 1:colcon.colcon_core.environment:checking '/home/lzy/lbot_ws/install/lbot_teleop/bin'
[16.146s] INFO:colcon.colcon_core.shell:Creating package script '/home/lzy/lbot_ws/install/lbot_teleop/share/lbot_teleop/package.ps1'
[16.146s] INFO:colcon.colcon_core.shell:Creating package descriptor '/home/lzy/lbot_ws/install/lbot_teleop/share/lbot_teleop/package.dsv'
[16.146s] INFO:colcon.colcon_core.shell:Creating package script '/home/lzy/lbot_ws/install/lbot_teleop/share/lbot_teleop/package.sh'
[16.147s] INFO:colcon.colcon_core.shell:Creating package script '/home/lzy/lbot_ws/install/lbot_teleop/share/lbot_teleop/package.bash'
[16.147s] INFO:colcon.colcon_core.shell:Creating package script '/home/lzy/lbot_ws/install/lbot_teleop/share/lbot_teleop/package.zsh'
[16.147s] Level 1:colcon.colcon_core.environment:create_file_with_runtime_dependencies(/home/lzy/lbot_ws/install/lbot_teleop/share/colcon-core/packages/lbot_teleop)
[16.147s] Level 1:colcon.colcon_core.environment:create_environment_scripts_only(lbot_teleop)
[16.147s] Level 1:colcon.colcon_core.environment:checking '/home/lzy/lbot_ws/install/lbot_teleop' for CMake module files
[16.148s] Level 1:colcon.colcon_core.environment:checking '/home/lzy/lbot_ws/install/lbot_teleop' for CMake config files
[16.148s] Level 1:colcon.colcon_core.shell:create_environment_hook('lbot_teleop', 'cmake_prefix_path')
[16.148s] INFO:colcon.colcon_core.shell:Creating environment hook '/home/lzy/lbot_ws/install/lbot_teleop/share/lbot_teleop/hook/cmake_prefix_path.ps1'
[16.148s] INFO:colcon.colcon_core.shell:Creating environment descriptor '/home/lzy/lbot_ws/install/lbot_teleop/share/lbot_teleop/hook/cmake_prefix_path.dsv'
[16.148s] INFO:colcon.colcon_core.shell:Creating environment hook '/home/lzy/lbot_ws/install/lbot_teleop/share/lbot_teleop/hook/cmake_prefix_path.sh'
[16.148s] Level 1:colcon.colcon_core.environment:checking '/home/lzy/lbot_ws/install/lbot_teleop/lib'
[16.148s] Level 1:colcon.colcon_core.environment:checking '/home/lzy/lbot_ws/install/lbot_teleop/bin'
[16.148s] Level 1:colcon.colcon_core.environment:checking '/home/lzy/lbot_ws/install/lbot_teleop/lib/pkgconfig/lbot_teleop.pc'
[16.148s] Level 1:colcon.colcon_core.environment:checking '/home/lzy/lbot_ws/install/lbot_teleop/lib/python3.12/site-packages'
[16.148s] Level 1:colcon.colcon_core.environment:checking '/home/lzy/lbot_ws/install/lbot_teleop/bin'
[16.149s] INFO:colcon.colcon_core.shell:Creating package script '/home/lzy/lbot_ws/install/lbot_teleop/share/lbot_teleop/package.ps1'
[16.149s] INFO:colcon.colcon_core.shell:Creating package descriptor '/home/lzy/lbot_ws/install/lbot_teleop/share/lbot_teleop/package.dsv'
[16.149s] INFO:colcon.colcon_core.shell:Creating package script '/home/lzy/lbot_ws/install/lbot_teleop/share/lbot_teleop/package.sh'
[16.149s] INFO:colcon.colcon_core.shell:Creating package script '/home/lzy/lbot_ws/install/lbot_teleop/share/lbot_teleop/package.bash'
[16.149s] INFO:colcon.colcon_core.shell:Creating package script '/home/lzy/lbot_ws/install/lbot_teleop/share/lbot_teleop/package.zsh'
[16.149s] Level 1:colcon.colcon_core.environment:create_file_with_runtime_dependencies(/home/lzy/lbot_ws/install/lbot_teleop/share/colcon-core/packages/lbot_teleop)
[16.794s] DEBUG:colcon.colcon_core.event_handler.log_command:Invoked command in '/home/lzy/lbot_ws/build/lbot_demo' returned '0': AMENT_PREFIX_PATH=/home/lzy/lbot_ws/install/lbot_arm_interfaces:${AMENT_PREFIX_PATH} CMAKE_PREFIX_PATH=/home/lzy/lbot_ws/install/lbot_arm_interfaces:/opt/ros/jazzy/opt/gz_math_vendor:/opt/ros/jazzy/opt/gz_utils_vendor:/opt/ros/jazzy/opt/gz_cmake_vendor:/opt/ros/jazzy LD_LIBRARY_PATH=/home/lzy/lbot_ws/install/lbot_arm_interfaces/lib:${LD_LIBRARY_PATH} PYTHONPATH=/home/lzy/lbot_ws/install/lbot_arm_interfaces/lib/python3.12/site-packages:${PYTHONPATH} /usr/bin/cmake --build /home/lzy/lbot_ws/build/lbot_demo -- -j24 -l24
[16.794s] DEBUG:colcon.colcon_core.event_handler.log_command:Invoking command in '/home/lzy/lbot_ws/build/lbot_demo': AMENT_PREFIX_PATH=/home/lzy/lbot_ws/install/lbot_arm_interfaces:${AMENT_PREFIX_PATH} CMAKE_PREFIX_PATH=/home/lzy/lbot_ws/install/lbot_arm_interfaces:/opt/ros/jazzy/opt/gz_math_vendor:/opt/ros/jazzy/opt/gz_utils_vendor:/opt/ros/jazzy/opt/gz_cmake_vendor:/opt/ros/jazzy LD_LIBRARY_PATH=/home/lzy/lbot_ws/install/lbot_arm_interfaces/lib:${LD_LIBRARY_PATH} PYTHONPATH=/home/lzy/lbot_ws/install/lbot_arm_interfaces/lib/python3.12/site-packages:${PYTHONPATH} /usr/bin/cmake --install /home/lzy/lbot_ws/build/lbot_demo
[16.811s] Level 1:colcon.colcon_core.environment:create_environment_scripts_only(lbot_demo)
[16.811s] Level 1:colcon.colcon_core.environment:checking '/home/lzy/lbot_ws/install/lbot_demo' for CMake module files
[16.811s] DEBUG:colcon.colcon_core.event_handler.log_command:Invoked command in '/home/lzy/lbot_ws/build/lbot_demo' returned '0': AMENT_PREFIX_PATH=/home/lzy/lbot_ws/install/lbot_arm_interfaces:${AMENT_PREFIX_PATH} CMAKE_PREFIX_PATH=/home/lzy/lbot_ws/install/lbot_arm_interfaces:/opt/ros/jazzy/opt/gz_math_vendor:/opt/ros/jazzy/opt/gz_utils_vendor:/opt/ros/jazzy/opt/gz_cmake_vendor:/opt/ros/jazzy LD_LIBRARY_PATH=/home/lzy/lbot_ws/install/lbot_arm_interfaces/lib:${LD_LIBRARY_PATH} PYTHONPATH=/home/lzy/lbot_ws/install/lbot_arm_interfaces/lib/python3.12/site-packages:${PYTHONPATH} /usr/bin/cmake --install /home/lzy/lbot_ws/build/lbot_demo
[16.811s] Level 1:colcon.colcon_core.environment:checking '/home/lzy/lbot_ws/install/lbot_demo' for CMake config files
[16.811s] Level 1:colcon.colcon_core.shell:create_environment_hook('lbot_demo', 'cmake_prefix_path')
[16.811s] INFO:colcon.colcon_core.shell:Creating environment hook '/home/lzy/lbot_ws/install/lbot_demo/share/lbot_demo/hook/cmake_prefix_path.ps1'
[16.812s] INFO:colcon.colcon_core.shell:Creating environment descriptor '/home/lzy/lbot_ws/install/lbot_demo/share/lbot_demo/hook/cmake_prefix_path.dsv'
[16.812s] INFO:colcon.colcon_core.shell:Creating environment hook '/home/lzy/lbot_ws/install/lbot_demo/share/lbot_demo/hook/cmake_prefix_path.sh'
[16.812s] Level 1:colcon.colcon_core.environment:checking '/home/lzy/lbot_ws/install/lbot_demo/lib'
[16.812s] Level 1:colcon.colcon_core.environment:checking '/home/lzy/lbot_ws/install/lbot_demo/bin'
[16.812s] Level 1:colcon.colcon_core.environment:checking '/home/lzy/lbot_ws/install/lbot_demo/lib/pkgconfig/lbot_demo.pc'
[16.812s] Level 1:colcon.colcon_core.environment:checking '/home/lzy/lbot_ws/install/lbot_demo/lib/python3.12/site-packages'
[16.812s] Level 1:colcon.colcon_core.environment:checking '/home/lzy/lbot_ws/install/lbot_demo/bin'
[16.812s] INFO:colcon.colcon_core.shell:Creating package script '/home/lzy/lbot_ws/install/lbot_demo/share/lbot_demo/package.ps1'
[16.813s] INFO:colcon.colcon_core.shell:Creating package descriptor '/home/lzy/lbot_ws/install/lbot_demo/share/lbot_demo/package.dsv'
[16.813s] INFO:colcon.colcon_core.shell:Creating package script '/home/lzy/lbot_ws/install/lbot_demo/share/lbot_demo/package.sh'
[16.813s] INFO:colcon.colcon_core.shell:Creating package script '/home/lzy/lbot_ws/install/lbot_demo/share/lbot_demo/package.bash'
[16.820s] INFO:colcon.colcon_core.shell:Creating package script '/home/lzy/lbot_ws/install/lbot_demo/share/lbot_demo/package.zsh'
[16.820s] Level 1:colcon.colcon_core.environment:create_file_with_runtime_dependencies(/home/lzy/lbot_ws/install/lbot_demo/share/colcon-core/packages/lbot_demo)
[16.820s] Level 1:colcon.colcon_core.environment:create_environment_scripts_only(lbot_demo)
[16.820s] Level 1:colcon.colcon_core.environment:checking '/home/lzy/lbot_ws/install/lbot_demo' for CMake module files
[16.821s] Level 1:colcon.colcon_core.environment:checking '/home/lzy/lbot_ws/install/lbot_demo' for CMake config files
[16.821s] Level 1:colcon.colcon_core.shell:create_environment_hook('lbot_demo', 'cmake_prefix_path')
[16.821s] INFO:colcon.colcon_core.shell:Creating environment hook '/home/lzy/lbot_ws/install/lbot_demo/share/lbot_demo/hook/cmake_prefix_path.ps1'
[16.821s] INFO:colcon.colcon_core.shell:Creating environment descriptor '/home/lzy/lbot_ws/install/lbot_demo/share/lbot_demo/hook/cmake_prefix_path.dsv'
[16.821s] INFO:colcon.colcon_core.shell:Creating environment hook '/home/lzy/lbot_ws/install/lbot_demo/share/lbot_demo/hook/cmake_prefix_path.sh'
[16.821s] Level 1:colcon.colcon_core.environment:checking '/home/lzy/lbot_ws/install/lbot_demo/lib'
[16.821s] Level 1:colcon.colcon_core.environment:checking '/home/lzy/lbot_ws/install/lbot_demo/bin'
[16.821s] Level 1:colcon.colcon_core.environment:checking '/home/lzy/lbot_ws/install/lbot_demo/lib/pkgconfig/lbot_demo.pc'
[16.822s] Level 1:colcon.colcon_core.environment:checking '/home/lzy/lbot_ws/install/lbot_demo/lib/python3.12/site-packages'
[16.822s] Level 1:colcon.colcon_core.environment:checking '/home/lzy/lbot_ws/install/lbot_demo/bin'
[16.822s] INFO:colcon.colcon_core.shell:Creating package script '/home/lzy/lbot_ws/install/lbot_demo/share/lbot_demo/package.ps1'
[16.822s] INFO:colcon.colcon_core.shell:Creating package descriptor '/home/lzy/lbot_ws/install/lbot_demo/share/lbot_demo/package.dsv'
[16.822s] INFO:colcon.colcon_core.shell:Creating package script '/home/lzy/lbot_ws/install/lbot_demo/share/lbot_demo/package.sh'
[16.823s] INFO:colcon.colcon_core.shell:Creating package script '/home/lzy/lbot_ws/install/lbot_demo/share/lbot_demo/package.bash'
[16.823s] INFO:colcon.colcon_core.shell:Creating package script '/home/lzy/lbot_ws/install/lbot_demo/share/lbot_demo/package.zsh'
[16.823s] Level 1:colcon.colcon_core.environment:create_file_with_runtime_dependencies(/home/lzy/lbot_ws/install/lbot_demo/share/colcon-core/packages/lbot_demo)
[24.271s] DEBUG:colcon.colcon_core.event_handler.log_command:Invoked command in '/home/lzy/lbot_ws/build/lbot_driver' returned '2': AMENT_PREFIX_PATH=/home/lzy/lbot_ws/install/lbot_arm_interfaces:${AMENT_PREFIX_PATH} CMAKE_PREFIX_PATH=/home/lzy/lbot_ws/install/lbot_arm_interfaces:/opt/ros/jazzy/opt/gz_math_vendor:/opt/ros/jazzy/opt/gz_utils_vendor:/opt/ros/jazzy/opt/gz_cmake_vendor:/opt/ros/jazzy LD_LIBRARY_PATH=/home/lzy/lbot_ws/install/lbot_arm_interfaces/lib:${LD_LIBRARY_PATH} PYTHONPATH=/home/lzy/lbot_ws/install/lbot_arm_interfaces/lib/python3.12/site-packages:${PYTHONPATH} /usr/bin/cmake --build /home/lzy/lbot_ws/build/lbot_driver -- -j24 -l24
[24.271s] Level 1:colcon.colcon_core.environment:create_environment_scripts_only(lbot_driver)
[24.271s] Level 1:colcon.colcon_core.environment:checking '/home/lzy/lbot_ws/install/lbot_driver' for CMake module files
[24.271s] Level 1:colcon.colcon_core.environment:checking '/home/lzy/lbot_ws/install/lbot_driver' for CMake config files
[24.271s] Level 1:colcon.colcon_core.environment:checking '/home/lzy/lbot_ws/install/lbot_driver/bin'
[24.271s] Level 1:colcon.colcon_core.environment:checking '/home/lzy/lbot_ws/install/lbot_driver/lib/pkgconfig/lbot_driver.pc'
[24.271s] Level 1:colcon.colcon_core.environment:checking '/home/lzy/lbot_ws/install/lbot_driver/lib/python3.12/site-packages'
[24.272s] Level 1:colcon.colcon_core.environment:checking '/home/lzy/lbot_ws/install/lbot_driver/bin'
[24.272s] INFO:colcon.colcon_core.shell:Creating package script '/home/lzy/lbot_ws/install/lbot_driver/share/lbot_driver/package.ps1'
[24.272s] INFO:colcon.colcon_core.shell:Creating package descriptor '/home/lzy/lbot_ws/install/lbot_driver/share/lbot_driver/package.dsv'
[24.272s] INFO:colcon.colcon_core.shell:Creating package script '/home/lzy/lbot_ws/install/lbot_driver/share/lbot_driver/package.sh'
[24.272s] INFO:colcon.colcon_core.shell:Creating package script '/home/lzy/lbot_ws/install/lbot_driver/share/lbot_driver/package.bash'
[24.273s] INFO:colcon.colcon_core.shell:Creating package script '/home/lzy/lbot_ws/install/lbot_driver/share/lbot_driver/package.zsh'
[24.273s] Level 1:colcon.colcon_core.environment:create_file_with_runtime_dependencies(/home/lzy/lbot_ws/install/lbot_driver/share/colcon-core/packages/lbot_driver)
[24.283s] DEBUG:colcon.colcon_parallel_executor.executor.parallel:closing loop
[24.283s] DEBUG:colcon.colcon_parallel_executor.executor.parallel:loop closed
[24.283s] DEBUG:colcon.colcon_parallel_executor.executor.parallel:run_until_complete finished with '2'
[24.283s] DEBUG:colcon.colcon_core.event_reactor:joining thread
[24.317s] INFO:colcon.colcon_core.plugin_system:Skipping extension 'colcon_notification.desktop_notification.notify_send': Could not find 'notify-send'
[24.317s] INFO:colcon.colcon_core.plugin_system:Skipping extension 'colcon_notification.desktop_notification.terminal_notifier': Not used on non-Darwin systems
[24.317s] INFO:colcon.colcon_core.plugin_system:Skipping extension 'colcon_notification.desktop_notification.win32': Not used on non-Windows systems
[24.317s] INFO:colcon.colcon_notification.desktop_notification:Sending desktop notification using 'notify2'
[24.374s] DEBUG:colcon.colcon_notification.desktop_notification.notify2:Failed to initialize notify2: org.freedesktop.DBus.Error.ServiceUnknown: The name org.freedesktop.Notifications was not provided by any .service files
[24.374s] DEBUG:colcon.colcon_core.event_reactor:joined thread
[24.374s] INFO:colcon.colcon_core.shell:Creating prefix script '/home/lzy/lbot_ws/install/local_setup.ps1'
[24.375s] INFO:colcon.colcon_core.shell:Creating prefix util module '/home/lzy/lbot_ws/install/_local_setup_util_ps1.py'
[24.376s] INFO:colcon.colcon_core.shell:Creating prefix chain script '/home/lzy/lbot_ws/install/setup.ps1'
[24.376s] INFO:colcon.colcon_core.shell:Creating prefix script '/home/lzy/lbot_ws/install/local_setup.sh'
[24.377s] INFO:colcon.colcon_core.shell:Creating prefix util module '/home/lzy/lbot_ws/install/_local_setup_util_sh.py'
[24.377s] INFO:colcon.colcon_core.shell:Creating prefix chain script '/home/lzy/lbot_ws/install/setup.sh'
[24.378s] INFO:colcon.colcon_core.shell:Creating prefix script '/home/lzy/lbot_ws/install/local_setup.bash'
[24.378s] INFO:colcon.colcon_core.shell:Creating prefix chain script '/home/lzy/lbot_ws/install/setup.bash'
[24.379s] INFO:colcon.colcon_core.shell:Creating prefix script '/home/lzy/lbot_ws/install/local_setup.zsh'
[24.379s] INFO:colcon.colcon_core.shell:Creating prefix chain script '/home/lzy/lbot_ws/install/setup.zsh'
