-- The C compiler identification is GNU 13.3.0
-- The CXX compiler identification is GNU 13.3.0
-- Detecting C compiler ABI info
-- Detecting C compiler ABI info - done
-- Check for working C compiler: /usr/bin/cc - skipped
-- Detecting C compile features
-- Detecting C compile features - done
-- Detecting CXX compiler ABI info
-- Detecting CXX compiler ABI info - done
-- Check for working CXX compiler: /usr/bin/c++ - skipped
-- Detecting CXX compile features
-- Detecting CXX compile features - done
-- Found ament_cmake: 2.5.6 (/opt/ros/jazzy/share/ament_cmake/cmake)
-- Found Python3: /usr/bin/python3 (found version "3.12.3") found components: Interpreter 
-- Found geometry_msgs: 5.3.8 (/opt/ros/jazzy/share/geometry_msgs/cmake)
-- Found rosidl_generator_c: 4.6.9 (/opt/ros/jazzy/share/rosidl_generator_c/cmake)
-- Found rosidl_generator_cpp: 4.6.9 (/opt/ros/jazzy/share/rosidl_generator_cpp/cmake)
-- Using all available rosidl_typesupport_c: rosidl_typesupport_fastrtps_c;rosidl_typesupport_introspection_c
-- Using all available rosidl_typesupport_cpp: rosidl_typesupport_fastrtps_cpp;rosidl_typesupport_introspection_cpp
-- Found sensor_msgs: 5.3.8 (/opt/ros/jazzy/share/sensor_msgs/cmake)
-- Found rosidl_default_generators: 1.6.1 (/opt/ros/jazzy/share/rosidl_default_generators/cmake)
-- Found rosidl_adapter: 4.6.9 (/opt/ros/jazzy/share/rosidl_adapter/cmake)
-- Found ament_cmake_ros: 0.12.1 (/opt/ros/jazzy/share/ament_cmake_ros/cmake)
-- Using all available rosidl_typesupport_c: rosidl_typesupport_fastrtps_c;rosidl_typesupport_introspection_c
-- Using all available rosidl_typesupport_cpp: rosidl_typesupport_fastrtps_cpp;rosidl_typesupport_introspection_cpp
-- Found python_cmake_module: 0.11.1 (/opt/ros/jazzy/share/python_cmake_module/cmake)
-- Found PythonExtra: /usr/bin/python3  
-- Found Python3: /usr/bin/python3 (found version "3.12.3") found components: Interpreter Development NumPy Development.Module Development.Embed 
-- Found Python3: /usr/bin/python3 (found version "3.12.3") found components: Interpreter 
-- Found ament_lint_auto: 0.17.5 (/opt/ros/jazzy/share/ament_lint_auto/cmake)
-- Added test 'copyright' to check source files copyright and LICENSE
-- Added test 'lint_cmake' to check CMake code style
-- Added test 'xmllint' to check XML markup files
-- Configuring done (2.8s)
-- Generating done (0.0s)
-- Build files have been written to: /home/lzy/lbot_ws/build/lbot_arm_interfaces
[  1%] [34m[1mGenerating type hashes for ROS interfaces[0m
[  2%] [34m[1mGenerating Rust code for ROS interfaces[0m
[  2%] Built target ament_cmake_python_copy_lbot_arm_interfaces
running egg_info
creating lbot_arm_interfaces.egg-info
writing lbot_arm_interfaces.egg-info/PKG-INFO
writing dependency_links to lbot_arm_interfaces.egg-info/dependency_links.txt
writing top-level names to lbot_arm_interfaces.egg-info/top_level.txt
writing manifest file 'lbot_arm_interfaces.egg-info/SOURCES.txt'
reading manifest file 'lbot_arm_interfaces.egg-info/SOURCES.txt'
writing manifest file 'lbot_arm_interfaces.egg-info/SOURCES.txt'
[  2%] Built target ament_cmake_python_build_lbot_arm_interfaces_egg
[  2%] Built target lbot_arm_interfaces__rosidl_generator_type_description
[  3%] [34m[1mGenerating C code for ROS interfaces[0m
[  3%] [34m[1mGenerating C++ code for ROS interfaces[0m
[  3%] Built target lbot_arm_interfaces__rs
[  3%] Built target lbot_arm_interfaces__cpp
[  3%] [32mBuilding C object CMakeFiles/lbot_arm_interfaces__rosidl_generator_c.dir/rosidl_generator_c/lbot_arm_interfaces/srv/detail/move_j__description.c.o[0m
[  3%] [32mBuilding C object CMakeFiles/lbot_arm_interfaces__rosidl_generator_c.dir/rosidl_generator_c/lbot_arm_interfaces/srv/detail/move_j__type_support.c.o[0m
[  4%] [32mBuilding C object CMakeFiles/lbot_arm_interfaces__rosidl_generator_c.dir/rosidl_generator_c/lbot_arm_interfaces/srv/detail/move_l__description.c.o[0m
[  5%] [32mBuilding C object CMakeFiles/lbot_arm_interfaces__rosidl_generator_c.dir/rosidl_generator_c/lbot_arm_interfaces/srv/detail/move_j__functions.c.o[0m
[  5%] [32mBuilding C object CMakeFiles/lbot_arm_interfaces__rosidl_generator_c.dir/rosidl_generator_c/lbot_arm_interfaces/srv/detail/move_l__functions.c.o[0m
[  5%] [32mBuilding C object CMakeFiles/lbot_arm_interfaces__rosidl_generator_c.dir/rosidl_generator_c/lbot_arm_interfaces/srv/detail/move_c__description.c.o[0m
[  6%] [32mBuilding C object CMakeFiles/lbot_arm_interfaces__rosidl_generator_c.dir/rosidl_generator_c/lbot_arm_interfaces/srv/detail/move_l__type_support.c.o[0m
[  6%] [32mBuilding C object CMakeFiles/lbot_arm_interfaces__rosidl_generator_c.dir/rosidl_generator_c/lbot_arm_interfaces/srv/detail/move_c__functions.c.o[0m
[  7%] [32mBuilding C object CMakeFiles/lbot_arm_interfaces__rosidl_generator_c.dir/rosidl_generator_c/lbot_arm_interfaces/srv/detail/move_c__type_support.c.o[0m
[  7%] [32mBuilding C object CMakeFiles/lbot_arm_interfaces__rosidl_generator_c.dir/rosidl_generator_c/lbot_arm_interfaces/srv/detail/move_jp__description.c.o[0m
[  8%] [32mBuilding C object CMakeFiles/lbot_arm_interfaces__rosidl_generator_c.dir/rosidl_generator_c/lbot_arm_interfaces/srv/detail/move_jp__type_support.c.o[0m
[  8%] [32mBuilding C object CMakeFiles/lbot_arm_interfaces__rosidl_generator_c.dir/rosidl_generator_c/lbot_arm_interfaces/srv/detail/move_jp__functions.c.o[0m
[  9%] [32mBuilding C object CMakeFiles/lbot_arm_interfaces__rosidl_generator_c.dir/rosidl_generator_c/lbot_arm_interfaces/srv/detail/inverse_kinematics__description.c.o[0m
[ 10%] [32mBuilding C object CMakeFiles/lbot_arm_interfaces__rosidl_generator_c.dir/rosidl_generator_c/lbot_arm_interfaces/srv/detail/inverse_kinematics__type_support.c.o[0m
[ 10%] [32mBuilding C object CMakeFiles/lbot_arm_interfaces__rosidl_generator_c.dir/rosidl_generator_c/lbot_arm_interfaces/srv/detail/inverse_kinematics__functions.c.o[0m
[ 11%] [32mBuilding C object CMakeFiles/lbot_arm_interfaces__rosidl_generator_c.dir/rosidl_generator_c/lbot_arm_interfaces/srv/detail/forward_kinematics__type_support.c.o[0m
[ 11%] [32mBuilding C object CMakeFiles/lbot_arm_interfaces__rosidl_generator_c.dir/rosidl_generator_c/lbot_arm_interfaces/srv/detail/forward_kinematics__functions.c.o[0m
[ 12%] [32mBuilding C object CMakeFiles/lbot_arm_interfaces__rosidl_generator_c.dir/rosidl_generator_c/lbot_arm_interfaces/srv/detail/set_frame__type_support.c.o[0m
[ 12%] [32mBuilding C object CMakeFiles/lbot_arm_interfaces__rosidl_generator_c.dir/rosidl_generator_c/lbot_arm_interfaces/srv/detail/forward_kinematics__description.c.o[0m
[ 12%] [32mBuilding C object CMakeFiles/lbot_arm_interfaces__rosidl_generator_c.dir/rosidl_generator_c/lbot_arm_interfaces/srv/detail/set_frame__description.c.o[0m
[ 13%] [32mBuilding C object CMakeFiles/lbot_arm_interfaces__rosidl_generator_c.dir/rosidl_generator_c/lbot_arm_interfaces/srv/detail/set_string__description.c.o[0m
[ 13%] [32mBuilding C object CMakeFiles/lbot_arm_interfaces__rosidl_generator_c.dir/rosidl_generator_c/lbot_arm_interfaces/srv/detail/set_frame__functions.c.o[0m
[ 13%] [32mBuilding C object CMakeFiles/lbot_arm_interfaces__rosidl_generator_c.dir/rosidl_generator_c/lbot_arm_interfaces/srv/detail/set_string__functions.c.o[0m
[ 14%] [32mBuilding C object CMakeFiles/lbot_arm_interfaces__rosidl_generator_c.dir/rosidl_generator_c/lbot_arm_interfaces/srv/detail/set_string__type_support.c.o[0m
[ 14%] [32mBuilding C object CMakeFiles/lbot_arm_interfaces__rosidl_generator_c.dir/rosidl_generator_c/lbot_arm_interfaces/srv/detail/get_frame__description.c.o[0m
[ 14%] [32mBuilding C object CMakeFiles/lbot_arm_interfaces__rosidl_generator_c.dir/rosidl_generator_c/lbot_arm_interfaces/srv/detail/get_current_frame__description.c.o[0m
[ 14%] [32mBuilding C object CMakeFiles/lbot_arm_interfaces__rosidl_generator_c.dir/rosidl_generator_c/lbot_arm_interfaces/srv/detail/get_frame__functions.c.o[0m
[ 15%] [32mBuilding C object CMakeFiles/lbot_arm_interfaces__rosidl_generator_c.dir/rosidl_generator_c/lbot_arm_interfaces/srv/detail/get_frame__type_support.c.o[0m
[ 16%] [32mBuilding C object CMakeFiles/lbot_arm_interfaces__rosidl_generator_c.dir/rosidl_generator_c/lbot_arm_interfaces/srv/detail/get_current_frame__functions.c.o[0m
[ 17%] [32mBuilding C object CMakeFiles/lbot_arm_interfaces__rosidl_generator_c.dir/rosidl_generator_c/lbot_arm_interfaces/srv/detail/change_frame__description.c.o[0m
[ 17%] [32mBuilding C object CMakeFiles/lbot_arm_interfaces__rosidl_generator_c.dir/rosidl_generator_c/lbot_arm_interfaces/srv/detail/get_current_frame__type_support.c.o[0m
[ 17%] [32mBuilding C object CMakeFiles/lbot_arm_interfaces__rosidl_generator_c.dir/rosidl_generator_c/lbot_arm_interfaces/srv/detail/change_frame__functions.c.o[0m
[ 18%] [32mBuilding C object CMakeFiles/lbot_arm_interfaces__rosidl_generator_c.dir/rosidl_generator_c/lbot_arm_interfaces/srv/detail/change_frame__type_support.c.o[0m
[ 18%] [32mBuilding C object CMakeFiles/lbot_arm_interfaces__rosidl_generator_c.dir/rosidl_generator_c/lbot_arm_interfaces/srv/detail/delete_frame__description.c.o[0m
[ 18%] [32mBuilding C object CMakeFiles/lbot_arm_interfaces__rosidl_generator_c.dir/rosidl_generator_c/lbot_arm_interfaces/srv/detail/delete_frame__functions.c.o[0m
[ 19%] [32mBuilding C object CMakeFiles/lbot_arm_interfaces__rosidl_generator_c.dir/rosidl_generator_c/lbot_arm_interfaces/srv/detail/delete_frame__type_support.c.o[0m
[ 19%] [32mBuilding C object CMakeFiles/lbot_arm_interfaces__rosidl_generator_c.dir/rosidl_generator_c/lbot_arm_interfaces/srv/detail/get_all_frames__description.c.o[0m
[ 20%] [32mBuilding C object CMakeFiles/lbot_arm_interfaces__rosidl_generator_c.dir/rosidl_generator_c/lbot_arm_interfaces/srv/detail/get_all_frames__functions.c.o[0m
[ 20%] [32mBuilding C object CMakeFiles/lbot_arm_interfaces__rosidl_generator_c.dir/rosidl_generator_c/lbot_arm_interfaces/srv/detail/get_all_frames__type_support.c.o[0m
[ 21%] [32mBuilding C object CMakeFiles/lbot_arm_interfaces__rosidl_generator_c.dir/rosidl_generator_c/lbot_arm_interfaces/srv/detail/set_zero__description.c.o[0m
[ 21%] [32mBuilding C object CMakeFiles/lbot_arm_interfaces__rosidl_generator_c.dir/rosidl_generator_c/lbot_arm_interfaces/srv/detail/set_zero__functions.c.o[0m
[ 22%] [32mBuilding C object CMakeFiles/lbot_arm_interfaces__rosidl_generator_c.dir/rosidl_generator_c/lbot_arm_interfaces/srv/detail/set_zero__type_support.c.o[0m
[ 22%] [32mBuilding C object CMakeFiles/lbot_arm_interfaces__rosidl_generator_c.dir/rosidl_generator_c/lbot_arm_interfaces/srv/detail/set_emergency__description.c.o[0m
[ 23%] [32mBuilding C object CMakeFiles/lbot_arm_interfaces__rosidl_generator_c.dir/rosidl_generator_c/lbot_arm_interfaces/srv/detail/set_emergency__type_support.c.o[0m
[ 23%] [32mBuilding C object CMakeFiles/lbot_arm_interfaces__rosidl_generator_c.dir/rosidl_generator_c/lbot_arm_interfaces/srv/detail/set_emergency__functions.c.o[0m
[ 23%] [32mBuilding C object CMakeFiles/lbot_arm_interfaces__rosidl_generator_c.dir/rosidl_generator_c/lbot_arm_interfaces/srv/detail/set_enable__description.c.o[0m
[ 24%] [32mBuilding C object CMakeFiles/lbot_arm_interfaces__rosidl_generator_c.dir/rosidl_generator_c/lbot_arm_interfaces/srv/detail/set_enable__functions.c.o[0m
[ 24%] [32mBuilding C object CMakeFiles/lbot_arm_interfaces__rosidl_generator_c.dir/rosidl_generator_c/lbot_arm_interfaces/srv/detail/set_enable__type_support.c.o[0m
[ 25%] [32mBuilding C object CMakeFiles/lbot_arm_interfaces__rosidl_generator_c.dir/rosidl_generator_c/lbot_arm_interfaces/msg/detail/arm_state__description.c.o[0m
[ 25%] [32mBuilding C object CMakeFiles/lbot_arm_interfaces__rosidl_generator_c.dir/rosidl_generator_c/lbot_arm_interfaces/msg/detail/arm_state__functions.c.o[0m
[ 26%] [32mBuilding C object CMakeFiles/lbot_arm_interfaces__rosidl_generator_c.dir/rosidl_generator_c/lbot_arm_interfaces/msg/detail/arm_state__type_support.c.o[0m
[ 26%] [32mBuilding C object CMakeFiles/lbot_arm_interfaces__rosidl_generator_c.dir/rosidl_generator_c/lbot_arm_interfaces/msg/detail/lbot_pose__description.c.o[0m
[ 26%] [32mBuilding C object CMakeFiles/lbot_arm_interfaces__rosidl_generator_c.dir/rosidl_generator_c/lbot_arm_interfaces/msg/detail/lbot_pose__functions.c.o[0m
[ 27%] [32mBuilding C object CMakeFiles/lbot_arm_interfaces__rosidl_generator_c.dir/rosidl_generator_c/lbot_arm_interfaces/msg/detail/lbot_pose__type_support.c.o[0m
[ 27%] [32mBuilding C object CMakeFiles/lbot_arm_interfaces__rosidl_generator_c.dir/rosidl_generator_c/lbot_arm_interfaces/msg/detail/lbot_frame__description.c.o[0m
[ 28%] [32mBuilding C object CMakeFiles/lbot_arm_interfaces__rosidl_generator_c.dir/rosidl_generator_c/lbot_arm_interfaces/msg/detail/lbot_frame__functions.c.o[0m
[ 28%] [32mBuilding C object CMakeFiles/lbot_arm_interfaces__rosidl_generator_c.dir/rosidl_generator_c/lbot_arm_interfaces/msg/detail/lbot_frame__type_support.c.o[0m
[ 28%] [32mBuilding C object CMakeFiles/lbot_arm_interfaces__rosidl_generator_c.dir/rosidl_generator_c/lbot_arm_interfaces/msg/detail/follow_joint__functions.c.o[0m
[ 29%] [32mBuilding C object CMakeFiles/lbot_arm_interfaces__rosidl_generator_c.dir/rosidl_generator_c/lbot_arm_interfaces/msg/detail/follow_joint__description.c.o[0m
[ 30%] [32mBuilding C object CMakeFiles/lbot_arm_interfaces__rosidl_generator_c.dir/rosidl_generator_c/lbot_arm_interfaces/msg/detail/follow_joint__type_support.c.o[0m
[ 30%] [32m[1mLinking C shared library liblbot_arm_interfaces__rosidl_generator_c.so[0m
[ 30%] Built target lbot_arm_interfaces__rosidl_generator_c
[ 32%] [34m[1mGenerating C++ type support for eProsima Fast-RTPS[0m
[ 32%] [34m[1mGenerating C introspection for ROS interfaces[0m
[ 32%] [34m[1mGenerating C type support for eProsima Fast-RTPS[0m
[ 32%] [34m[1mGenerating C++ introspection for ROS interfaces[0m
[ 32%] [34m[1mGenerating C++ type support dispatch for ROS interfaces[0m
[ 32%] [34m[1mGenerating C type support dispatch for ROS interfaces[0m
[ 34%] [32mBuilding CXX object CMakeFiles/lbot_arm_interfaces__rosidl_typesupport_c.dir/rosidl_typesupport_c/lbot_arm_interfaces/srv/move_j__type_support.cpp.o[0m
[ 34%] [32mBuilding CXX object CMakeFiles/lbot_arm_interfaces__rosidl_typesupport_c.dir/rosidl_typesupport_c/lbot_arm_interfaces/srv/move_c__type_support.cpp.o[0m
[ 34%] [32mBuilding CXX object CMakeFiles/lbot_arm_interfaces__rosidl_typesupport_c.dir/rosidl_typesupport_c/lbot_arm_interfaces/srv/move_l__type_support.cpp.o[0m
[ 34%] [32mBuilding CXX object CMakeFiles/lbot_arm_interfaces__rosidl_typesupport_c.dir/rosidl_typesupport_c/lbot_arm_interfaces/srv/move_jp__type_support.cpp.o[0m
[ 34%] [32mBuilding CXX object CMakeFiles/lbot_arm_interfaces__rosidl_typesupport_c.dir/rosidl_typesupport_c/lbot_arm_interfaces/srv/set_frame__type_support.cpp.o[0m
[ 34%] [32mBuilding CXX object CMakeFiles/lbot_arm_interfaces__rosidl_typesupport_c.dir/rosidl_typesupport_c/lbot_arm_interfaces/srv/inverse_kinematics__type_support.cpp.o[0m
[ 35%] [32mBuilding CXX object CMakeFiles/lbot_arm_interfaces__rosidl_typesupport_c.dir/rosidl_typesupport_c/lbot_arm_interfaces/srv/forward_kinematics__type_support.cpp.o[0m
[ 36%] [32mBuilding CXX object CMakeFiles/lbot_arm_interfaces__rosidl_typesupport_c.dir/rosidl_typesupport_c/lbot_arm_interfaces/srv/set_string__type_support.cpp.o[0m
[ 36%] [32mBuilding CXX object CMakeFiles/lbot_arm_interfaces__rosidl_typesupport_c.dir/rosidl_typesupport_c/lbot_arm_interfaces/srv/get_frame__type_support.cpp.o[0m
[ 37%] [32mBuilding CXX object CMakeFiles/lbot_arm_interfaces__rosidl_typesupport_c.dir/rosidl_typesupport_c/lbot_arm_interfaces/srv/get_current_frame__type_support.cpp.o[0m
[ 37%] [32mBuilding CXX object CMakeFiles/lbot_arm_interfaces__rosidl_typesupport_c.dir/rosidl_typesupport_c/lbot_arm_interfaces/srv/change_frame__type_support.cpp.o[0m
[ 38%] [32mBuilding CXX object CMakeFiles/lbot_arm_interfaces__rosidl_typesupport_c.dir/rosidl_typesupport_c/lbot_arm_interfaces/srv/delete_frame__type_support.cpp.o[0m
[ 38%] [32mBuilding CXX object CMakeFiles/lbot_arm_interfaces__rosidl_typesupport_c.dir/rosidl_typesupport_c/lbot_arm_interfaces/srv/get_all_frames__type_support.cpp.o[0m
[ 38%] [32mBuilding CXX object CMakeFiles/lbot_arm_interfaces__rosidl_typesupport_c.dir/rosidl_typesupport_c/lbot_arm_interfaces/srv/set_enable__type_support.cpp.o[0m
[ 39%] [32mBuilding CXX object CMakeFiles/lbot_arm_interfaces__rosidl_typesupport_c.dir/rosidl_typesupport_c/lbot_arm_interfaces/msg/arm_state__type_support.cpp.o[0m
[ 39%] [32mBuilding CXX object CMakeFiles/lbot_arm_interfaces__rosidl_typesupport_c.dir/rosidl_typesupport_c/lbot_arm_interfaces/srv/set_zero__type_support.cpp.o[0m
[ 40%] [32mBuilding CXX object CMakeFiles/lbot_arm_interfaces__rosidl_typesupport_c.dir/rosidl_typesupport_c/lbot_arm_interfaces/srv/set_emergency__type_support.cpp.o[0m
[ 40%] [32mBuilding CXX object CMakeFiles/lbot_arm_interfaces__rosidl_typesupport_c.dir/rosidl_typesupport_c/lbot_arm_interfaces/msg/lbot_pose__type_support.cpp.o[0m
[ 41%] [32mBuilding CXX object CMakeFiles/lbot_arm_interfaces__rosidl_typesupport_c.dir/rosidl_typesupport_c/lbot_arm_interfaces/msg/lbot_frame__type_support.cpp.o[0m
[ 41%] [32mBuilding CXX object CMakeFiles/lbot_arm_interfaces__rosidl_typesupport_c.dir/rosidl_typesupport_c/lbot_arm_interfaces/msg/follow_joint__type_support.cpp.o[0m
[ 42%] [32mBuilding CXX object CMakeFiles/lbot_arm_interfaces__rosidl_typesupport_cpp.dir/rosidl_typesupport_cpp/lbot_arm_interfaces/srv/move_j__type_support.cpp.o[0m
[ 43%] [32mBuilding CXX object CMakeFiles/lbot_arm_interfaces__rosidl_typesupport_cpp.dir/rosidl_typesupport_cpp/lbot_arm_interfaces/srv/move_jp__type_support.cpp.o[0m
[ 43%] [32mBuilding CXX object CMakeFiles/lbot_arm_interfaces__rosidl_typesupport_cpp.dir/rosidl_typesupport_cpp/lbot_arm_interfaces/srv/move_c__type_support.cpp.o[0m
[ 43%] [32mBuilding CXX object CMakeFiles/lbot_arm_interfaces__rosidl_typesupport_cpp.dir/rosidl_typesupport_cpp/lbot_arm_interfaces/srv/move_l__type_support.cpp.o[0m
[ 43%] [32mBuilding CXX object CMakeFiles/lbot_arm_interfaces__rosidl_typesupport_cpp.dir/rosidl_typesupport_cpp/lbot_arm_interfaces/srv/inverse_kinematics__type_support.cpp.o[0m
[ 44%] [32mBuilding CXX object CMakeFiles/lbot_arm_interfaces__rosidl_typesupport_cpp.dir/rosidl_typesupport_cpp/lbot_arm_interfaces/srv/forward_kinematics__type_support.cpp.o[0m
[ 44%] [32mBuilding CXX object CMakeFiles/lbot_arm_interfaces__rosidl_typesupport_cpp.dir/rosidl_typesupport_cpp/lbot_arm_interfaces/srv/get_frame__type_support.cpp.o[0m
[ 45%] [32mBuilding CXX object CMakeFiles/lbot_arm_interfaces__rosidl_typesupport_cpp.dir/rosidl_typesupport_cpp/lbot_arm_interfaces/srv/set_string__type_support.cpp.o[0m
[ 47%] [32mBuilding CXX object CMakeFiles/lbot_arm_interfaces__rosidl_typesupport_cpp.dir/rosidl_typesupport_cpp/lbot_arm_interfaces/srv/change_frame__type_support.cpp.o[0m
[ 47%] [32mBuilding CXX object CMakeFiles/lbot_arm_interfaces__rosidl_typesupport_cpp.dir/rosidl_typesupport_cpp/lbot_arm_interfaces/srv/get_all_frames__type_support.cpp.o[0m
[ 47%] [32mBuilding CXX object CMakeFiles/lbot_arm_interfaces__rosidl_typesupport_cpp.dir/rosidl_typesupport_cpp/lbot_arm_interfaces/srv/get_current_frame__type_support.cpp.o[0m
[ 48%] [32mBuilding CXX object CMakeFiles/lbot_arm_interfaces__rosidl_typesupport_cpp.dir/rosidl_typesupport_cpp/lbot_arm_interfaces/srv/set_emergency__type_support.cpp.o[0m
[ 48%] [32mBuilding CXX object CMakeFiles/lbot_arm_interfaces__rosidl_typesupport_cpp.dir/rosidl_typesupport_cpp/lbot_arm_interfaces/srv/set_frame__type_support.cpp.o[0m
[ 48%] [32mBuilding CXX object CMakeFiles/lbot_arm_interfaces__rosidl_typesupport_cpp.dir/rosidl_typesupport_cpp/lbot_arm_interfaces/srv/delete_frame__type_support.cpp.o[0m
[ 48%] [32mBuilding CXX object CMakeFiles/lbot_arm_interfaces__rosidl_typesupport_cpp.dir/rosidl_typesupport_cpp/lbot_arm_interfaces/srv/set_zero__type_support.cpp.o[0m
[ 48%] [32mBuilding CXX object CMakeFiles/lbot_arm_interfaces__rosidl_typesupport_cpp.dir/rosidl_typesupport_cpp/lbot_arm_interfaces/srv/set_enable__type_support.cpp.o[0m
[ 49%] [32mBuilding CXX object CMakeFiles/lbot_arm_interfaces__rosidl_typesupport_cpp.dir/rosidl_typesupport_cpp/lbot_arm_interfaces/msg/arm_state__type_support.cpp.o[0m
[ 49%] [32mBuilding CXX object CMakeFiles/lbot_arm_interfaces__rosidl_typesupport_cpp.dir/rosidl_typesupport_cpp/lbot_arm_interfaces/msg/lbot_pose__type_support.cpp.o[0m
[ 49%] [32mBuilding CXX object CMakeFiles/lbot_arm_interfaces__rosidl_typesupport_cpp.dir/rosidl_typesupport_cpp/lbot_arm_interfaces/msg/lbot_frame__type_support.cpp.o[0m
[ 50%] [32m[1mLinking CXX shared library liblbot_arm_interfaces__rosidl_typesupport_c.so[0m
[ 50%] Built target lbot_arm_interfaces__rosidl_typesupport_c
[ 51%] [32mBuilding CXX object CMakeFiles/lbot_arm_interfaces__rosidl_typesupport_cpp.dir/rosidl_typesupport_cpp/lbot_arm_interfaces/msg/follow_joint__type_support.cpp.o[0m
[ 52%] [32mBuilding CXX object CMakeFiles/lbot_arm_interfaces__rosidl_typesupport_introspection_cpp.dir/rosidl_typesupport_introspection_cpp/lbot_arm_interfaces/srv/detail/move_j__type_support.cpp.o[0m
[ 52%] [32mBuilding CXX object CMakeFiles/lbot_arm_interfaces__rosidl_typesupport_introspection_cpp.dir/rosidl_typesupport_introspection_cpp/lbot_arm_interfaces/srv/detail/move_l__type_support.cpp.o[0m
[ 52%] [32mBuilding CXX object CMakeFiles/lbot_arm_interfaces__rosidl_typesupport_introspection_cpp.dir/rosidl_typesupport_introspection_cpp/lbot_arm_interfaces/srv/detail/move_c__type_support.cpp.o[0m
[ 53%] [32mBuilding CXX object CMakeFiles/lbot_arm_interfaces__rosidl_typesupport_introspection_cpp.dir/rosidl_typesupport_introspection_cpp/lbot_arm_interfaces/srv/detail/move_jp__type_support.cpp.o[0m
[ 53%] [32mBuilding CXX object CMakeFiles/lbot_arm_interfaces__rosidl_typesupport_introspection_cpp.dir/rosidl_typesupport_introspection_cpp/lbot_arm_interfaces/srv/detail/inverse_kinematics__type_support.cpp.o[0m
[ 54%] [32mBuilding CXX object CMakeFiles/lbot_arm_interfaces__rosidl_typesupport_introspection_cpp.dir/rosidl_typesupport_introspection_cpp/lbot_arm_interfaces/srv/detail/forward_kinematics__type_support.cpp.o[0m
[ 55%] [32mBuilding C object CMakeFiles/lbot_arm_interfaces__rosidl_typesupport_introspection_c.dir/rosidl_typesupport_introspection_c/lbot_arm_interfaces/srv/detail/move_j__type_support.c.o[0m
[ 55%] [32mBuilding C object CMakeFiles/lbot_arm_interfaces__rosidl_typesupport_introspection_c.dir/rosidl_typesupport_introspection_c/lbot_arm_interfaces/srv/detail/move_l__type_support.c.o[0m
[ 56%] [32mBuilding C object CMakeFiles/lbot_arm_interfaces__rosidl_typesupport_introspection_c.dir/rosidl_typesupport_introspection_c/lbot_arm_interfaces/srv/detail/move_c__type_support.c.o[0m
[ 56%] [32mBuilding C object CMakeFiles/lbot_arm_interfaces__rosidl_typesupport_introspection_c.dir/rosidl_typesupport_introspection_c/lbot_arm_interfaces/srv/detail/move_jp__type_support.c.o[0m
[ 56%] [32mBuilding CXX object CMakeFiles/lbot_arm_interfaces__rosidl_typesupport_introspection_cpp.dir/rosidl_typesupport_introspection_cpp/lbot_arm_interfaces/srv/detail/set_frame__type_support.cpp.o[0m
[ 57%] [32mBuilding CXX object CMakeFiles/lbot_arm_interfaces__rosidl_typesupport_introspection_cpp.dir/rosidl_typesupport_introspection_cpp/lbot_arm_interfaces/srv/detail/set_string__type_support.cpp.o[0m
[ 58%] [32mBuilding C object CMakeFiles/lbot_arm_interfaces__rosidl_typesupport_introspection_c.dir/rosidl_typesupport_introspection_c/lbot_arm_interfaces/srv/detail/inverse_kinematics__type_support.c.o[0m
[ 58%] [32mBuilding C object CMakeFiles/lbot_arm_interfaces__rosidl_typesupport_introspection_c.dir/rosidl_typesupport_introspection_c/lbot_arm_interfaces/srv/detail/forward_kinematics__type_support.c.o[0m
[ 58%] [32mBuilding C object CMakeFiles/lbot_arm_interfaces__rosidl_typesupport_introspection_c.dir/rosidl_typesupport_introspection_c/lbot_arm_interfaces/srv/detail/set_frame__type_support.c.o[0m
[ 59%] [32mBuilding C object CMakeFiles/lbot_arm_interfaces__rosidl_typesupport_introspection_c.dir/rosidl_typesupport_introspection_c/lbot_arm_interfaces/srv/detail/set_string__type_support.c.o[0m
[ 59%] [32mBuilding CXX object CMakeFiles/lbot_arm_interfaces__rosidl_typesupport_introspection_cpp.dir/rosidl_typesupport_introspection_cpp/lbot_arm_interfaces/srv/detail/get_frame__type_support.cpp.o[0m
[ 60%] [32mBuilding CXX object CMakeFiles/lbot_arm_interfaces__rosidl_typesupport_introspection_cpp.dir/rosidl_typesupport_introspection_cpp/lbot_arm_interfaces/srv/detail/get_current_frame__type_support.cpp.o[0m
[ 60%] [32mBuilding CXX object CMakeFiles/lbot_arm_interfaces__rosidl_typesupport_introspection_cpp.dir/rosidl_typesupport_introspection_cpp/lbot_arm_interfaces/srv/detail/change_frame__type_support.cpp.o[0m
[ 60%] [32mBuilding C object CMakeFiles/lbot_arm_interfaces__rosidl_typesupport_introspection_c.dir/rosidl_typesupport_introspection_c/lbot_arm_interfaces/srv/detail/get_frame__type_support.c.o[0m
[ 60%] [32mBuilding CXX object CMakeFiles/lbot_arm_interfaces__rosidl_typesupport_introspection_cpp.dir/rosidl_typesupport_introspection_cpp/lbot_arm_interfaces/srv/detail/delete_frame__type_support.cpp.o[0m
[ 61%] [32mBuilding C object CMakeFiles/lbot_arm_interfaces__rosidl_typesupport_introspection_c.dir/rosidl_typesupport_introspection_c/lbot_arm_interfaces/srv/detail/get_current_frame__type_support.c.o[0m
[ 61%] [32mBuilding C object CMakeFiles/lbot_arm_interfaces__rosidl_typesupport_introspection_c.dir/rosidl_typesupport_introspection_c/lbot_arm_interfaces/srv/detail/change_frame__type_support.c.o[0m
[ 62%] [32mBuilding C object CMakeFiles/lbot_arm_interfaces__rosidl_typesupport_introspection_c.dir/rosidl_typesupport_introspection_c/lbot_arm_interfaces/srv/detail/delete_frame__type_support.c.o[0m
[ 62%] [32mBuilding C object CMakeFiles/lbot_arm_interfaces__rosidl_typesupport_introspection_c.dir/rosidl_typesupport_introspection_c/lbot_arm_interfaces/srv/detail/get_all_frames__type_support.c.o[0m
[ 63%] [32mBuilding CXX object CMakeFiles/lbot_arm_interfaces__rosidl_typesupport_introspection_cpp.dir/rosidl_typesupport_introspection_cpp/lbot_arm_interfaces/srv/detail/set_zero__type_support.cpp.o[0m
[ 63%] [32mBuilding CXX object CMakeFiles/lbot_arm_interfaces__rosidl_typesupport_introspection_cpp.dir/rosidl_typesupport_introspection_cpp/lbot_arm_interfaces/srv/detail/get_all_frames__type_support.cpp.o[0m
[ 64%] [32mBuilding CXX object CMakeFiles/lbot_arm_interfaces__rosidl_typesupport_introspection_cpp.dir/rosidl_typesupport_introspection_cpp/lbot_arm_interfaces/srv/detail/set_emergency__type_support.cpp.o[0m
[ 65%] [32mBuilding C object CMakeFiles/lbot_arm_interfaces__rosidl_typesupport_introspection_c.dir/rosidl_typesupport_introspection_c/lbot_arm_interfaces/srv/detail/set_zero__type_support.c.o[0m
[ 65%] [32mBuilding C object CMakeFiles/lbot_arm_interfaces__rosidl_typesupport_introspection_c.dir/rosidl_typesupport_introspection_c/lbot_arm_interfaces/srv/detail/set_emergency__type_support.c.o[0m
[ 65%] [32mBuilding CXX object CMakeFiles/lbot_arm_interfaces__rosidl_typesupport_introspection_cpp.dir/rosidl_typesupport_introspection_cpp/lbot_arm_interfaces/srv/detail/set_enable__type_support.cpp.o[0m
[ 65%] [32m[1mLinking CXX shared library liblbot_arm_interfaces__rosidl_typesupport_cpp.so[0m
[ 65%] [32mBuilding C object CMakeFiles/lbot_arm_interfaces__rosidl_typesupport_introspection_c.dir/rosidl_typesupport_introspection_c/lbot_arm_interfaces/srv/detail/set_enable__type_support.c.o[0m
[ 66%] [32mBuilding C object CMakeFiles/lbot_arm_interfaces__rosidl_typesupport_introspection_c.dir/rosidl_typesupport_introspection_c/lbot_arm_interfaces/msg/detail/arm_state__type_support.c.o[0m
[ 66%] [32mBuilding C object CMakeFiles/lbot_arm_interfaces__rosidl_typesupport_introspection_c.dir/rosidl_typesupport_introspection_c/lbot_arm_interfaces/msg/detail/lbot_pose__type_support.c.o[0m
[ 67%] [32mBuilding CXX object CMakeFiles/lbot_arm_interfaces__rosidl_typesupport_introspection_cpp.dir/rosidl_typesupport_introspection_cpp/lbot_arm_interfaces/msg/detail/arm_state__type_support.cpp.o[0m
[ 67%] [32mBuilding CXX object CMakeFiles/lbot_arm_interfaces__rosidl_typesupport_introspection_cpp.dir/rosidl_typesupport_introspection_cpp/lbot_arm_interfaces/msg/detail/lbot_pose__type_support.cpp.o[0m
[ 68%] [32mBuilding C object CMakeFiles/lbot_arm_interfaces__rosidl_typesupport_introspection_c.dir/rosidl_typesupport_introspection_c/lbot_arm_interfaces/msg/detail/lbot_frame__type_support.c.o[0m
[ 69%] [32mBuilding CXX object CMakeFiles/lbot_arm_interfaces__rosidl_typesupport_introspection_cpp.dir/rosidl_typesupport_introspection_cpp/lbot_arm_interfaces/msg/detail/lbot_frame__type_support.cpp.o[0m
[ 69%] [32mBuilding C object CMakeFiles/lbot_arm_interfaces__rosidl_typesupport_introspection_c.dir/rosidl_typesupport_introspection_c/lbot_arm_interfaces/msg/detail/follow_joint__type_support.c.o[0m
[ 69%] [32mBuilding CXX object CMakeFiles/lbot_arm_interfaces__rosidl_typesupport_introspection_cpp.dir/rosidl_typesupport_introspection_cpp/lbot_arm_interfaces/msg/detail/follow_joint__type_support.cpp.o[0m
[ 70%] [32m[1mLinking C shared library liblbot_arm_interfaces__rosidl_typesupport_introspection_c.so[0m
[ 70%] Built target lbot_arm_interfaces__rosidl_typesupport_introspection_c
[ 70%] Built target lbot_arm_interfaces__rosidl_typesupport_cpp
[ 71%] [32mBuilding CXX object CMakeFiles/lbot_arm_interfaces__rosidl_typesupport_fastrtps_cpp.dir/rosidl_typesupport_fastrtps_cpp/lbot_arm_interfaces/srv/detail/dds_fastrtps/inverse_kinematics__type_support.cpp.o[0m
[ 71%] [32mBuilding CXX object CMakeFiles/lbot_arm_interfaces__rosidl_typesupport_fastrtps_cpp.dir/rosidl_typesupport_fastrtps_cpp/lbot_arm_interfaces/srv/detail/dds_fastrtps/move_j__type_support.cpp.o[0m
[ 72%] [32mBuilding CXX object CMakeFiles/lbot_arm_interfaces__rosidl_typesupport_fastrtps_cpp.dir/rosidl_typesupport_fastrtps_cpp/lbot_arm_interfaces/srv/detail/dds_fastrtps/move_c__type_support.cpp.o[0m
[ 72%] [32mBuilding CXX object CMakeFiles/lbot_arm_interfaces__rosidl_typesupport_fastrtps_cpp.dir/rosidl_typesupport_fastrtps_cpp/lbot_arm_interfaces/srv/detail/dds_fastrtps/move_l__type_support.cpp.o[0m
[ 73%] [32mBuilding CXX object CMakeFiles/lbot_arm_interfaces__rosidl_typesupport_fastrtps_cpp.dir/rosidl_typesupport_fastrtps_cpp/lbot_arm_interfaces/srv/detail/dds_fastrtps/set_frame__type_support.cpp.o[0m
[ 73%] [32mBuilding CXX object CMakeFiles/lbot_arm_interfaces__rosidl_typesupport_fastrtps_cpp.dir/rosidl_typesupport_fastrtps_cpp/lbot_arm_interfaces/srv/detail/dds_fastrtps/set_string__type_support.cpp.o[0m
[ 74%] [32mBuilding CXX object CMakeFiles/lbot_arm_interfaces__rosidl_typesupport_fastrtps_cpp.dir/rosidl_typesupport_fastrtps_cpp/lbot_arm_interfaces/srv/detail/dds_fastrtps/get_frame__type_support.cpp.o[0m
[ 74%] [32mBuilding CXX object CMakeFiles/lbot_arm_interfaces__rosidl_typesupport_fastrtps_cpp.dir/rosidl_typesupport_fastrtps_cpp/lbot_arm_interfaces/srv/detail/dds_fastrtps/forward_kinematics__type_support.cpp.o[0m
[ 74%] [32mBuilding CXX object CMakeFiles/lbot_arm_interfaces__rosidl_typesupport_fastrtps_cpp.dir/rosidl_typesupport_fastrtps_cpp/lbot_arm_interfaces/srv/detail/dds_fastrtps/move_jp__type_support.cpp.o[0m
[ 74%] [32mBuilding CXX object CMakeFiles/lbot_arm_interfaces__rosidl_typesupport_fastrtps_cpp.dir/rosidl_typesupport_fastrtps_cpp/lbot_arm_interfaces/srv/detail/dds_fastrtps/get_current_frame__type_support.cpp.o[0m
[ 75%] [32mBuilding CXX object CMakeFiles/lbot_arm_interfaces__rosidl_typesupport_fastrtps_cpp.dir/rosidl_typesupport_fastrtps_cpp/lbot_arm_interfaces/srv/detail/dds_fastrtps/delete_frame__type_support.cpp.o[0m
[ 75%] [32mBuilding CXX object CMakeFiles/lbot_arm_interfaces__rosidl_typesupport_fastrtps_cpp.dir/rosidl_typesupport_fastrtps_cpp/lbot_arm_interfaces/srv/detail/dds_fastrtps/change_frame__type_support.cpp.o[0m
[ 75%] [32mBuilding CXX object CMakeFiles/lbot_arm_interfaces__rosidl_typesupport_fastrtps_cpp.dir/rosidl_typesupport_fastrtps_cpp/lbot_arm_interfaces/srv/detail/dds_fastrtps/get_all_frames__type_support.cpp.o[0m
[ 75%] [32mBuilding CXX object CMakeFiles/lbot_arm_interfaces__rosidl_typesupport_fastrtps_c.dir/rosidl_typesupport_fastrtps_c/lbot_arm_interfaces/srv/detail/move_j__type_support_c.cpp.o[0m
[ 76%] [32mBuilding CXX object CMakeFiles/lbot_arm_interfaces__rosidl_typesupport_fastrtps_c.dir/rosidl_typesupport_fastrtps_c/lbot_arm_interfaces/srv/detail/inverse_kinematics__type_support_c.cpp.o[0m
[ 76%] [32mBuilding CXX object CMakeFiles/lbot_arm_interfaces__rosidl_typesupport_fastrtps_c.dir/rosidl_typesupport_fastrtps_c/lbot_arm_interfaces/srv/detail/move_jp__type_support_c.cpp.o[0m
[ 76%] [32mBuilding CXX object CMakeFiles/lbot_arm_interfaces__rosidl_typesupport_fastrtps_c.dir/rosidl_typesupport_fastrtps_c/lbot_arm_interfaces/srv/detail/move_c__type_support_c.cpp.o[0m
[ 77%] [32mBuilding CXX object CMakeFiles/lbot_arm_interfaces__rosidl_typesupport_fastrtps_c.dir/rosidl_typesupport_fastrtps_c/lbot_arm_interfaces/srv/detail/move_l__type_support_c.cpp.o[0m
[ 77%] [32mBuilding CXX object CMakeFiles/lbot_arm_interfaces__rosidl_typesupport_fastrtps_c.dir/rosidl_typesupport_fastrtps_c/lbot_arm_interfaces/srv/detail/forward_kinematics__type_support_c.cpp.o[0m
[ 78%] [32mBuilding CXX object CMakeFiles/lbot_arm_interfaces__rosidl_typesupport_fastrtps_cpp.dir/rosidl_typesupport_fastrtps_cpp/lbot_arm_interfaces/srv/detail/dds_fastrtps/set_zero__type_support.cpp.o[0m
[ 79%] [32mBuilding CXX object CMakeFiles/lbot_arm_interfaces__rosidl_typesupport_fastrtps_c.dir/rosidl_typesupport_fastrtps_c/lbot_arm_interfaces/srv/detail/set_frame__type_support_c.cpp.o[0m
[ 79%] [32mBuilding CXX object CMakeFiles/lbot_arm_interfaces__rosidl_typesupport_fastrtps_c.dir/rosidl_typesupport_fastrtps_c/lbot_arm_interfaces/srv/detail/set_string__type_support_c.cpp.o[0m
[ 79%] [32mBuilding CXX object CMakeFiles/lbot_arm_interfaces__rosidl_typesupport_fastrtps_cpp.dir/rosidl_typesupport_fastrtps_cpp/lbot_arm_interfaces/srv/detail/dds_fastrtps/set_emergency__type_support.cpp.o[0m
[ 79%] [32m[1mLinking CXX shared library liblbot_arm_interfaces__rosidl_typesupport_introspection_cpp.so[0m
[ 79%] Built target lbot_arm_interfaces__rosidl_typesupport_introspection_cpp
[ 80%] [32mBuilding CXX object CMakeFiles/lbot_arm_interfaces__rosidl_typesupport_fastrtps_cpp.dir/rosidl_typesupport_fastrtps_cpp/lbot_arm_interfaces/srv/detail/dds_fastrtps/set_enable__type_support.cpp.o[0m
[ 81%] [32mBuilding CXX object CMakeFiles/lbot_arm_interfaces__rosidl_typesupport_fastrtps_c.dir/rosidl_typesupport_fastrtps_c/lbot_arm_interfaces/srv/detail/get_frame__type_support_c.cpp.o[0m
[ 81%] [32mBuilding CXX object CMakeFiles/lbot_arm_interfaces__rosidl_typesupport_fastrtps_cpp.dir/rosidl_typesupport_fastrtps_cpp/lbot_arm_interfaces/msg/detail/dds_fastrtps/arm_state__type_support.cpp.o[0m
[ 82%] [32mBuilding CXX object CMakeFiles/lbot_arm_interfaces__rosidl_typesupport_fastrtps_cpp.dir/rosidl_typesupport_fastrtps_cpp/lbot_arm_interfaces/msg/detail/dds_fastrtps/lbot_pose__type_support.cpp.o[0m
[ 82%] [32mBuilding CXX object CMakeFiles/lbot_arm_interfaces__rosidl_typesupport_fastrtps_cpp.dir/rosidl_typesupport_fastrtps_cpp/lbot_arm_interfaces/msg/detail/dds_fastrtps/lbot_frame__type_support.cpp.o[0m
[ 82%] [32mBuilding CXX object CMakeFiles/lbot_arm_interfaces__rosidl_typesupport_fastrtps_c.dir/rosidl_typesupport_fastrtps_c/lbot_arm_interfaces/srv/detail/get_current_frame__type_support_c.cpp.o[0m
[ 82%] [32mBuilding CXX object CMakeFiles/lbot_arm_interfaces__rosidl_typesupport_fastrtps_cpp.dir/rosidl_typesupport_fastrtps_cpp/lbot_arm_interfaces/msg/detail/dds_fastrtps/follow_joint__type_support.cpp.o[0m
[ 83%] [32mBuilding CXX object CMakeFiles/lbot_arm_interfaces__rosidl_typesupport_fastrtps_c.dir/rosidl_typesupport_fastrtps_c/lbot_arm_interfaces/srv/detail/change_frame__type_support_c.cpp.o[0m
[ 83%] [32mBuilding CXX object CMakeFiles/lbot_arm_interfaces__rosidl_typesupport_fastrtps_c.dir/rosidl_typesupport_fastrtps_c/lbot_arm_interfaces/srv/detail/delete_frame__type_support_c.cpp.o[0m
[ 84%] [32mBuilding CXX object CMakeFiles/lbot_arm_interfaces__rosidl_typesupport_fastrtps_c.dir/rosidl_typesupport_fastrtps_c/lbot_arm_interfaces/srv/detail/get_all_frames__type_support_c.cpp.o[0m
[ 84%] [32mBuilding CXX object CMakeFiles/lbot_arm_interfaces__rosidl_typesupport_fastrtps_c.dir/rosidl_typesupport_fastrtps_c/lbot_arm_interfaces/srv/detail/set_emergency__type_support_c.cpp.o[0m
[ 84%] [32mBuilding CXX object CMakeFiles/lbot_arm_interfaces__rosidl_typesupport_fastrtps_c.dir/rosidl_typesupport_fastrtps_c/lbot_arm_interfaces/srv/detail/set_zero__type_support_c.cpp.o[0m
[ 85%] [32mBuilding CXX object CMakeFiles/lbot_arm_interfaces__rosidl_typesupport_fastrtps_c.dir/rosidl_typesupport_fastrtps_c/lbot_arm_interfaces/srv/detail/set_enable__type_support_c.cpp.o[0m
[ 85%] [32mBuilding CXX object CMakeFiles/lbot_arm_interfaces__rosidl_typesupport_fastrtps_c.dir/rosidl_typesupport_fastrtps_c/lbot_arm_interfaces/msg/detail/arm_state__type_support_c.cpp.o[0m
[ 86%] [32mBuilding CXX object CMakeFiles/lbot_arm_interfaces__rosidl_typesupport_fastrtps_c.dir/rosidl_typesupport_fastrtps_c/lbot_arm_interfaces/msg/detail/lbot_pose__type_support_c.cpp.o[0m
[ 86%] [32mBuilding CXX object CMakeFiles/lbot_arm_interfaces__rosidl_typesupport_fastrtps_c.dir/rosidl_typesupport_fastrtps_c/lbot_arm_interfaces/msg/detail/lbot_frame__type_support_c.cpp.o[0m
[ 87%] [32mBuilding CXX object CMakeFiles/lbot_arm_interfaces__rosidl_typesupport_fastrtps_c.dir/rosidl_typesupport_fastrtps_c/lbot_arm_interfaces/msg/detail/follow_joint__type_support_c.cpp.o[0m
[ 88%] [32m[1mLinking CXX shared library liblbot_arm_interfaces__rosidl_typesupport_fastrtps_cpp.so[0m
[ 88%] [32m[1mLinking CXX shared library liblbot_arm_interfaces__rosidl_typesupport_fastrtps_c.so[0m
[ 88%] Built target lbot_arm_interfaces__rosidl_typesupport_fastrtps_cpp
[ 88%] Built target lbot_arm_interfaces__rosidl_typesupport_fastrtps_c
[ 88%] Built target lbot_arm_interfaces
[ 88%] [34m[1mGenerating Python code for ROS interfaces[0m
[ 88%] Built target lbot_arm_interfaces__py
[ 88%] [32mBuilding C object CMakeFiles/lbot_arm_interfaces__rosidl_generator_py.dir/rosidl_generator_py/lbot_arm_interfaces/srv/_inverse_kinematics_s.c.o[0m
[ 89%] [32mBuilding C object CMakeFiles/lbot_arm_interfaces__rosidl_generator_py.dir/rosidl_generator_py/lbot_arm_interfaces/srv/_move_jp_s.c.o[0m
[ 89%] [32mBuilding C object CMakeFiles/lbot_arm_interfaces__rosidl_generator_py.dir/rosidl_generator_py/lbot_arm_interfaces/srv/_move_c_s.c.o[0m
[ 90%] [32mBuilding C object CMakeFiles/lbot_arm_interfaces__rosidl_generator_py.dir/rosidl_generator_py/lbot_arm_interfaces/srv/_move_j_s.c.o[0m
[ 90%] [32mBuilding C object CMakeFiles/lbot_arm_interfaces__rosidl_generator_py.dir/rosidl_generator_py/lbot_arm_interfaces/srv/_move_l_s.c.o[0m
[ 92%] [32mBuilding C object CMakeFiles/lbot_arm_interfaces__rosidl_generator_py.dir/rosidl_generator_py/lbot_arm_interfaces/srv/_forward_kinematics_s.c.o[0m
[ 92%] [32mBuilding C object CMakeFiles/lbot_arm_interfaces__rosidl_generator_py.dir/rosidl_generator_py/lbot_arm_interfaces/srv/_set_string_s.c.o[0m
[ 93%] [32mBuilding C object CMakeFiles/lbot_arm_interfaces__rosidl_generator_py.dir/rosidl_generator_py/lbot_arm_interfaces/srv/_change_frame_s.c.o[0m
[ 93%] [32mBuilding C object CMakeFiles/lbot_arm_interfaces__rosidl_generator_py.dir/rosidl_generator_py/lbot_arm_interfaces/srv/_get_frame_s.c.o[0m
[ 93%] [32mBuilding C object CMakeFiles/lbot_arm_interfaces__rosidl_generator_py.dir/rosidl_generator_py/lbot_arm_interfaces/srv/_set_frame_s.c.o[0m
[ 93%] [32mBuilding C object CMakeFiles/lbot_arm_interfaces__rosidl_generator_py.dir/rosidl_generator_py/lbot_arm_interfaces/srv/_get_current_frame_s.c.o[0m
[ 94%] [32mBuilding C object CMakeFiles/lbot_arm_interfaces__rosidl_generator_py.dir/rosidl_generator_py/lbot_arm_interfaces/srv/_get_all_frames_s.c.o[0m
[ 94%] [32mBuilding C object CMakeFiles/lbot_arm_interfaces__rosidl_generator_py.dir/rosidl_generator_py/lbot_arm_interfaces/srv/_delete_frame_s.c.o[0m
[ 94%] [32mBuilding C object CMakeFiles/lbot_arm_interfaces__rosidl_generator_py.dir/rosidl_generator_py/lbot_arm_interfaces/srv/_set_zero_s.c.o[0m
[ 95%] [32mBuilding C object CMakeFiles/lbot_arm_interfaces__rosidl_generator_py.dir/rosidl_generator_py/lbot_arm_interfaces/srv/_set_emergency_s.c.o[0m
[ 95%] [32mBuilding C object CMakeFiles/lbot_arm_interfaces__rosidl_generator_py.dir/rosidl_generator_py/lbot_arm_interfaces/srv/_set_enable_s.c.o[0m
[ 96%] [32mBuilding C object CMakeFiles/lbot_arm_interfaces__rosidl_generator_py.dir/rosidl_generator_py/lbot_arm_interfaces/msg/_arm_state_s.c.o[0m
[ 96%] [32mBuilding C object CMakeFiles/lbot_arm_interfaces__rosidl_generator_py.dir/rosidl_generator_py/lbot_arm_interfaces/msg/_lbot_frame_s.c.o[0m
[ 96%] [32mBuilding C object CMakeFiles/lbot_arm_interfaces__rosidl_generator_py.dir/rosidl_generator_py/lbot_arm_interfaces/msg/_lbot_pose_s.c.o[0m
[ 97%] [32mBuilding C object CMakeFiles/lbot_arm_interfaces__rosidl_generator_py.dir/rosidl_generator_py/lbot_arm_interfaces/msg/_follow_joint_s.c.o[0m
[ 97%] [32m[1mLinking C shared library liblbot_arm_interfaces__rosidl_generator_py.so[0m
[ 97%] Built target lbot_arm_interfaces__rosidl_generator_py
[ 97%] [32mBuilding C object CMakeFiles/lbot_arm_interfaces_s__rosidl_typesupport_introspection_c.dir/rosidl_generator_py/lbot_arm_interfaces/_lbot_arm_interfaces_s.ep.rosidl_typesupport_introspection_c.c.o[0m
[ 97%] [32mBuilding C object CMakeFiles/lbot_arm_interfaces_s__rosidl_typesupport_fastrtps_c.dir/rosidl_generator_py/lbot_arm_interfaces/_lbot_arm_interfaces_s.ep.rosidl_typesupport_fastrtps_c.c.o[0m
[ 97%] [32mBuilding C object CMakeFiles/lbot_arm_interfaces_s__rosidl_typesupport_c.dir/rosidl_generator_py/lbot_arm_interfaces/_lbot_arm_interfaces_s.ep.rosidl_typesupport_c.c.o[0m
[ 99%] [32m[1mLinking C shared module rosidl_generator_py/lbot_arm_interfaces/lbot_arm_interfaces_s__rosidl_typesupport_introspection_c.so[0m
[ 99%] [32m[1mLinking C shared module rosidl_generator_py/lbot_arm_interfaces/lbot_arm_interfaces_s__rosidl_typesupport_c.so[0m
[100%] [32m[1mLinking C shared module rosidl_generator_py/lbot_arm_interfaces/lbot_arm_interfaces_s__rosidl_typesupport_fastrtps_c.so[0m
[100%] Built target lbot_arm_interfaces_s__rosidl_typesupport_c
[100%] Built target lbot_arm_interfaces_s__rosidl_typesupport_fastrtps_c
[100%] Built target lbot_arm_interfaces_s__rosidl_typesupport_introspection_c
-- Install configuration: ""
-- Installing: /home/lzy/lbot_ws/install/lbot_arm_interfaces/share/ament_index/resource_index/rosidl_interfaces/lbot_arm_interfaces
-- Installing: /home/lzy/lbot_ws/install/lbot_arm_interfaces/share/lbot_arm_interfaces/srv/MoveJ.json
-- Installing: /home/lzy/lbot_ws/install/lbot_arm_interfaces/share/lbot_arm_interfaces/srv/MoveL.json
-- Installing: /home/lzy/lbot_ws/install/lbot_arm_interfaces/share/lbot_arm_interfaces/srv/MoveC.json
-- Installing: /home/lzy/lbot_ws/install/lbot_arm_interfaces/share/lbot_arm_interfaces/srv/MoveJP.json
-- Installing: /home/lzy/lbot_ws/install/lbot_arm_interfaces/share/lbot_arm_interfaces/srv/InverseKinematics.json
-- Installing: /home/lzy/lbot_ws/install/lbot_arm_interfaces/share/lbot_arm_interfaces/srv/ForwardKinematics.json
-- Installing: /home/lzy/lbot_ws/install/lbot_arm_interfaces/share/lbot_arm_interfaces/srv/SetFrame.json
-- Installing: /home/lzy/lbot_ws/install/lbot_arm_interfaces/share/lbot_arm_interfaces/srv/SetString.json
-- Installing: /home/lzy/lbot_ws/install/lbot_arm_interfaces/share/lbot_arm_interfaces/srv/GetFrame.json
-- Installing: /home/lzy/lbot_ws/install/lbot_arm_interfaces/share/lbot_arm_interfaces/srv/GetCurrentFrame.json
-- Installing: /home/lzy/lbot_ws/install/lbot_arm_interfaces/share/lbot_arm_interfaces/srv/ChangeFrame.json
-- Installing: /home/lzy/lbot_ws/install/lbot_arm_interfaces/share/lbot_arm_interfaces/srv/DeleteFrame.json
-- Installing: /home/lzy/lbot_ws/install/lbot_arm_interfaces/share/lbot_arm_interfaces/srv/GetAllFrames.json
-- Installing: /home/lzy/lbot_ws/install/lbot_arm_interfaces/share/lbot_arm_interfaces/srv/SetZero.json
-- Installing: /home/lzy/lbot_ws/install/lbot_arm_interfaces/share/lbot_arm_interfaces/srv/SetEmergency.json
-- Installing: /home/lzy/lbot_ws/install/lbot_arm_interfaces/share/lbot_arm_interfaces/srv/SetEnable.json
-- Installing: /home/lzy/lbot_ws/install/lbot_arm_interfaces/share/lbot_arm_interfaces/msg/ArmState.json
-- Installing: /home/lzy/lbot_ws/install/lbot_arm_interfaces/share/lbot_arm_interfaces/msg/LbotPose.json
-- Installing: /home/lzy/lbot_ws/install/lbot_arm_interfaces/share/lbot_arm_interfaces/msg/LbotFrame.json
-- Installing: /home/lzy/lbot_ws/install/lbot_arm_interfaces/share/lbot_arm_interfaces/msg/FollowJoint.json
-- Installing: /home/lzy/lbot_ws/install/lbot_arm_interfaces/include/lbot_arm_interfaces/lbot_arm_interfaces
-- Installing: /home/lzy/lbot_ws/install/lbot_arm_interfaces/include/lbot_arm_interfaces/lbot_arm_interfaces/msg
-- Installing: /home/lzy/lbot_ws/install/lbot_arm_interfaces/include/lbot_arm_interfaces/lbot_arm_interfaces/msg/detail
-- Installing: /home/lzy/lbot_ws/install/lbot_arm_interfaces/include/lbot_arm_interfaces/lbot_arm_interfaces/msg/detail/lbot_frame__functions.h
-- Installing: /home/lzy/lbot_ws/install/lbot_arm_interfaces/include/lbot_arm_interfaces/lbot_arm_interfaces/msg/detail/arm_state__type_support.h
-- Installing: /home/lzy/lbot_ws/install/lbot_arm_interfaces/include/lbot_arm_interfaces/lbot_arm_interfaces/msg/detail/arm_state__type_support.c
-- Installing: /home/lzy/lbot_ws/install/lbot_arm_interfaces/include/lbot_arm_interfaces/lbot_arm_interfaces/msg/detail/lbot_pose__struct.h
-- Installing: /home/lzy/lbot_ws/install/lbot_arm_interfaces/include/lbot_arm_interfaces/lbot_arm_interfaces/msg/detail/arm_state__functions.c
-- Installing: /home/lzy/lbot_ws/install/lbot_arm_interfaces/include/lbot_arm_interfaces/lbot_arm_interfaces/msg/detail/arm_state__functions.h
-- Installing: /home/lzy/lbot_ws/install/lbot_arm_interfaces/include/lbot_arm_interfaces/lbot_arm_interfaces/msg/detail/follow_joint__functions.c
-- Installing: /home/lzy/lbot_ws/install/lbot_arm_interfaces/include/lbot_arm_interfaces/lbot_arm_interfaces/msg/detail/follow_joint__type_support.h
-- Installing: /home/lzy/lbot_ws/install/lbot_arm_interfaces/include/lbot_arm_interfaces/lbot_arm_interfaces/msg/detail/lbot_pose__type_support.h
-- Installing: /home/lzy/lbot_ws/install/lbot_arm_interfaces/include/lbot_arm_interfaces/lbot_arm_interfaces/msg/detail/lbot_frame__type_support.h
-- Installing: /home/lzy/lbot_ws/install/lbot_arm_interfaces/include/lbot_arm_interfaces/lbot_arm_interfaces/msg/detail/follow_joint__type_support.c
-- Installing: /home/lzy/lbot_ws/install/lbot_arm_interfaces/include/lbot_arm_interfaces/lbot_arm_interfaces/msg/detail/lbot_frame__functions.c
-- Installing: /home/lzy/lbot_ws/install/lbot_arm_interfaces/include/lbot_arm_interfaces/lbot_arm_interfaces/msg/detail/lbot_pose__description.c
-- Installing: /home/lzy/lbot_ws/install/lbot_arm_interfaces/include/lbot_arm_interfaces/lbot_arm_interfaces/msg/detail/lbot_frame__description.c
-- Installing: /home/lzy/lbot_ws/install/lbot_arm_interfaces/include/lbot_arm_interfaces/lbot_arm_interfaces/msg/detail/arm_state__description.c
-- Installing: /home/lzy/lbot_ws/install/lbot_arm_interfaces/include/lbot_arm_interfaces/lbot_arm_interfaces/msg/detail/follow_joint__description.c
-- Installing: /home/lzy/lbot_ws/install/lbot_arm_interfaces/include/lbot_arm_interfaces/lbot_arm_interfaces/msg/detail/lbot_pose__functions.c
-- Installing: /home/lzy/lbot_ws/install/lbot_arm_interfaces/include/lbot_arm_interfaces/lbot_arm_interfaces/msg/detail/lbot_pose__type_support.c
-- Installing: /home/lzy/lbot_ws/install/lbot_arm_interfaces/include/lbot_arm_interfaces/lbot_arm_interfaces/msg/detail/follow_joint__struct.h
-- Installing: /home/lzy/lbot_ws/install/lbot_arm_interfaces/include/lbot_arm_interfaces/lbot_arm_interfaces/msg/detail/lbot_frame__type_support.c
-- Installing: /home/lzy/lbot_ws/install/lbot_arm_interfaces/include/lbot_arm_interfaces/lbot_arm_interfaces/msg/detail/follow_joint__functions.h
-- Installing: /home/lzy/lbot_ws/install/lbot_arm_interfaces/include/lbot_arm_interfaces/lbot_arm_interfaces/msg/detail/lbot_frame__struct.h
-- Installing: /home/lzy/lbot_ws/install/lbot_arm_interfaces/include/lbot_arm_interfaces/lbot_arm_interfaces/msg/detail/arm_state__struct.h
-- Installing: /home/lzy/lbot_ws/install/lbot_arm_interfaces/include/lbot_arm_interfaces/lbot_arm_interfaces/msg/detail/lbot_pose__functions.h
-- Installing: /home/lzy/lbot_ws/install/lbot_arm_interfaces/include/lbot_arm_interfaces/lbot_arm_interfaces/msg/rosidl_generator_c__visibility_control.h
-- Installing: /home/lzy/lbot_ws/install/lbot_arm_interfaces/include/lbot_arm_interfaces/lbot_arm_interfaces/msg/lbot_frame.h
-- Installing: /home/lzy/lbot_ws/install/lbot_arm_interfaces/include/lbot_arm_interfaces/lbot_arm_interfaces/msg/follow_joint.h
-- Installing: /home/lzy/lbot_ws/install/lbot_arm_interfaces/include/lbot_arm_interfaces/lbot_arm_interfaces/msg/lbot_pose.h
-- Installing: /home/lzy/lbot_ws/install/lbot_arm_interfaces/include/lbot_arm_interfaces/lbot_arm_interfaces/msg/arm_state.h
-- Installing: /home/lzy/lbot_ws/install/lbot_arm_interfaces/include/lbot_arm_interfaces/lbot_arm_interfaces/srv
-- Installing: /home/lzy/lbot_ws/install/lbot_arm_interfaces/include/lbot_arm_interfaces/lbot_arm_interfaces/srv/set_frame.h
-- Installing: /home/lzy/lbot_ws/install/lbot_arm_interfaces/include/lbot_arm_interfaces/lbot_arm_interfaces/srv/change_frame.h
-- Installing: /home/lzy/lbot_ws/install/lbot_arm_interfaces/include/lbot_arm_interfaces/lbot_arm_interfaces/srv/detail
-- Installing: /home/lzy/lbot_ws/install/lbot_arm_interfaces/include/lbot_arm_interfaces/lbot_arm_interfaces/srv/detail/move_l__type_support.c
-- Installing: /home/lzy/lbot_ws/install/lbot_arm_interfaces/include/lbot_arm_interfaces/lbot_arm_interfaces/srv/detail/move_c__struct.h
-- Installing: /home/lzy/lbot_ws/install/lbot_arm_interfaces/include/lbot_arm_interfaces/lbot_arm_interfaces/srv/detail/set_emergency__functions.c
-- Installing: /home/lzy/lbot_ws/install/lbot_arm_interfaces/include/lbot_arm_interfaces/lbot_arm_interfaces/srv/detail/change_frame__description.c
-- Installing: /home/lzy/lbot_ws/install/lbot_arm_interfaces/include/lbot_arm_interfaces/lbot_arm_interfaces/srv/detail/set_emergency__functions.h
-- Installing: /home/lzy/lbot_ws/install/lbot_arm_interfaces/include/lbot_arm_interfaces/lbot_arm_interfaces/srv/detail/forward_kinematics__struct.h
-- Installing: /home/lzy/lbot_ws/install/lbot_arm_interfaces/include/lbot_arm_interfaces/lbot_arm_interfaces/srv/detail/move_l__functions.h
-- Installing: /home/lzy/lbot_ws/install/lbot_arm_interfaces/include/lbot_arm_interfaces/lbot_arm_interfaces/srv/detail/change_frame__type_support.c
-- Installing: /home/lzy/lbot_ws/install/lbot_arm_interfaces/include/lbot_arm_interfaces/lbot_arm_interfaces/srv/detail/change_frame__struct.h
-- Installing: /home/lzy/lbot_ws/install/lbot_arm_interfaces/include/lbot_arm_interfaces/lbot_arm_interfaces/srv/detail/get_current_frame__type_support.h
-- Installing: /home/lzy/lbot_ws/install/lbot_arm_interfaces/include/lbot_arm_interfaces/lbot_arm_interfaces/srv/detail/get_current_frame__struct.h
-- Installing: /home/lzy/lbot_ws/install/lbot_arm_interfaces/include/lbot_arm_interfaces/lbot_arm_interfaces/srv/detail/set_string__description.c
-- Installing: /home/lzy/lbot_ws/install/lbot_arm_interfaces/include/lbot_arm_interfaces/lbot_arm_interfaces/srv/detail/inverse_kinematics__functions.h
-- Installing: /home/lzy/lbot_ws/install/lbot_arm_interfaces/include/lbot_arm_interfaces/lbot_arm_interfaces/srv/detail/move_j__struct.h
-- Installing: /home/lzy/lbot_ws/install/lbot_arm_interfaces/include/lbot_arm_interfaces/lbot_arm_interfaces/srv/detail/get_frame__functions.h
-- Installing: /home/lzy/lbot_ws/install/lbot_arm_interfaces/include/lbot_arm_interfaces/lbot_arm_interfaces/srv/detail/delete_frame__description.c
-- Installing: /home/lzy/lbot_ws/install/lbot_arm_interfaces/include/lbot_arm_interfaces/lbot_arm_interfaces/srv/detail/get_all_frames__type_support.h
-- Installing: /home/lzy/lbot_ws/install/lbot_arm_interfaces/include/lbot_arm_interfaces/lbot_arm_interfaces/srv/detail/move_l__functions.c
-- Installing: /home/lzy/lbot_ws/install/lbot_arm_interfaces/include/lbot_arm_interfaces/lbot_arm_interfaces/srv/detail/get_frame__functions.c
-- Installing: /home/lzy/lbot_ws/install/lbot_arm_interfaces/include/lbot_arm_interfaces/lbot_arm_interfaces/srv/detail/move_c__functions.h
-- Installing: /home/lzy/lbot_ws/install/lbot_arm_interfaces/include/lbot_arm_interfaces/lbot_arm_interfaces/srv/detail/forward_kinematics__functions.h
-- Installing: /home/lzy/lbot_ws/install/lbot_arm_interfaces/include/lbot_arm_interfaces/lbot_arm_interfaces/srv/detail/inverse_kinematics__struct.h
-- Installing: /home/lzy/lbot_ws/install/lbot_arm_interfaces/include/lbot_arm_interfaces/lbot_arm_interfaces/srv/detail/inverse_kinematics__description.c
-- Installing: /home/lzy/lbot_ws/install/lbot_arm_interfaces/include/lbot_arm_interfaces/lbot_arm_interfaces/srv/detail/get_current_frame__description.c
-- Installing: /home/lzy/lbot_ws/install/lbot_arm_interfaces/include/lbot_arm_interfaces/lbot_arm_interfaces/srv/detail/set_enable__description.c
-- Installing: /home/lzy/lbot_ws/install/lbot_arm_interfaces/include/lbot_arm_interfaces/lbot_arm_interfaces/srv/detail/get_current_frame__functions.c
-- Installing: /home/lzy/lbot_ws/install/lbot_arm_interfaces/include/lbot_arm_interfaces/lbot_arm_interfaces/srv/detail/move_jp__struct.h
-- Installing: /home/lzy/lbot_ws/install/lbot_arm_interfaces/include/lbot_arm_interfaces/lbot_arm_interfaces/srv/detail/set_frame__description.c
-- Installing: /home/lzy/lbot_ws/install/lbot_arm_interfaces/include/lbot_arm_interfaces/lbot_arm_interfaces/srv/detail/set_zero__type_support.h
-- Installing: /home/lzy/lbot_ws/install/lbot_arm_interfaces/include/lbot_arm_interfaces/lbot_arm_interfaces/srv/detail/move_l__type_support.h
-- Installing: /home/lzy/lbot_ws/install/lbot_arm_interfaces/include/lbot_arm_interfaces/lbot_arm_interfaces/srv/detail/set_enable__type_support.h
-- Installing: /home/lzy/lbot_ws/install/lbot_arm_interfaces/include/lbot_arm_interfaces/lbot_arm_interfaces/srv/detail/inverse_kinematics__type_support.h
-- Installing: /home/lzy/lbot_ws/install/lbot_arm_interfaces/include/lbot_arm_interfaces/lbot_arm_interfaces/srv/detail/move_l__struct.h
-- Installing: /home/lzy/lbot_ws/install/lbot_arm_interfaces/include/lbot_arm_interfaces/lbot_arm_interfaces/srv/detail/forward_kinematics__type_support.c
-- Installing: /home/lzy/lbot_ws/install/lbot_arm_interfaces/include/lbot_arm_interfaces/lbot_arm_interfaces/srv/detail/set_zero__functions.c
-- Installing: /home/lzy/lbot_ws/install/lbot_arm_interfaces/include/lbot_arm_interfaces/lbot_arm_interfaces/srv/detail/get_all_frames__type_support.c
-- Installing: /home/lzy/lbot_ws/install/lbot_arm_interfaces/include/lbot_arm_interfaces/lbot_arm_interfaces/srv/detail/move_c__functions.c
-- Installing: /home/lzy/lbot_ws/install/lbot_arm_interfaces/include/lbot_arm_interfaces/lbot_arm_interfaces/srv/detail/set_frame__struct.h
-- Installing: /home/lzy/lbot_ws/install/lbot_arm_interfaces/include/lbot_arm_interfaces/lbot_arm_interfaces/srv/detail/move_j__description.c
-- Installing: /home/lzy/lbot_ws/install/lbot_arm_interfaces/include/lbot_arm_interfaces/lbot_arm_interfaces/srv/detail/get_frame__struct.h
-- Installing: /home/lzy/lbot_ws/install/lbot_arm_interfaces/include/lbot_arm_interfaces/lbot_arm_interfaces/srv/detail/set_frame__type_support.c
-- Installing: /home/lzy/lbot_ws/install/lbot_arm_interfaces/include/lbot_arm_interfaces/lbot_arm_interfaces/srv/detail/move_jp__type_support.c
-- Installing: /home/lzy/lbot_ws/install/lbot_arm_interfaces/include/lbot_arm_interfaces/lbot_arm_interfaces/srv/detail/set_emergency__type_support.h
-- Installing: /home/lzy/lbot_ws/install/lbot_arm_interfaces/include/lbot_arm_interfaces/lbot_arm_interfaces/srv/detail/get_all_frames__functions.h
-- Installing: /home/lzy/lbot_ws/install/lbot_arm_interfaces/include/lbot_arm_interfaces/lbot_arm_interfaces/srv/detail/move_c__description.c
-- Installing: /home/lzy/lbot_ws/install/lbot_arm_interfaces/include/lbot_arm_interfaces/lbot_arm_interfaces/srv/detail/forward_kinematics__functions.c
-- Installing: /home/lzy/lbot_ws/install/lbot_arm_interfaces/include/lbot_arm_interfaces/lbot_arm_interfaces/srv/detail/set_emergency__struct.h
-- Installing: /home/lzy/lbot_ws/install/lbot_arm_interfaces/include/lbot_arm_interfaces/lbot_arm_interfaces/srv/detail/move_j__functions.c
-- Installing: /home/lzy/lbot_ws/install/lbot_arm_interfaces/include/lbot_arm_interfaces/lbot_arm_interfaces/srv/detail/get_current_frame__functions.h
-- Installing: /home/lzy/lbot_ws/install/lbot_arm_interfaces/include/lbot_arm_interfaces/lbot_arm_interfaces/srv/detail/change_frame__functions.h
-- Installing: /home/lzy/lbot_ws/install/lbot_arm_interfaces/include/lbot_arm_interfaces/lbot_arm_interfaces/srv/detail/move_jp__functions.h
-- Installing: /home/lzy/lbot_ws/install/lbot_arm_interfaces/include/lbot_arm_interfaces/lbot_arm_interfaces/srv/detail/inverse_kinematics__type_support.c
-- Installing: /home/lzy/lbot_ws/install/lbot_arm_interfaces/include/lbot_arm_interfaces/lbot_arm_interfaces/srv/detail/set_string__type_support.h
-- Installing: /home/lzy/lbot_ws/install/lbot_arm_interfaces/include/lbot_arm_interfaces/lbot_arm_interfaces/srv/detail/move_jp__functions.c
-- Installing: /home/lzy/lbot_ws/install/lbot_arm_interfaces/include/lbot_arm_interfaces/lbot_arm_interfaces/srv/detail/delete_frame__type_support.h
-- Installing: /home/lzy/lbot_ws/install/lbot_arm_interfaces/include/lbot_arm_interfaces/lbot_arm_interfaces/srv/detail/set_frame__functions.h
-- Installing: /home/lzy/lbot_ws/install/lbot_arm_interfaces/include/lbot_arm_interfaces/lbot_arm_interfaces/srv/detail/get_frame__description.c
-- Installing: /home/lzy/lbot_ws/install/lbot_arm_interfaces/include/lbot_arm_interfaces/lbot_arm_interfaces/srv/detail/forward_kinematics__type_support.h
-- Installing: /home/lzy/lbot_ws/install/lbot_arm_interfaces/include/lbot_arm_interfaces/lbot_arm_interfaces/srv/detail/get_current_frame__type_support.c
-- Installing: /home/lzy/lbot_ws/install/lbot_arm_interfaces/include/lbot_arm_interfaces/lbot_arm_interfaces/srv/detail/change_frame__type_support.h
-- Installing: /home/lzy/lbot_ws/install/lbot_arm_interfaces/include/lbot_arm_interfaces/lbot_arm_interfaces/srv/detail/move_j__type_support.h
-- Installing: /home/lzy/lbot_ws/install/lbot_arm_interfaces/include/lbot_arm_interfaces/lbot_arm_interfaces/srv/detail/get_frame__type_support.h
-- Installing: /home/lzy/lbot_ws/install/lbot_arm_interfaces/include/lbot_arm_interfaces/lbot_arm_interfaces/srv/detail/set_string__functions.h
-- Installing: /home/lzy/lbot_ws/install/lbot_arm_interfaces/include/lbot_arm_interfaces/lbot_arm_interfaces/srv/detail/delete_frame__functions.c
-- Installing: /home/lzy/lbot_ws/install/lbot_arm_interfaces/include/lbot_arm_interfaces/lbot_arm_interfaces/srv/detail/set_enable__type_support.c
-- Installing: /home/lzy/lbot_ws/install/lbot_arm_interfaces/include/lbot_arm_interfaces/lbot_arm_interfaces/srv/detail/get_all_frames__struct.h
-- Installing: /home/lzy/lbot_ws/install/lbot_arm_interfaces/include/lbot_arm_interfaces/lbot_arm_interfaces/srv/detail/set_frame__type_support.h
-- Installing: /home/lzy/lbot_ws/install/lbot_arm_interfaces/include/lbot_arm_interfaces/lbot_arm_interfaces/srv/detail/set_zero__struct.h
-- Installing: /home/lzy/lbot_ws/install/lbot_arm_interfaces/include/lbot_arm_interfaces/lbot_arm_interfaces/srv/detail/delete_frame__functions.h
-- Installing: /home/lzy/lbot_ws/install/lbot_arm_interfaces/include/lbot_arm_interfaces/lbot_arm_interfaces/srv/detail/move_jp__description.c
-- Installing: /home/lzy/lbot_ws/install/lbot_arm_interfaces/include/lbot_arm_interfaces/lbot_arm_interfaces/srv/detail/set_zero__type_support.c
-- Installing: /home/lzy/lbot_ws/install/lbot_arm_interfaces/include/lbot_arm_interfaces/lbot_arm_interfaces/srv/detail/set_zero__functions.h
-- Installing: /home/lzy/lbot_ws/install/lbot_arm_interfaces/include/lbot_arm_interfaces/lbot_arm_interfaces/srv/detail/set_enable__functions.h
-- Installing: /home/lzy/lbot_ws/install/lbot_arm_interfaces/include/lbot_arm_interfaces/lbot_arm_interfaces/srv/detail/get_all_frames__functions.c
-- Installing: /home/lzy/lbot_ws/install/lbot_arm_interfaces/include/lbot_arm_interfaces/lbot_arm_interfaces/srv/detail/move_jp__type_support.h
-- Installing: /home/lzy/lbot_ws/install/lbot_arm_interfaces/include/lbot_arm_interfaces/lbot_arm_interfaces/srv/detail/move_j__type_support.c
-- Installing: /home/lzy/lbot_ws/install/lbot_arm_interfaces/include/lbot_arm_interfaces/lbot_arm_interfaces/srv/detail/set_emergency__type_support.c
-- Installing: /home/lzy/lbot_ws/install/lbot_arm_interfaces/include/lbot_arm_interfaces/lbot_arm_interfaces/srv/detail/set_zero__description.c
-- Installing: /home/lzy/lbot_ws/install/lbot_arm_interfaces/include/lbot_arm_interfaces/lbot_arm_interfaces/srv/detail/set_string__type_support.c
-- Installing: /home/lzy/lbot_ws/install/lbot_arm_interfaces/include/lbot_arm_interfaces/lbot_arm_interfaces/srv/detail/set_enable__functions.c
-- Installing: /home/lzy/lbot_ws/install/lbot_arm_interfaces/include/lbot_arm_interfaces/lbot_arm_interfaces/srv/detail/set_enable__struct.h
-- Installing: /home/lzy/lbot_ws/install/lbot_arm_interfaces/include/lbot_arm_interfaces/lbot_arm_interfaces/srv/detail/delete_frame__struct.h
-- Installing: /home/lzy/lbot_ws/install/lbot_arm_interfaces/include/lbot_arm_interfaces/lbot_arm_interfaces/srv/detail/set_string__functions.c
-- Installing: /home/lzy/lbot_ws/install/lbot_arm_interfaces/include/lbot_arm_interfaces/lbot_arm_interfaces/srv/detail/move_l__description.c
-- Installing: /home/lzy/lbot_ws/install/lbot_arm_interfaces/include/lbot_arm_interfaces/lbot_arm_interfaces/srv/detail/get_all_frames__description.c
-- Installing: /home/lzy/lbot_ws/install/lbot_arm_interfaces/include/lbot_arm_interfaces/lbot_arm_interfaces/srv/detail/delete_frame__type_support.c
-- Installing: /home/lzy/lbot_ws/install/lbot_arm_interfaces/include/lbot_arm_interfaces/lbot_arm_interfaces/srv/detail/move_c__type_support.c
-- Installing: /home/lzy/lbot_ws/install/lbot_arm_interfaces/include/lbot_arm_interfaces/lbot_arm_interfaces/srv/detail/change_frame__functions.c
-- Installing: /home/lzy/lbot_ws/install/lbot_arm_interfaces/include/lbot_arm_interfaces/lbot_arm_interfaces/srv/detail/set_frame__functions.c
-- Installing: /home/lzy/lbot_ws/install/lbot_arm_interfaces/include/lbot_arm_interfaces/lbot_arm_interfaces/srv/detail/move_j__functions.h
-- Installing: /home/lzy/lbot_ws/install/lbot_arm_interfaces/include/lbot_arm_interfaces/lbot_arm_interfaces/srv/detail/inverse_kinematics__functions.c
-- Installing: /home/lzy/lbot_ws/install/lbot_arm_interfaces/include/lbot_arm_interfaces/lbot_arm_interfaces/srv/detail/move_c__type_support.h
-- Installing: /home/lzy/lbot_ws/install/lbot_arm_interfaces/include/lbot_arm_interfaces/lbot_arm_interfaces/srv/detail/forward_kinematics__description.c
-- Installing: /home/lzy/lbot_ws/install/lbot_arm_interfaces/include/lbot_arm_interfaces/lbot_arm_interfaces/srv/detail/get_frame__type_support.c
-- Installing: /home/lzy/lbot_ws/install/lbot_arm_interfaces/include/lbot_arm_interfaces/lbot_arm_interfaces/srv/detail/set_emergency__description.c
-- Installing: /home/lzy/lbot_ws/install/lbot_arm_interfaces/include/lbot_arm_interfaces/lbot_arm_interfaces/srv/detail/set_string__struct.h
-- Installing: /home/lzy/lbot_ws/install/lbot_arm_interfaces/include/lbot_arm_interfaces/lbot_arm_interfaces/srv/set_enable.h
-- Installing: /home/lzy/lbot_ws/install/lbot_arm_interfaces/include/lbot_arm_interfaces/lbot_arm_interfaces/srv/forward_kinematics.h
-- Installing: /home/lzy/lbot_ws/install/lbot_arm_interfaces/include/lbot_arm_interfaces/lbot_arm_interfaces/srv/set_emergency.h
-- Installing: /home/lzy/lbot_ws/install/lbot_arm_interfaces/include/lbot_arm_interfaces/lbot_arm_interfaces/srv/delete_frame.h
-- Installing: /home/lzy/lbot_ws/install/lbot_arm_interfaces/include/lbot_arm_interfaces/lbot_arm_interfaces/srv/get_frame.h
-- Installing: /home/lzy/lbot_ws/install/lbot_arm_interfaces/include/lbot_arm_interfaces/lbot_arm_interfaces/srv/move_c.h
-- Installing: /home/lzy/lbot_ws/install/lbot_arm_interfaces/include/lbot_arm_interfaces/lbot_arm_interfaces/srv/move_j.h
-- Installing: /home/lzy/lbot_ws/install/lbot_arm_interfaces/include/lbot_arm_interfaces/lbot_arm_interfaces/srv/get_all_frames.h
-- Installing: /home/lzy/lbot_ws/install/lbot_arm_interfaces/include/lbot_arm_interfaces/lbot_arm_interfaces/srv/set_string.h
-- Installing: /home/lzy/lbot_ws/install/lbot_arm_interfaces/include/lbot_arm_interfaces/lbot_arm_interfaces/srv/set_zero.h
-- Installing: /home/lzy/lbot_ws/install/lbot_arm_interfaces/include/lbot_arm_interfaces/lbot_arm_interfaces/srv/move_l.h
-- Installing: /home/lzy/lbot_ws/install/lbot_arm_interfaces/include/lbot_arm_interfaces/lbot_arm_interfaces/srv/inverse_kinematics.h
-- Installing: /home/lzy/lbot_ws/install/lbot_arm_interfaces/include/lbot_arm_interfaces/lbot_arm_interfaces/srv/get_current_frame.h
-- Installing: /home/lzy/lbot_ws/install/lbot_arm_interfaces/include/lbot_arm_interfaces/lbot_arm_interfaces/srv/move_jp.h
-- Installing: /home/lzy/lbot_ws/install/lbot_arm_interfaces/share/lbot_arm_interfaces/environment/library_path.sh
-- Installing: /home/lzy/lbot_ws/install/lbot_arm_interfaces/share/lbot_arm_interfaces/environment/library_path.dsv
-- Installing: /home/lzy/lbot_ws/install/lbot_arm_interfaces/lib/liblbot_arm_interfaces__rosidl_generator_c.so
-- Set non-toolchain portion of runtime path of "/home/lzy/lbot_ws/install/lbot_arm_interfaces/lib/liblbot_arm_interfaces__rosidl_generator_c.so" to ""
-- Up-to-date: /home/lzy/lbot_ws/install/lbot_arm_interfaces/include/lbot_arm_interfaces/lbot_arm_interfaces
-- Up-to-date: /home/lzy/lbot_ws/install/lbot_arm_interfaces/include/lbot_arm_interfaces/lbot_arm_interfaces/msg
-- Installing: /home/lzy/lbot_ws/install/lbot_arm_interfaces/include/lbot_arm_interfaces/lbot_arm_interfaces/msg/rosidl_typesupport_fastrtps_c__visibility_control.h
-- Up-to-date: /home/lzy/lbot_ws/install/lbot_arm_interfaces/include/lbot_arm_interfaces/lbot_arm_interfaces/msg/detail
-- Installing: /home/lzy/lbot_ws/install/lbot_arm_interfaces/include/lbot_arm_interfaces/lbot_arm_interfaces/msg/detail/lbot_pose__rosidl_typesupport_fastrtps_c.h
-- Installing: /home/lzy/lbot_ws/install/lbot_arm_interfaces/include/lbot_arm_interfaces/lbot_arm_interfaces/msg/detail/arm_state__rosidl_typesupport_fastrtps_c.h
-- Installing: /home/lzy/lbot_ws/install/lbot_arm_interfaces/include/lbot_arm_interfaces/lbot_arm_interfaces/msg/detail/lbot_frame__rosidl_typesupport_fastrtps_c.h
-- Installing: /home/lzy/lbot_ws/install/lbot_arm_interfaces/include/lbot_arm_interfaces/lbot_arm_interfaces/msg/detail/follow_joint__rosidl_typesupport_fastrtps_c.h
-- Up-to-date: /home/lzy/lbot_ws/install/lbot_arm_interfaces/include/lbot_arm_interfaces/lbot_arm_interfaces/srv
-- Up-to-date: /home/lzy/lbot_ws/install/lbot_arm_interfaces/include/lbot_arm_interfaces/lbot_arm_interfaces/srv/detail
-- Installing: /home/lzy/lbot_ws/install/lbot_arm_interfaces/include/lbot_arm_interfaces/lbot_arm_interfaces/srv/detail/set_zero__rosidl_typesupport_fastrtps_c.h
-- Installing: /home/lzy/lbot_ws/install/lbot_arm_interfaces/include/lbot_arm_interfaces/lbot_arm_interfaces/srv/detail/set_enable__rosidl_typesupport_fastrtps_c.h
-- Installing: /home/lzy/lbot_ws/install/lbot_arm_interfaces/include/lbot_arm_interfaces/lbot_arm_interfaces/srv/detail/set_string__rosidl_typesupport_fastrtps_c.h
-- Installing: /home/lzy/lbot_ws/install/lbot_arm_interfaces/include/lbot_arm_interfaces/lbot_arm_interfaces/srv/detail/get_frame__rosidl_typesupport_fastrtps_c.h
-- Installing: /home/lzy/lbot_ws/install/lbot_arm_interfaces/include/lbot_arm_interfaces/lbot_arm_interfaces/srv/detail/get_all_frames__rosidl_typesupport_fastrtps_c.h
-- Installing: /home/lzy/lbot_ws/install/lbot_arm_interfaces/include/lbot_arm_interfaces/lbot_arm_interfaces/srv/detail/move_j__rosidl_typesupport_fastrtps_c.h
-- Installing: /home/lzy/lbot_ws/install/lbot_arm_interfaces/include/lbot_arm_interfaces/lbot_arm_interfaces/srv/detail/set_emergency__rosidl_typesupport_fastrtps_c.h
-- Installing: /home/lzy/lbot_ws/install/lbot_arm_interfaces/include/lbot_arm_interfaces/lbot_arm_interfaces/srv/detail/forward_kinematics__rosidl_typesupport_fastrtps_c.h
-- Installing: /home/lzy/lbot_ws/install/lbot_arm_interfaces/include/lbot_arm_interfaces/lbot_arm_interfaces/srv/detail/set_frame__rosidl_typesupport_fastrtps_c.h
-- Installing: /home/lzy/lbot_ws/install/lbot_arm_interfaces/include/lbot_arm_interfaces/lbot_arm_interfaces/srv/detail/move_jp__rosidl_typesupport_fastrtps_c.h
-- Installing: /home/lzy/lbot_ws/install/lbot_arm_interfaces/include/lbot_arm_interfaces/lbot_arm_interfaces/srv/detail/move_l__rosidl_typesupport_fastrtps_c.h
-- Installing: /home/lzy/lbot_ws/install/lbot_arm_interfaces/include/lbot_arm_interfaces/lbot_arm_interfaces/srv/detail/move_c__rosidl_typesupport_fastrtps_c.h
-- Installing: /home/lzy/lbot_ws/install/lbot_arm_interfaces/include/lbot_arm_interfaces/lbot_arm_interfaces/srv/detail/get_current_frame__rosidl_typesupport_fastrtps_c.h
-- Installing: /home/lzy/lbot_ws/install/lbot_arm_interfaces/include/lbot_arm_interfaces/lbot_arm_interfaces/srv/detail/inverse_kinematics__rosidl_typesupport_fastrtps_c.h
-- Installing: /home/lzy/lbot_ws/install/lbot_arm_interfaces/include/lbot_arm_interfaces/lbot_arm_interfaces/srv/detail/delete_frame__rosidl_typesupport_fastrtps_c.h
-- Installing: /home/lzy/lbot_ws/install/lbot_arm_interfaces/include/lbot_arm_interfaces/lbot_arm_interfaces/srv/detail/change_frame__rosidl_typesupport_fastrtps_c.h
-- Installing: /home/lzy/lbot_ws/install/lbot_arm_interfaces/lib/liblbot_arm_interfaces__rosidl_typesupport_fastrtps_c.so
-- Set non-toolchain portion of runtime path of "/home/lzy/lbot_ws/install/lbot_arm_interfaces/lib/liblbot_arm_interfaces__rosidl_typesupport_fastrtps_c.so" to ""
-- Up-to-date: /home/lzy/lbot_ws/install/lbot_arm_interfaces/include/lbot_arm_interfaces/lbot_arm_interfaces
-- Up-to-date: /home/lzy/lbot_ws/install/lbot_arm_interfaces/include/lbot_arm_interfaces/lbot_arm_interfaces/msg
-- Up-to-date: /home/lzy/lbot_ws/install/lbot_arm_interfaces/include/lbot_arm_interfaces/lbot_arm_interfaces/msg/detail
-- Installing: /home/lzy/lbot_ws/install/lbot_arm_interfaces/include/lbot_arm_interfaces/lbot_arm_interfaces/msg/detail/arm_state__type_support.hpp
-- Installing: /home/lzy/lbot_ws/install/lbot_arm_interfaces/include/lbot_arm_interfaces/lbot_arm_interfaces/msg/detail/lbot_pose__type_support.hpp
-- Installing: /home/lzy/lbot_ws/install/lbot_arm_interfaces/include/lbot_arm_interfaces/lbot_arm_interfaces/msg/detail/lbot_pose__traits.hpp
-- Installing: /home/lzy/lbot_ws/install/lbot_arm_interfaces/include/lbot_arm_interfaces/lbot_arm_interfaces/msg/detail/lbot_frame__struct.hpp
-- Installing: /home/lzy/lbot_ws/install/lbot_arm_interfaces/include/lbot_arm_interfaces/lbot_arm_interfaces/msg/detail/follow_joint__builder.hpp
-- Installing: /home/lzy/lbot_ws/install/lbot_arm_interfaces/include/lbot_arm_interfaces/lbot_arm_interfaces/msg/detail/lbot_pose__builder.hpp
-- Installing: /home/lzy/lbot_ws/install/lbot_arm_interfaces/include/lbot_arm_interfaces/lbot_arm_interfaces/msg/detail/arm_state__traits.hpp
-- Installing: /home/lzy/lbot_ws/install/lbot_arm_interfaces/include/lbot_arm_interfaces/lbot_arm_interfaces/msg/detail/lbot_frame__builder.hpp
-- Installing: /home/lzy/lbot_ws/install/lbot_arm_interfaces/include/lbot_arm_interfaces/lbot_arm_interfaces/msg/detail/follow_joint__traits.hpp
-- Installing: /home/lzy/lbot_ws/install/lbot_arm_interfaces/include/lbot_arm_interfaces/lbot_arm_interfaces/msg/detail/arm_state__builder.hpp
-- Installing: /home/lzy/lbot_ws/install/lbot_arm_interfaces/include/lbot_arm_interfaces/lbot_arm_interfaces/msg/detail/follow_joint__type_support.hpp
-- Installing: /home/lzy/lbot_ws/install/lbot_arm_interfaces/include/lbot_arm_interfaces/lbot_arm_interfaces/msg/detail/lbot_frame__type_support.hpp
-- Installing: /home/lzy/lbot_ws/install/lbot_arm_interfaces/include/lbot_arm_interfaces/lbot_arm_interfaces/msg/detail/follow_joint__struct.hpp
-- Installing: /home/lzy/lbot_ws/install/lbot_arm_interfaces/include/lbot_arm_interfaces/lbot_arm_interfaces/msg/detail/lbot_frame__traits.hpp
-- Installing: /home/lzy/lbot_ws/install/lbot_arm_interfaces/include/lbot_arm_interfaces/lbot_arm_interfaces/msg/detail/lbot_pose__struct.hpp
-- Installing: /home/lzy/lbot_ws/install/lbot_arm_interfaces/include/lbot_arm_interfaces/lbot_arm_interfaces/msg/detail/arm_state__struct.hpp
-- Installing: /home/lzy/lbot_ws/install/lbot_arm_interfaces/include/lbot_arm_interfaces/lbot_arm_interfaces/msg/arm_state.hpp
-- Installing: /home/lzy/lbot_ws/install/lbot_arm_interfaces/include/lbot_arm_interfaces/lbot_arm_interfaces/msg/rosidl_generator_cpp__visibility_control.hpp
-- Installing: /home/lzy/lbot_ws/install/lbot_arm_interfaces/include/lbot_arm_interfaces/lbot_arm_interfaces/msg/lbot_pose.hpp
-- Installing: /home/lzy/lbot_ws/install/lbot_arm_interfaces/include/lbot_arm_interfaces/lbot_arm_interfaces/msg/follow_joint.hpp
-- Installing: /home/lzy/lbot_ws/install/lbot_arm_interfaces/include/lbot_arm_interfaces/lbot_arm_interfaces/msg/lbot_frame.hpp
-- Up-to-date: /home/lzy/lbot_ws/install/lbot_arm_interfaces/include/lbot_arm_interfaces/lbot_arm_interfaces/srv
-- Installing: /home/lzy/lbot_ws/install/lbot_arm_interfaces/include/lbot_arm_interfaces/lbot_arm_interfaces/srv/set_string.hpp
-- Up-to-date: /home/lzy/lbot_ws/install/lbot_arm_interfaces/include/lbot_arm_interfaces/lbot_arm_interfaces/srv/detail
-- Installing: /home/lzy/lbot_ws/install/lbot_arm_interfaces/include/lbot_arm_interfaces/lbot_arm_interfaces/srv/detail/set_enable__struct.hpp
-- Installing: /home/lzy/lbot_ws/install/lbot_arm_interfaces/include/lbot_arm_interfaces/lbot_arm_interfaces/srv/detail/set_frame__traits.hpp
-- Installing: /home/lzy/lbot_ws/install/lbot_arm_interfaces/include/lbot_arm_interfaces/lbot_arm_interfaces/srv/detail/inverse_kinematics__builder.hpp
-- Installing: /home/lzy/lbot_ws/install/lbot_arm_interfaces/include/lbot_arm_interfaces/lbot_arm_interfaces/srv/detail/get_current_frame__traits.hpp
-- Installing: /home/lzy/lbot_ws/install/lbot_arm_interfaces/include/lbot_arm_interfaces/lbot_arm_interfaces/srv/detail/move_c__type_support.hpp
-- Installing: /home/lzy/lbot_ws/install/lbot_arm_interfaces/include/lbot_arm_interfaces/lbot_arm_interfaces/srv/detail/set_string__builder.hpp
-- Installing: /home/lzy/lbot_ws/install/lbot_arm_interfaces/include/lbot_arm_interfaces/lbot_arm_interfaces/srv/detail/set_enable__traits.hpp
-- Installing: /home/lzy/lbot_ws/install/lbot_arm_interfaces/include/lbot_arm_interfaces/lbot_arm_interfaces/srv/detail/inverse_kinematics__type_support.hpp
-- Installing: /home/lzy/lbot_ws/install/lbot_arm_interfaces/include/lbot_arm_interfaces/lbot_arm_interfaces/srv/detail/set_enable__type_support.hpp
-- Installing: /home/lzy/lbot_ws/install/lbot_arm_interfaces/include/lbot_arm_interfaces/lbot_arm_interfaces/srv/detail/set_emergency__struct.hpp
-- Installing: /home/lzy/lbot_ws/install/lbot_arm_interfaces/include/lbot_arm_interfaces/lbot_arm_interfaces/srv/detail/forward_kinematics__builder.hpp
-- Installing: /home/lzy/lbot_ws/install/lbot_arm_interfaces/include/lbot_arm_interfaces/lbot_arm_interfaces/srv/detail/change_frame__traits.hpp
-- Installing: /home/lzy/lbot_ws/install/lbot_arm_interfaces/include/lbot_arm_interfaces/lbot_arm_interfaces/srv/detail/move_jp__traits.hpp
-- Installing: /home/lzy/lbot_ws/install/lbot_arm_interfaces/include/lbot_arm_interfaces/lbot_arm_interfaces/srv/detail/set_string__traits.hpp
-- Installing: /home/lzy/lbot_ws/install/lbot_arm_interfaces/include/lbot_arm_interfaces/lbot_arm_interfaces/srv/detail/move_l__struct.hpp
-- Installing: /home/lzy/lbot_ws/install/lbot_arm_interfaces/include/lbot_arm_interfaces/lbot_arm_interfaces/srv/detail/get_all_frames__struct.hpp
-- Installing: /home/lzy/lbot_ws/install/lbot_arm_interfaces/include/lbot_arm_interfaces/lbot_arm_interfaces/srv/detail/set_emergency__type_support.hpp
-- Installing: /home/lzy/lbot_ws/install/lbot_arm_interfaces/include/lbot_arm_interfaces/lbot_arm_interfaces/srv/detail/get_all_frames__traits.hpp
-- Installing: /home/lzy/lbot_ws/install/lbot_arm_interfaces/include/lbot_arm_interfaces/lbot_arm_interfaces/srv/detail/set_zero__struct.hpp
-- Installing: /home/lzy/lbot_ws/install/lbot_arm_interfaces/include/lbot_arm_interfaces/lbot_arm_interfaces/srv/detail/set_emergency__builder.hpp
-- Installing: /home/lzy/lbot_ws/install/lbot_arm_interfaces/include/lbot_arm_interfaces/lbot_arm_interfaces/srv/detail/inverse_kinematics__traits.hpp
-- Installing: /home/lzy/lbot_ws/install/lbot_arm_interfaces/include/lbot_arm_interfaces/lbot_arm_interfaces/srv/detail/get_all_frames__builder.hpp
-- Installing: /home/lzy/lbot_ws/install/lbot_arm_interfaces/include/lbot_arm_interfaces/lbot_arm_interfaces/srv/detail/set_emergency__traits.hpp
-- Installing: /home/lzy/lbot_ws/install/lbot_arm_interfaces/include/lbot_arm_interfaces/lbot_arm_interfaces/srv/detail/forward_kinematics__traits.hpp
-- Installing: /home/lzy/lbot_ws/install/lbot_arm_interfaces/include/lbot_arm_interfaces/lbot_arm_interfaces/srv/detail/move_j__traits.hpp
-- Installing: /home/lzy/lbot_ws/install/lbot_arm_interfaces/include/lbot_arm_interfaces/lbot_arm_interfaces/srv/detail/set_frame__builder.hpp
-- Installing: /home/lzy/lbot_ws/install/lbot_arm_interfaces/include/lbot_arm_interfaces/lbot_arm_interfaces/srv/detail/forward_kinematics__struct.hpp
-- Installing: /home/lzy/lbot_ws/install/lbot_arm_interfaces/include/lbot_arm_interfaces/lbot_arm_interfaces/srv/detail/move_c__struct.hpp
-- Installing: /home/lzy/lbot_ws/install/lbot_arm_interfaces/include/lbot_arm_interfaces/lbot_arm_interfaces/srv/detail/change_frame__struct.hpp
-- Installing: /home/lzy/lbot_ws/install/lbot_arm_interfaces/include/lbot_arm_interfaces/lbot_arm_interfaces/srv/detail/delete_frame__traits.hpp
-- Installing: /home/lzy/lbot_ws/install/lbot_arm_interfaces/include/lbot_arm_interfaces/lbot_arm_interfaces/srv/detail/move_l__traits.hpp
-- Installing: /home/lzy/lbot_ws/install/lbot_arm_interfaces/include/lbot_arm_interfaces/lbot_arm_interfaces/srv/detail/set_frame__struct.hpp
-- Installing: /home/lzy/lbot_ws/install/lbot_arm_interfaces/include/lbot_arm_interfaces/lbot_arm_interfaces/srv/detail/set_string__type_support.hpp
-- Installing: /home/lzy/lbot_ws/install/lbot_arm_interfaces/include/lbot_arm_interfaces/lbot_arm_interfaces/srv/detail/set_zero__traits.hpp
-- Installing: /home/lzy/lbot_ws/install/lbot_arm_interfaces/include/lbot_arm_interfaces/lbot_arm_interfaces/srv/detail/get_frame__struct.hpp
-- Installing: /home/lzy/lbot_ws/install/lbot_arm_interfaces/include/lbot_arm_interfaces/lbot_arm_interfaces/srv/detail/move_j__builder.hpp
-- Installing: /home/lzy/lbot_ws/install/lbot_arm_interfaces/include/lbot_arm_interfaces/lbot_arm_interfaces/srv/detail/delete_frame__struct.hpp
-- Installing: /home/lzy/lbot_ws/install/lbot_arm_interfaces/include/lbot_arm_interfaces/lbot_arm_interfaces/srv/detail/inverse_kinematics__struct.hpp
-- Installing: /home/lzy/lbot_ws/install/lbot_arm_interfaces/include/lbot_arm_interfaces/lbot_arm_interfaces/srv/detail/move_j__struct.hpp
-- Installing: /home/lzy/lbot_ws/install/lbot_arm_interfaces/include/lbot_arm_interfaces/lbot_arm_interfaces/srv/detail/set_enable__builder.hpp
-- Installing: /home/lzy/lbot_ws/install/lbot_arm_interfaces/include/lbot_arm_interfaces/lbot_arm_interfaces/srv/detail/get_current_frame__struct.hpp
-- Installing: /home/lzy/lbot_ws/install/lbot_arm_interfaces/include/lbot_arm_interfaces/lbot_arm_interfaces/srv/detail/move_c__builder.hpp
-- Installing: /home/lzy/lbot_ws/install/lbot_arm_interfaces/include/lbot_arm_interfaces/lbot_arm_interfaces/srv/detail/forward_kinematics__type_support.hpp
-- Installing: /home/lzy/lbot_ws/install/lbot_arm_interfaces/include/lbot_arm_interfaces/lbot_arm_interfaces/srv/detail/move_jp__struct.hpp
-- Installing: /home/lzy/lbot_ws/install/lbot_arm_interfaces/include/lbot_arm_interfaces/lbot_arm_interfaces/srv/detail/get_frame__traits.hpp
-- Installing: /home/lzy/lbot_ws/install/lbot_arm_interfaces/include/lbot_arm_interfaces/lbot_arm_interfaces/srv/detail/get_frame__type_support.hpp
-- Installing: /home/lzy/lbot_ws/install/lbot_arm_interfaces/include/lbot_arm_interfaces/lbot_arm_interfaces/srv/detail/move_c__traits.hpp
-- Installing: /home/lzy/lbot_ws/install/lbot_arm_interfaces/include/lbot_arm_interfaces/lbot_arm_interfaces/srv/detail/delete_frame__builder.hpp
-- Installing: /home/lzy/lbot_ws/install/lbot_arm_interfaces/include/lbot_arm_interfaces/lbot_arm_interfaces/srv/detail/set_zero__builder.hpp
-- Installing: /home/lzy/lbot_ws/install/lbot_arm_interfaces/include/lbot_arm_interfaces/lbot_arm_interfaces/srv/detail/set_zero__type_support.hpp
-- Installing: /home/lzy/lbot_ws/install/lbot_arm_interfaces/include/lbot_arm_interfaces/lbot_arm_interfaces/srv/detail/move_jp__builder.hpp
-- Installing: /home/lzy/lbot_ws/install/lbot_arm_interfaces/include/lbot_arm_interfaces/lbot_arm_interfaces/srv/detail/get_frame__builder.hpp
-- Installing: /home/lzy/lbot_ws/install/lbot_arm_interfaces/include/lbot_arm_interfaces/lbot_arm_interfaces/srv/detail/set_frame__type_support.hpp
-- Installing: /home/lzy/lbot_ws/install/lbot_arm_interfaces/include/lbot_arm_interfaces/lbot_arm_interfaces/srv/detail/move_l__builder.hpp
-- Installing: /home/lzy/lbot_ws/install/lbot_arm_interfaces/include/lbot_arm_interfaces/lbot_arm_interfaces/srv/detail/move_j__type_support.hpp
-- Installing: /home/lzy/lbot_ws/install/lbot_arm_interfaces/include/lbot_arm_interfaces/lbot_arm_interfaces/srv/detail/get_all_frames__type_support.hpp
-- Installing: /home/lzy/lbot_ws/install/lbot_arm_interfaces/include/lbot_arm_interfaces/lbot_arm_interfaces/srv/detail/move_jp__type_support.hpp
-- Installing: /home/lzy/lbot_ws/install/lbot_arm_interfaces/include/lbot_arm_interfaces/lbot_arm_interfaces/srv/detail/change_frame__type_support.hpp
-- Installing: /home/lzy/lbot_ws/install/lbot_arm_interfaces/include/lbot_arm_interfaces/lbot_arm_interfaces/srv/detail/get_current_frame__builder.hpp
-- Installing: /home/lzy/lbot_ws/install/lbot_arm_interfaces/include/lbot_arm_interfaces/lbot_arm_interfaces/srv/detail/delete_frame__type_support.hpp
-- Installing: /home/lzy/lbot_ws/install/lbot_arm_interfaces/include/lbot_arm_interfaces/lbot_arm_interfaces/srv/detail/set_string__struct.hpp
-- Installing: /home/lzy/lbot_ws/install/lbot_arm_interfaces/include/lbot_arm_interfaces/lbot_arm_interfaces/srv/detail/get_current_frame__type_support.hpp
-- Installing: /home/lzy/lbot_ws/install/lbot_arm_interfaces/include/lbot_arm_interfaces/lbot_arm_interfaces/srv/detail/change_frame__builder.hpp
-- Installing: /home/lzy/lbot_ws/install/lbot_arm_interfaces/include/lbot_arm_interfaces/lbot_arm_interfaces/srv/detail/move_l__type_support.hpp
-- Installing: /home/lzy/lbot_ws/install/lbot_arm_interfaces/include/lbot_arm_interfaces/lbot_arm_interfaces/srv/delete_frame.hpp
-- Installing: /home/lzy/lbot_ws/install/lbot_arm_interfaces/include/lbot_arm_interfaces/lbot_arm_interfaces/srv/forward_kinematics.hpp
-- Installing: /home/lzy/lbot_ws/install/lbot_arm_interfaces/include/lbot_arm_interfaces/lbot_arm_interfaces/srv/set_frame.hpp
-- Installing: /home/lzy/lbot_ws/install/lbot_arm_interfaces/include/lbot_arm_interfaces/lbot_arm_interfaces/srv/move_l.hpp
-- Installing: /home/lzy/lbot_ws/install/lbot_arm_interfaces/include/lbot_arm_interfaces/lbot_arm_interfaces/srv/set_zero.hpp
-- Installing: /home/lzy/lbot_ws/install/lbot_arm_interfaces/include/lbot_arm_interfaces/lbot_arm_interfaces/srv/move_jp.hpp
-- Installing: /home/lzy/lbot_ws/install/lbot_arm_interfaces/include/lbot_arm_interfaces/lbot_arm_interfaces/srv/set_emergency.hpp
-- Installing: /home/lzy/lbot_ws/install/lbot_arm_interfaces/include/lbot_arm_interfaces/lbot_arm_interfaces/srv/set_enable.hpp
-- Installing: /home/lzy/lbot_ws/install/lbot_arm_interfaces/include/lbot_arm_interfaces/lbot_arm_interfaces/srv/change_frame.hpp
-- Installing: /home/lzy/lbot_ws/install/lbot_arm_interfaces/include/lbot_arm_interfaces/lbot_arm_interfaces/srv/move_c.hpp
-- Installing: /home/lzy/lbot_ws/install/lbot_arm_interfaces/include/lbot_arm_interfaces/lbot_arm_interfaces/srv/get_current_frame.hpp
-- Installing: /home/lzy/lbot_ws/install/lbot_arm_interfaces/include/lbot_arm_interfaces/lbot_arm_interfaces/srv/move_j.hpp
-- Installing: /home/lzy/lbot_ws/install/lbot_arm_interfaces/include/lbot_arm_interfaces/lbot_arm_interfaces/srv/get_all_frames.hpp
-- Installing: /home/lzy/lbot_ws/install/lbot_arm_interfaces/include/lbot_arm_interfaces/lbot_arm_interfaces/srv/get_frame.hpp
-- Installing: /home/lzy/lbot_ws/install/lbot_arm_interfaces/include/lbot_arm_interfaces/lbot_arm_interfaces/srv/inverse_kinematics.hpp
-- Up-to-date: /home/lzy/lbot_ws/install/lbot_arm_interfaces/include/lbot_arm_interfaces/lbot_arm_interfaces
-- Up-to-date: /home/lzy/lbot_ws/install/lbot_arm_interfaces/include/lbot_arm_interfaces/lbot_arm_interfaces/msg
-- Up-to-date: /home/lzy/lbot_ws/install/lbot_arm_interfaces/include/lbot_arm_interfaces/lbot_arm_interfaces/msg/detail
-- Installing: /home/lzy/lbot_ws/install/lbot_arm_interfaces/include/lbot_arm_interfaces/lbot_arm_interfaces/msg/detail/lbot_frame__rosidl_typesupport_fastrtps_cpp.hpp
-- Installing: /home/lzy/lbot_ws/install/lbot_arm_interfaces/include/lbot_arm_interfaces/lbot_arm_interfaces/msg/detail/dds_fastrtps
-- Installing: /home/lzy/lbot_ws/install/lbot_arm_interfaces/include/lbot_arm_interfaces/lbot_arm_interfaces/msg/detail/lbot_pose__rosidl_typesupport_fastrtps_cpp.hpp
-- Installing: /home/lzy/lbot_ws/install/lbot_arm_interfaces/include/lbot_arm_interfaces/lbot_arm_interfaces/msg/detail/follow_joint__rosidl_typesupport_fastrtps_cpp.hpp
-- Installing: /home/lzy/lbot_ws/install/lbot_arm_interfaces/include/lbot_arm_interfaces/lbot_arm_interfaces/msg/detail/arm_state__rosidl_typesupport_fastrtps_cpp.hpp
-- Installing: /home/lzy/lbot_ws/install/lbot_arm_interfaces/include/lbot_arm_interfaces/lbot_arm_interfaces/msg/rosidl_typesupport_fastrtps_cpp__visibility_control.h
-- Up-to-date: /home/lzy/lbot_ws/install/lbot_arm_interfaces/include/lbot_arm_interfaces/lbot_arm_interfaces/srv
-- Up-to-date: /home/lzy/lbot_ws/install/lbot_arm_interfaces/include/lbot_arm_interfaces/lbot_arm_interfaces/srv/detail
-- Installing: /home/lzy/lbot_ws/install/lbot_arm_interfaces/include/lbot_arm_interfaces/lbot_arm_interfaces/srv/detail/move_c__rosidl_typesupport_fastrtps_cpp.hpp
-- Installing: /home/lzy/lbot_ws/install/lbot_arm_interfaces/include/lbot_arm_interfaces/lbot_arm_interfaces/srv/detail/get_frame__rosidl_typesupport_fastrtps_cpp.hpp
-- Installing: /home/lzy/lbot_ws/install/lbot_arm_interfaces/include/lbot_arm_interfaces/lbot_arm_interfaces/srv/detail/delete_frame__rosidl_typesupport_fastrtps_cpp.hpp
-- Installing: /home/lzy/lbot_ws/install/lbot_arm_interfaces/include/lbot_arm_interfaces/lbot_arm_interfaces/srv/detail/forward_kinematics__rosidl_typesupport_fastrtps_cpp.hpp
-- Installing: /home/lzy/lbot_ws/install/lbot_arm_interfaces/include/lbot_arm_interfaces/lbot_arm_interfaces/srv/detail/inverse_kinematics__rosidl_typesupport_fastrtps_cpp.hpp
-- Installing: /home/lzy/lbot_ws/install/lbot_arm_interfaces/include/lbot_arm_interfaces/lbot_arm_interfaces/srv/detail/set_zero__rosidl_typesupport_fastrtps_cpp.hpp
-- Installing: /home/lzy/lbot_ws/install/lbot_arm_interfaces/include/lbot_arm_interfaces/lbot_arm_interfaces/srv/detail/set_enable__rosidl_typesupport_fastrtps_cpp.hpp
-- Installing: /home/lzy/lbot_ws/install/lbot_arm_interfaces/include/lbot_arm_interfaces/lbot_arm_interfaces/srv/detail/dds_fastrtps
-- Installing: /home/lzy/lbot_ws/install/lbot_arm_interfaces/include/lbot_arm_interfaces/lbot_arm_interfaces/srv/detail/set_frame__rosidl_typesupport_fastrtps_cpp.hpp
-- Installing: /home/lzy/lbot_ws/install/lbot_arm_interfaces/include/lbot_arm_interfaces/lbot_arm_interfaces/srv/detail/get_all_frames__rosidl_typesupport_fastrtps_cpp.hpp
-- Installing: /home/lzy/lbot_ws/install/lbot_arm_interfaces/include/lbot_arm_interfaces/lbot_arm_interfaces/srv/detail/set_emergency__rosidl_typesupport_fastrtps_cpp.hpp
-- Installing: /home/lzy/lbot_ws/install/lbot_arm_interfaces/include/lbot_arm_interfaces/lbot_arm_interfaces/srv/detail/set_string__rosidl_typesupport_fastrtps_cpp.hpp
-- Installing: /home/lzy/lbot_ws/install/lbot_arm_interfaces/include/lbot_arm_interfaces/lbot_arm_interfaces/srv/detail/move_j__rosidl_typesupport_fastrtps_cpp.hpp
-- Installing: /home/lzy/lbot_ws/install/lbot_arm_interfaces/include/lbot_arm_interfaces/lbot_arm_interfaces/srv/detail/get_current_frame__rosidl_typesupport_fastrtps_cpp.hpp
-- Installing: /home/lzy/lbot_ws/install/lbot_arm_interfaces/include/lbot_arm_interfaces/lbot_arm_interfaces/srv/detail/change_frame__rosidl_typesupport_fastrtps_cpp.hpp
-- Installing: /home/lzy/lbot_ws/install/lbot_arm_interfaces/include/lbot_arm_interfaces/lbot_arm_interfaces/srv/detail/move_l__rosidl_typesupport_fastrtps_cpp.hpp
-- Installing: /home/lzy/lbot_ws/install/lbot_arm_interfaces/include/lbot_arm_interfaces/lbot_arm_interfaces/srv/detail/move_jp__rosidl_typesupport_fastrtps_cpp.hpp
-- Installing: /home/lzy/lbot_ws/install/lbot_arm_interfaces/lib/liblbot_arm_interfaces__rosidl_typesupport_fastrtps_cpp.so
-- Set non-toolchain portion of runtime path of "/home/lzy/lbot_ws/install/lbot_arm_interfaces/lib/liblbot_arm_interfaces__rosidl_typesupport_fastrtps_cpp.so" to ""
-- Up-to-date: /home/lzy/lbot_ws/install/lbot_arm_interfaces/include/lbot_arm_interfaces/lbot_arm_interfaces
-- Up-to-date: /home/lzy/lbot_ws/install/lbot_arm_interfaces/include/lbot_arm_interfaces/lbot_arm_interfaces/msg
-- Up-to-date: /home/lzy/lbot_ws/install/lbot_arm_interfaces/include/lbot_arm_interfaces/lbot_arm_interfaces/msg/detail
-- Installing: /home/lzy/lbot_ws/install/lbot_arm_interfaces/include/lbot_arm_interfaces/lbot_arm_interfaces/msg/detail/follow_joint__rosidl_typesupport_introspection_c.h
-- Up-to-date: /home/lzy/lbot_ws/install/lbot_arm_interfaces/include/lbot_arm_interfaces/lbot_arm_interfaces/msg/detail/arm_state__type_support.c
-- Up-to-date: /home/lzy/lbot_ws/install/lbot_arm_interfaces/include/lbot_arm_interfaces/lbot_arm_interfaces/msg/detail/follow_joint__type_support.c
-- Installing: /home/lzy/lbot_ws/install/lbot_arm_interfaces/include/lbot_arm_interfaces/lbot_arm_interfaces/msg/detail/lbot_frame__rosidl_typesupport_introspection_c.h
-- Installing: /home/lzy/lbot_ws/install/lbot_arm_interfaces/include/lbot_arm_interfaces/lbot_arm_interfaces/msg/detail/lbot_pose__rosidl_typesupport_introspection_c.h
-- Installing: /home/lzy/lbot_ws/install/lbot_arm_interfaces/include/lbot_arm_interfaces/lbot_arm_interfaces/msg/detail/lbot_pose__type_support.c
-- Installing: /home/lzy/lbot_ws/install/lbot_arm_interfaces/include/lbot_arm_interfaces/lbot_arm_interfaces/msg/detail/lbot_frame__type_support.c
-- Installing: /home/lzy/lbot_ws/install/lbot_arm_interfaces/include/lbot_arm_interfaces/lbot_arm_interfaces/msg/detail/arm_state__rosidl_typesupport_introspection_c.h
-- Installing: /home/lzy/lbot_ws/install/lbot_arm_interfaces/include/lbot_arm_interfaces/lbot_arm_interfaces/msg/rosidl_typesupport_introspection_c__visibility_control.h
-- Up-to-date: /home/lzy/lbot_ws/install/lbot_arm_interfaces/include/lbot_arm_interfaces/lbot_arm_interfaces/srv
-- Up-to-date: /home/lzy/lbot_ws/install/lbot_arm_interfaces/include/lbot_arm_interfaces/lbot_arm_interfaces/srv/detail
-- Installing: /home/lzy/lbot_ws/install/lbot_arm_interfaces/include/lbot_arm_interfaces/lbot_arm_interfaces/srv/detail/get_frame__rosidl_typesupport_introspection_c.h
-- Installing: /home/lzy/lbot_ws/install/lbot_arm_interfaces/include/lbot_arm_interfaces/lbot_arm_interfaces/srv/detail/move_l__type_support.c
-- Installing: /home/lzy/lbot_ws/install/lbot_arm_interfaces/include/lbot_arm_interfaces/lbot_arm_interfaces/srv/detail/get_current_frame__rosidl_typesupport_introspection_c.h
-- Installing: /home/lzy/lbot_ws/install/lbot_arm_interfaces/include/lbot_arm_interfaces/lbot_arm_interfaces/srv/detail/set_emergency__rosidl_typesupport_introspection_c.h
-- Installing: /home/lzy/lbot_ws/install/lbot_arm_interfaces/include/lbot_arm_interfaces/lbot_arm_interfaces/srv/detail/change_frame__type_support.c
-- Installing: /home/lzy/lbot_ws/install/lbot_arm_interfaces/include/lbot_arm_interfaces/lbot_arm_interfaces/srv/detail/delete_frame__rosidl_typesupport_introspection_c.h
-- Installing: /home/lzy/lbot_ws/install/lbot_arm_interfaces/include/lbot_arm_interfaces/lbot_arm_interfaces/srv/detail/inverse_kinematics__rosidl_typesupport_introspection_c.h
-- Installing: /home/lzy/lbot_ws/install/lbot_arm_interfaces/include/lbot_arm_interfaces/lbot_arm_interfaces/srv/detail/move_l__rosidl_typesupport_introspection_c.h
-- Installing: /home/lzy/lbot_ws/install/lbot_arm_interfaces/include/lbot_arm_interfaces/lbot_arm_interfaces/srv/detail/move_jp__rosidl_typesupport_introspection_c.h
-- Installing: /home/lzy/lbot_ws/install/lbot_arm_interfaces/include/lbot_arm_interfaces/lbot_arm_interfaces/srv/detail/forward_kinematics__type_support.c
-- Installing: /home/lzy/lbot_ws/install/lbot_arm_interfaces/include/lbot_arm_interfaces/lbot_arm_interfaces/srv/detail/get_all_frames__type_support.c
-- Installing: /home/lzy/lbot_ws/install/lbot_arm_interfaces/include/lbot_arm_interfaces/lbot_arm_interfaces/srv/detail/forward_kinematics__rosidl_typesupport_introspection_c.h
-- Installing: /home/lzy/lbot_ws/install/lbot_arm_interfaces/include/lbot_arm_interfaces/lbot_arm_interfaces/srv/detail/set_frame__type_support.c
-- Installing: /home/lzy/lbot_ws/install/lbot_arm_interfaces/include/lbot_arm_interfaces/lbot_arm_interfaces/srv/detail/move_jp__type_support.c
-- Installing: /home/lzy/lbot_ws/install/lbot_arm_interfaces/include/lbot_arm_interfaces/lbot_arm_interfaces/srv/detail/change_frame__rosidl_typesupport_introspection_c.h
-- Installing: /home/lzy/lbot_ws/install/lbot_arm_interfaces/include/lbot_arm_interfaces/lbot_arm_interfaces/srv/detail/move_c__rosidl_typesupport_introspection_c.h
-- Installing: /home/lzy/lbot_ws/install/lbot_arm_interfaces/include/lbot_arm_interfaces/lbot_arm_interfaces/srv/detail/move_j__rosidl_typesupport_introspection_c.h
-- Installing: /home/lzy/lbot_ws/install/lbot_arm_interfaces/include/lbot_arm_interfaces/lbot_arm_interfaces/srv/detail/set_frame__rosidl_typesupport_introspection_c.h
-- Installing: /home/lzy/lbot_ws/install/lbot_arm_interfaces/include/lbot_arm_interfaces/lbot_arm_interfaces/srv/detail/inverse_kinematics__type_support.c
-- Installing: /home/lzy/lbot_ws/install/lbot_arm_interfaces/include/lbot_arm_interfaces/lbot_arm_interfaces/srv/detail/get_current_frame__type_support.c
-- Installing: /home/lzy/lbot_ws/install/lbot_arm_interfaces/include/lbot_arm_interfaces/lbot_arm_interfaces/srv/detail/set_enable__type_support.c
-- Up-to-date: /home/lzy/lbot_ws/install/lbot_arm_interfaces/include/lbot_arm_interfaces/lbot_arm_interfaces/srv/detail/set_zero__type_support.c
-- Installing: /home/lzy/lbot_ws/install/lbot_arm_interfaces/include/lbot_arm_interfaces/lbot_arm_interfaces/srv/detail/move_j__type_support.c
-- Installing: /home/lzy/lbot_ws/install/lbot_arm_interfaces/include/lbot_arm_interfaces/lbot_arm_interfaces/srv/detail/set_zero__rosidl_typesupport_introspection_c.h
-- Installing: /home/lzy/lbot_ws/install/lbot_arm_interfaces/include/lbot_arm_interfaces/lbot_arm_interfaces/srv/detail/set_emergency__type_support.c
-- Installing: /home/lzy/lbot_ws/install/lbot_arm_interfaces/include/lbot_arm_interfaces/lbot_arm_interfaces/srv/detail/set_string__type_support.c
-- Installing: /home/lzy/lbot_ws/install/lbot_arm_interfaces/include/lbot_arm_interfaces/lbot_arm_interfaces/srv/detail/set_string__rosidl_typesupport_introspection_c.h
-- Installing: /home/lzy/lbot_ws/install/lbot_arm_interfaces/include/lbot_arm_interfaces/lbot_arm_interfaces/srv/detail/set_enable__rosidl_typesupport_introspection_c.h
-- Installing: /home/lzy/lbot_ws/install/lbot_arm_interfaces/include/lbot_arm_interfaces/lbot_arm_interfaces/srv/detail/get_all_frames__rosidl_typesupport_introspection_c.h
-- Installing: /home/lzy/lbot_ws/install/lbot_arm_interfaces/include/lbot_arm_interfaces/lbot_arm_interfaces/srv/detail/delete_frame__type_support.c
-- Installing: /home/lzy/lbot_ws/install/lbot_arm_interfaces/include/lbot_arm_interfaces/lbot_arm_interfaces/srv/detail/move_c__type_support.c
-- Installing: /home/lzy/lbot_ws/install/lbot_arm_interfaces/include/lbot_arm_interfaces/lbot_arm_interfaces/srv/detail/get_frame__type_support.c
-- Installing: /home/lzy/lbot_ws/install/lbot_arm_interfaces/lib/liblbot_arm_interfaces__rosidl_typesupport_introspection_c.so
-- Set non-toolchain portion of runtime path of "/home/lzy/lbot_ws/install/lbot_arm_interfaces/lib/liblbot_arm_interfaces__rosidl_typesupport_introspection_c.so" to ""
-- Installing: /home/lzy/lbot_ws/install/lbot_arm_interfaces/lib/liblbot_arm_interfaces__rosidl_typesupport_c.so
-- Set non-toolchain portion of runtime path of "/home/lzy/lbot_ws/install/lbot_arm_interfaces/lib/liblbot_arm_interfaces__rosidl_typesupport_c.so" to ""
-- Up-to-date: /home/lzy/lbot_ws/install/lbot_arm_interfaces/include/lbot_arm_interfaces/lbot_arm_interfaces
-- Up-to-date: /home/lzy/lbot_ws/install/lbot_arm_interfaces/include/lbot_arm_interfaces/lbot_arm_interfaces/msg
-- Up-to-date: /home/lzy/lbot_ws/install/lbot_arm_interfaces/include/lbot_arm_interfaces/lbot_arm_interfaces/msg/detail
-- Installing: /home/lzy/lbot_ws/install/lbot_arm_interfaces/include/lbot_arm_interfaces/lbot_arm_interfaces/msg/detail/follow_joint__rosidl_typesupport_introspection_cpp.hpp
-- Installing: /home/lzy/lbot_ws/install/lbot_arm_interfaces/include/lbot_arm_interfaces/lbot_arm_interfaces/msg/detail/arm_state__type_support.cpp
-- Installing: /home/lzy/lbot_ws/install/lbot_arm_interfaces/include/lbot_arm_interfaces/lbot_arm_interfaces/msg/detail/lbot_pose__rosidl_typesupport_introspection_cpp.hpp
-- Installing: /home/lzy/lbot_ws/install/lbot_arm_interfaces/include/lbot_arm_interfaces/lbot_arm_interfaces/msg/detail/lbot_pose__type_support.cpp
-- Installing: /home/lzy/lbot_ws/install/lbot_arm_interfaces/include/lbot_arm_interfaces/lbot_arm_interfaces/msg/detail/lbot_frame__rosidl_typesupport_introspection_cpp.hpp
-- Installing: /home/lzy/lbot_ws/install/lbot_arm_interfaces/include/lbot_arm_interfaces/lbot_arm_interfaces/msg/detail/arm_state__rosidl_typesupport_introspection_cpp.hpp
-- Installing: /home/lzy/lbot_ws/install/lbot_arm_interfaces/include/lbot_arm_interfaces/lbot_arm_interfaces/msg/detail/follow_joint__type_support.cpp
-- Installing: /home/lzy/lbot_ws/install/lbot_arm_interfaces/include/lbot_arm_interfaces/lbot_arm_interfaces/msg/detail/lbot_frame__type_support.cpp
-- Up-to-date: /home/lzy/lbot_ws/install/lbot_arm_interfaces/include/lbot_arm_interfaces/lbot_arm_interfaces/srv
-- Up-to-date: /home/lzy/lbot_ws/install/lbot_arm_interfaces/include/lbot_arm_interfaces/lbot_arm_interfaces/srv/detail
-- Installing: /home/lzy/lbot_ws/install/lbot_arm_interfaces/include/lbot_arm_interfaces/lbot_arm_interfaces/srv/detail/move_jp__type_support.cpp
-- Installing: /home/lzy/lbot_ws/install/lbot_arm_interfaces/include/lbot_arm_interfaces/lbot_arm_interfaces/srv/detail/set_string__rosidl_typesupport_introspection_cpp.hpp
-- Installing: /home/lzy/lbot_ws/install/lbot_arm_interfaces/include/lbot_arm_interfaces/lbot_arm_interfaces/srv/detail/move_c__rosidl_typesupport_introspection_cpp.hpp
-- Installing: /home/lzy/lbot_ws/install/lbot_arm_interfaces/include/lbot_arm_interfaces/lbot_arm_interfaces/srv/detail/inverse_kinematics__rosidl_typesupport_introspection_cpp.hpp
-- Installing: /home/lzy/lbot_ws/install/lbot_arm_interfaces/include/lbot_arm_interfaces/lbot_arm_interfaces/srv/detail/delete_frame__type_support.cpp
-- Installing: /home/lzy/lbot_ws/install/lbot_arm_interfaces/include/lbot_arm_interfaces/lbot_arm_interfaces/srv/detail/set_enable__type_support.cpp
-- Installing: /home/lzy/lbot_ws/install/lbot_arm_interfaces/include/lbot_arm_interfaces/lbot_arm_interfaces/srv/detail/move_l__type_support.cpp
-- Installing: /home/lzy/lbot_ws/install/lbot_arm_interfaces/include/lbot_arm_interfaces/lbot_arm_interfaces/srv/detail/move_jp__rosidl_typesupport_introspection_cpp.hpp
-- Installing: /home/lzy/lbot_ws/install/lbot_arm_interfaces/include/lbot_arm_interfaces/lbot_arm_interfaces/srv/detail/forward_kinematics__rosidl_typesupport_introspection_cpp.hpp
-- Installing: /home/lzy/lbot_ws/install/lbot_arm_interfaces/include/lbot_arm_interfaces/lbot_arm_interfaces/srv/detail/get_frame__type_support.cpp
-- Installing: /home/lzy/lbot_ws/install/lbot_arm_interfaces/include/lbot_arm_interfaces/lbot_arm_interfaces/srv/detail/set_zero__type_support.cpp
-- Installing: /home/lzy/lbot_ws/install/lbot_arm_interfaces/include/lbot_arm_interfaces/lbot_arm_interfaces/srv/detail/set_emergency__rosidl_typesupport_introspection_cpp.hpp
-- Installing: /home/lzy/lbot_ws/install/lbot_arm_interfaces/include/lbot_arm_interfaces/lbot_arm_interfaces/srv/detail/move_j__rosidl_typesupport_introspection_cpp.hpp
-- Installing: /home/lzy/lbot_ws/install/lbot_arm_interfaces/include/lbot_arm_interfaces/lbot_arm_interfaces/srv/detail/set_string__type_support.cpp
-- Installing: /home/lzy/lbot_ws/install/lbot_arm_interfaces/include/lbot_arm_interfaces/lbot_arm_interfaces/srv/detail/change_frame__rosidl_typesupport_introspection_cpp.hpp
-- Installing: /home/lzy/lbot_ws/install/lbot_arm_interfaces/include/lbot_arm_interfaces/lbot_arm_interfaces/srv/detail/get_all_frames__rosidl_typesupport_introspection_cpp.hpp
-- Installing: /home/lzy/lbot_ws/install/lbot_arm_interfaces/include/lbot_arm_interfaces/lbot_arm_interfaces/srv/detail/get_frame__rosidl_typesupport_introspection_cpp.hpp
-- Installing: /home/lzy/lbot_ws/install/lbot_arm_interfaces/include/lbot_arm_interfaces/lbot_arm_interfaces/srv/detail/set_enable__rosidl_typesupport_introspection_cpp.hpp
-- Installing: /home/lzy/lbot_ws/install/lbot_arm_interfaces/include/lbot_arm_interfaces/lbot_arm_interfaces/srv/detail/inverse_kinematics__type_support.cpp
-- Installing: /home/lzy/lbot_ws/install/lbot_arm_interfaces/include/lbot_arm_interfaces/lbot_arm_interfaces/srv/detail/get_current_frame__type_support.cpp
-- Installing: /home/lzy/lbot_ws/install/lbot_arm_interfaces/include/lbot_arm_interfaces/lbot_arm_interfaces/srv/detail/delete_frame__rosidl_typesupport_introspection_cpp.hpp
-- Installing: /home/lzy/lbot_ws/install/lbot_arm_interfaces/include/lbot_arm_interfaces/lbot_arm_interfaces/srv/detail/set_frame__type_support.cpp
-- Installing: /home/lzy/lbot_ws/install/lbot_arm_interfaces/include/lbot_arm_interfaces/lbot_arm_interfaces/srv/detail/move_l__rosidl_typesupport_introspection_cpp.hpp
-- Installing: /home/lzy/lbot_ws/install/lbot_arm_interfaces/include/lbot_arm_interfaces/lbot_arm_interfaces/srv/detail/get_current_frame__rosidl_typesupport_introspection_cpp.hpp
-- Installing: /home/lzy/lbot_ws/install/lbot_arm_interfaces/include/lbot_arm_interfaces/lbot_arm_interfaces/srv/detail/forward_kinematics__type_support.cpp
-- Installing: /home/lzy/lbot_ws/install/lbot_arm_interfaces/include/lbot_arm_interfaces/lbot_arm_interfaces/srv/detail/move_j__type_support.cpp
-- Installing: /home/lzy/lbot_ws/install/lbot_arm_interfaces/include/lbot_arm_interfaces/lbot_arm_interfaces/srv/detail/get_all_frames__type_support.cpp
-- Installing: /home/lzy/lbot_ws/install/lbot_arm_interfaces/include/lbot_arm_interfaces/lbot_arm_interfaces/srv/detail/set_zero__rosidl_typesupport_introspection_cpp.hpp
-- Installing: /home/lzy/lbot_ws/install/lbot_arm_interfaces/include/lbot_arm_interfaces/lbot_arm_interfaces/srv/detail/set_emergency__type_support.cpp
-- Installing: /home/lzy/lbot_ws/install/lbot_arm_interfaces/include/lbot_arm_interfaces/lbot_arm_interfaces/srv/detail/move_c__type_support.cpp
-- Installing: /home/lzy/lbot_ws/install/lbot_arm_interfaces/include/lbot_arm_interfaces/lbot_arm_interfaces/srv/detail/change_frame__type_support.cpp
-- Installing: /home/lzy/lbot_ws/install/lbot_arm_interfaces/include/lbot_arm_interfaces/lbot_arm_interfaces/srv/detail/set_frame__rosidl_typesupport_introspection_cpp.hpp
-- Installing: /home/lzy/lbot_ws/install/lbot_arm_interfaces/lib/liblbot_arm_interfaces__rosidl_typesupport_introspection_cpp.so
-- Set non-toolchain portion of runtime path of "/home/lzy/lbot_ws/install/lbot_arm_interfaces/lib/liblbot_arm_interfaces__rosidl_typesupport_introspection_cpp.so" to ""
-- Installing: /home/lzy/lbot_ws/install/lbot_arm_interfaces/lib/liblbot_arm_interfaces__rosidl_typesupport_cpp.so
-- Set non-toolchain portion of runtime path of "/home/lzy/lbot_ws/install/lbot_arm_interfaces/lib/liblbot_arm_interfaces__rosidl_typesupport_cpp.so" to ""
-- Installing: /home/lzy/lbot_ws/install/lbot_arm_interfaces/share/lbot_arm_interfaces/environment/pythonpath.sh
-- Installing: /home/lzy/lbot_ws/install/lbot_arm_interfaces/share/lbot_arm_interfaces/environment/pythonpath.dsv
-- Installing: /home/lzy/lbot_ws/install/lbot_arm_interfaces/lib/python3.12/site-packages/lbot_arm_interfaces-0.0.0-py3.12.egg-info
-- Installing: /home/lzy/lbot_ws/install/lbot_arm_interfaces/lib/python3.12/site-packages/lbot_arm_interfaces-0.0.0-py3.12.egg-info/SOURCES.txt
-- Installing: /home/lzy/lbot_ws/install/lbot_arm_interfaces/lib/python3.12/site-packages/lbot_arm_interfaces-0.0.0-py3.12.egg-info/top_level.txt
-- Installing: /home/lzy/lbot_ws/install/lbot_arm_interfaces/lib/python3.12/site-packages/lbot_arm_interfaces-0.0.0-py3.12.egg-info/PKG-INFO
-- Installing: /home/lzy/lbot_ws/install/lbot_arm_interfaces/lib/python3.12/site-packages/lbot_arm_interfaces-0.0.0-py3.12.egg-info/dependency_links.txt
-- Installing: /home/lzy/lbot_ws/install/lbot_arm_interfaces/lib/python3.12/site-packages/lbot_arm_interfaces
-- Installing: /home/lzy/lbot_ws/install/lbot_arm_interfaces/lib/python3.12/site-packages/lbot_arm_interfaces/lbot_arm_interfaces_s__rosidl_typesupport_introspection_c.so
-- Installing: /home/lzy/lbot_ws/install/lbot_arm_interfaces/lib/python3.12/site-packages/lbot_arm_interfaces/msg
-- Installing: /home/lzy/lbot_ws/install/lbot_arm_interfaces/lib/python3.12/site-packages/lbot_arm_interfaces/msg/_lbot_pose.py
-- Installing: /home/lzy/lbot_ws/install/lbot_arm_interfaces/lib/python3.12/site-packages/lbot_arm_interfaces/msg/_lbot_frame.py
-- Installing: /home/lzy/lbot_ws/install/lbot_arm_interfaces/lib/python3.12/site-packages/lbot_arm_interfaces/msg/_lbot_frame_s.c
-- Installing: /home/lzy/lbot_ws/install/lbot_arm_interfaces/lib/python3.12/site-packages/lbot_arm_interfaces/msg/_follow_joint_s.c
-- Installing: /home/lzy/lbot_ws/install/lbot_arm_interfaces/lib/python3.12/site-packages/lbot_arm_interfaces/msg/_arm_state.py
-- Installing: /home/lzy/lbot_ws/install/lbot_arm_interfaces/lib/python3.12/site-packages/lbot_arm_interfaces/msg/__init__.py
-- Installing: /home/lzy/lbot_ws/install/lbot_arm_interfaces/lib/python3.12/site-packages/lbot_arm_interfaces/msg/_arm_state_s.c
-- Installing: /home/lzy/lbot_ws/install/lbot_arm_interfaces/lib/python3.12/site-packages/lbot_arm_interfaces/msg/_lbot_pose_s.c
-- Installing: /home/lzy/lbot_ws/install/lbot_arm_interfaces/lib/python3.12/site-packages/lbot_arm_interfaces/msg/_follow_joint.py
-- Installing: /home/lzy/lbot_ws/install/lbot_arm_interfaces/lib/python3.12/site-packages/lbot_arm_interfaces/lbot_arm_interfaces_s__rosidl_typesupport_fastrtps_c.so
-- Installing: /home/lzy/lbot_ws/install/lbot_arm_interfaces/lib/python3.12/site-packages/lbot_arm_interfaces/lbot_arm_interfaces_s__rosidl_typesupport_c.so
-- Installing: /home/lzy/lbot_ws/install/lbot_arm_interfaces/lib/python3.12/site-packages/lbot_arm_interfaces/__init__.py
-- Installing: /home/lzy/lbot_ws/install/lbot_arm_interfaces/lib/python3.12/site-packages/lbot_arm_interfaces/_lbot_arm_interfaces_s.ep.rosidl_typesupport_fastrtps_c.c
-- Installing: /home/lzy/lbot_ws/install/lbot_arm_interfaces/lib/python3.12/site-packages/lbot_arm_interfaces/srv
-- Installing: /home/lzy/lbot_ws/install/lbot_arm_interfaces/lib/python3.12/site-packages/lbot_arm_interfaces/srv/_forward_kinematics_s.c
-- Installing: /home/lzy/lbot_ws/install/lbot_arm_interfaces/lib/python3.12/site-packages/lbot_arm_interfaces/srv/_get_frame.py
-- Installing: /home/lzy/lbot_ws/install/lbot_arm_interfaces/lib/python3.12/site-packages/lbot_arm_interfaces/srv/_move_l_s.c
-- Installing: /home/lzy/lbot_ws/install/lbot_arm_interfaces/lib/python3.12/site-packages/lbot_arm_interfaces/srv/_delete_frame.py
-- Installing: /home/lzy/lbot_ws/install/lbot_arm_interfaces/lib/python3.12/site-packages/lbot_arm_interfaces/srv/_set_zero.py
-- Installing: /home/lzy/lbot_ws/install/lbot_arm_interfaces/lib/python3.12/site-packages/lbot_arm_interfaces/srv/_change_frame.py
-- Installing: /home/lzy/lbot_ws/install/lbot_arm_interfaces/lib/python3.12/site-packages/lbot_arm_interfaces/srv/_inverse_kinematics.py
-- Installing: /home/lzy/lbot_ws/install/lbot_arm_interfaces/lib/python3.12/site-packages/lbot_arm_interfaces/srv/_set_string.py
-- Installing: /home/lzy/lbot_ws/install/lbot_arm_interfaces/lib/python3.12/site-packages/lbot_arm_interfaces/srv/_move_jp.py
-- Installing: /home/lzy/lbot_ws/install/lbot_arm_interfaces/lib/python3.12/site-packages/lbot_arm_interfaces/srv/_move_c_s.c
-- Installing: /home/lzy/lbot_ws/install/lbot_arm_interfaces/lib/python3.12/site-packages/lbot_arm_interfaces/srv/_set_string_s.c
-- Installing: /home/lzy/lbot_ws/install/lbot_arm_interfaces/lib/python3.12/site-packages/lbot_arm_interfaces/srv/_forward_kinematics.py
-- Installing: /home/lzy/lbot_ws/install/lbot_arm_interfaces/lib/python3.12/site-packages/lbot_arm_interfaces/srv/_get_current_frame.py
-- Installing: /home/lzy/lbot_ws/install/lbot_arm_interfaces/lib/python3.12/site-packages/lbot_arm_interfaces/srv/_move_j_s.c
-- Installing: /home/lzy/lbot_ws/install/lbot_arm_interfaces/lib/python3.12/site-packages/lbot_arm_interfaces/srv/_set_frame.py
-- Installing: /home/lzy/lbot_ws/install/lbot_arm_interfaces/lib/python3.12/site-packages/lbot_arm_interfaces/srv/_set_emergency.py
-- Installing: /home/lzy/lbot_ws/install/lbot_arm_interfaces/lib/python3.12/site-packages/lbot_arm_interfaces/srv/_get_all_frames_s.c
-- Installing: /home/lzy/lbot_ws/install/lbot_arm_interfaces/lib/python3.12/site-packages/lbot_arm_interfaces/srv/_get_current_frame_s.c
-- Installing: /home/lzy/lbot_ws/install/lbot_arm_interfaces/lib/python3.12/site-packages/lbot_arm_interfaces/srv/_get_frame_s.c
-- Installing: /home/lzy/lbot_ws/install/lbot_arm_interfaces/lib/python3.12/site-packages/lbot_arm_interfaces/srv/_get_all_frames.py
-- Installing: /home/lzy/lbot_ws/install/lbot_arm_interfaces/lib/python3.12/site-packages/lbot_arm_interfaces/srv/__init__.py
-- Installing: /home/lzy/lbot_ws/install/lbot_arm_interfaces/lib/python3.12/site-packages/lbot_arm_interfaces/srv/_inverse_kinematics_s.c
-- Installing: /home/lzy/lbot_ws/install/lbot_arm_interfaces/lib/python3.12/site-packages/lbot_arm_interfaces/srv/_move_j.py
-- Installing: /home/lzy/lbot_ws/install/lbot_arm_interfaces/lib/python3.12/site-packages/lbot_arm_interfaces/srv/_set_emergency_s.c
-- Installing: /home/lzy/lbot_ws/install/lbot_arm_interfaces/lib/python3.12/site-packages/lbot_arm_interfaces/srv/_set_enable_s.c
-- Installing: /home/lzy/lbot_ws/install/lbot_arm_interfaces/lib/python3.12/site-packages/lbot_arm_interfaces/srv/_set_enable.py
-- Installing: /home/lzy/lbot_ws/install/lbot_arm_interfaces/lib/python3.12/site-packages/lbot_arm_interfaces/srv/_set_frame_s.c
-- Installing: /home/lzy/lbot_ws/install/lbot_arm_interfaces/lib/python3.12/site-packages/lbot_arm_interfaces/srv/_delete_frame_s.c
-- Installing: /home/lzy/lbot_ws/install/lbot_arm_interfaces/lib/python3.12/site-packages/lbot_arm_interfaces/srv/_move_jp_s.c
-- Installing: /home/lzy/lbot_ws/install/lbot_arm_interfaces/lib/python3.12/site-packages/lbot_arm_interfaces/srv/_move_c.py
-- Installing: /home/lzy/lbot_ws/install/lbot_arm_interfaces/lib/python3.12/site-packages/lbot_arm_interfaces/srv/_set_zero_s.c
-- Installing: /home/lzy/lbot_ws/install/lbot_arm_interfaces/lib/python3.12/site-packages/lbot_arm_interfaces/srv/_move_l.py
-- Installing: /home/lzy/lbot_ws/install/lbot_arm_interfaces/lib/python3.12/site-packages/lbot_arm_interfaces/srv/_change_frame_s.c
-- Installing: /home/lzy/lbot_ws/install/lbot_arm_interfaces/lib/python3.12/site-packages/lbot_arm_interfaces/_lbot_arm_interfaces_s.ep.rosidl_typesupport_c.c
-- Installing: /home/lzy/lbot_ws/install/lbot_arm_interfaces/lib/python3.12/site-packages/lbot_arm_interfaces/_lbot_arm_interfaces_s.ep.rosidl_typesupport_introspection_c.c
Listing '/home/lzy/lbot_ws/install/lbot_arm_interfaces/lib/python3.12/site-packages/lbot_arm_interfaces'...
Compiling '/home/lzy/lbot_ws/install/lbot_arm_interfaces/lib/python3.12/site-packages/lbot_arm_interfaces/__init__.py'...
Listing '/home/lzy/lbot_ws/install/lbot_arm_interfaces/lib/python3.12/site-packages/lbot_arm_interfaces/msg'...
Compiling '/home/lzy/lbot_ws/install/lbot_arm_interfaces/lib/python3.12/site-packages/lbot_arm_interfaces/msg/__init__.py'...
Compiling '/home/lzy/lbot_ws/install/lbot_arm_interfaces/lib/python3.12/site-packages/lbot_arm_interfaces/msg/_arm_state.py'...
Compiling '/home/lzy/lbot_ws/install/lbot_arm_interfaces/lib/python3.12/site-packages/lbot_arm_interfaces/msg/_follow_joint.py'...
Compiling '/home/lzy/lbot_ws/install/lbot_arm_interfaces/lib/python3.12/site-packages/lbot_arm_interfaces/msg/_lbot_frame.py'...
Compiling '/home/lzy/lbot_ws/install/lbot_arm_interfaces/lib/python3.12/site-packages/lbot_arm_interfaces/msg/_lbot_pose.py'...
Listing '/home/lzy/lbot_ws/install/lbot_arm_interfaces/lib/python3.12/site-packages/lbot_arm_interfaces/srv'...
Compiling '/home/lzy/lbot_ws/install/lbot_arm_interfaces/lib/python3.12/site-packages/lbot_arm_interfaces/srv/__init__.py'...
Compiling '/home/lzy/lbot_ws/install/lbot_arm_interfaces/lib/python3.12/site-packages/lbot_arm_interfaces/srv/_change_frame.py'...
Compiling '/home/lzy/lbot_ws/install/lbot_arm_interfaces/lib/python3.12/site-packages/lbot_arm_interfaces/srv/_delete_frame.py'...
Compiling '/home/lzy/lbot_ws/install/lbot_arm_interfaces/lib/python3.12/site-packages/lbot_arm_interfaces/srv/_forward_kinematics.py'...
Compiling '/home/lzy/lbot_ws/install/lbot_arm_interfaces/lib/python3.12/site-packages/lbot_arm_interfaces/srv/_get_all_frames.py'...
Compiling '/home/lzy/lbot_ws/install/lbot_arm_interfaces/lib/python3.12/site-packages/lbot_arm_interfaces/srv/_get_current_frame.py'...
Compiling '/home/lzy/lbot_ws/install/lbot_arm_interfaces/lib/python3.12/site-packages/lbot_arm_interfaces/srv/_get_frame.py'...
Compiling '/home/lzy/lbot_ws/install/lbot_arm_interfaces/lib/python3.12/site-packages/lbot_arm_interfaces/srv/_inverse_kinematics.py'...
Compiling '/home/lzy/lbot_ws/install/lbot_arm_interfaces/lib/python3.12/site-packages/lbot_arm_interfaces/srv/_move_c.py'...
Compiling '/home/lzy/lbot_ws/install/lbot_arm_interfaces/lib/python3.12/site-packages/lbot_arm_interfaces/srv/_move_j.py'...
Compiling '/home/lzy/lbot_ws/install/lbot_arm_interfaces/lib/python3.12/site-packages/lbot_arm_interfaces/srv/_move_jp.py'...
Compiling '/home/lzy/lbot_ws/install/lbot_arm_interfaces/lib/python3.12/site-packages/lbot_arm_interfaces/srv/_move_l.py'...
Compiling '/home/lzy/lbot_ws/install/lbot_arm_interfaces/lib/python3.12/site-packages/lbot_arm_interfaces/srv/_set_emergency.py'...
Compiling '/home/lzy/lbot_ws/install/lbot_arm_interfaces/lib/python3.12/site-packages/lbot_arm_interfaces/srv/_set_enable.py'...
Compiling '/home/lzy/lbot_ws/install/lbot_arm_interfaces/lib/python3.12/site-packages/lbot_arm_interfaces/srv/_set_frame.py'...
Compiling '/home/lzy/lbot_ws/install/lbot_arm_interfaces/lib/python3.12/site-packages/lbot_arm_interfaces/srv/_set_string.py'...
Compiling '/home/lzy/lbot_ws/install/lbot_arm_interfaces/lib/python3.12/site-packages/lbot_arm_interfaces/srv/_set_zero.py'...
-- Installing: /home/lzy/lbot_ws/install/lbot_arm_interfaces/lib/python3.12/site-packages/lbot_arm_interfaces/lbot_arm_interfaces_s__rosidl_typesupport_fastrtps_c.so
-- Set non-toolchain portion of runtime path of "/home/lzy/lbot_ws/install/lbot_arm_interfaces/lib/python3.12/site-packages/lbot_arm_interfaces/lbot_arm_interfaces_s__rosidl_typesupport_fastrtps_c.so" to ""
-- Installing: /home/lzy/lbot_ws/install/lbot_arm_interfaces/lib/python3.12/site-packages/lbot_arm_interfaces/lbot_arm_interfaces_s__rosidl_typesupport_introspection_c.so
-- Set non-toolchain portion of runtime path of "/home/lzy/lbot_ws/install/lbot_arm_interfaces/lib/python3.12/site-packages/lbot_arm_interfaces/lbot_arm_interfaces_s__rosidl_typesupport_introspection_c.so" to ""
-- Installing: /home/lzy/lbot_ws/install/lbot_arm_interfaces/lib/python3.12/site-packages/lbot_arm_interfaces/lbot_arm_interfaces_s__rosidl_typesupport_c.so
-- Set non-toolchain portion of runtime path of "/home/lzy/lbot_ws/install/lbot_arm_interfaces/lib/python3.12/site-packages/lbot_arm_interfaces/lbot_arm_interfaces_s__rosidl_typesupport_c.so" to ""
-- Installing: /home/lzy/lbot_ws/install/lbot_arm_interfaces/lib/liblbot_arm_interfaces__rosidl_generator_py.so
-- Set non-toolchain portion of runtime path of "/home/lzy/lbot_ws/install/lbot_arm_interfaces/lib/liblbot_arm_interfaces__rosidl_generator_py.so" to ""
-- Installing: /home/lzy/lbot_ws/install/lbot_arm_interfaces/share/ament_index/resource_index/rust_packages/lbot_arm_interfaces
-- Installing: /home/lzy/lbot_ws/install/lbot_arm_interfaces/share/lbot_arm_interfaces/rust
-- Installing: /home/lzy/lbot_ws/install/lbot_arm_interfaces/share/lbot_arm_interfaces/rust/build.rs
-- Installing: /home/lzy/lbot_ws/install/lbot_arm_interfaces/share/lbot_arm_interfaces/rust/Cargo.toml
-- Installing: /home/lzy/lbot_ws/install/lbot_arm_interfaces/share/lbot_arm_interfaces/rust/src
-- Installing: /home/lzy/lbot_ws/install/lbot_arm_interfaces/share/lbot_arm_interfaces/rust/src/msg
-- Installing: /home/lzy/lbot_ws/install/lbot_arm_interfaces/share/lbot_arm_interfaces/rust/src/msg/rmw.rs
-- Installing: /home/lzy/lbot_ws/install/lbot_arm_interfaces/share/lbot_arm_interfaces/rust/src/srv
-- Installing: /home/lzy/lbot_ws/install/lbot_arm_interfaces/share/lbot_arm_interfaces/rust/src/srv/rmw.rs
-- Installing: /home/lzy/lbot_ws/install/lbot_arm_interfaces/share/lbot_arm_interfaces/rust/src/srv.rs
-- Installing: /home/lzy/lbot_ws/install/lbot_arm_interfaces/share/lbot_arm_interfaces/rust/src/lib.rs
-- Installing: /home/lzy/lbot_ws/install/lbot_arm_interfaces/share/lbot_arm_interfaces/rust/src/msg.rs
-- Installing: /home/lzy/lbot_ws/install/lbot_arm_interfaces/share/lbot_arm_interfaces/srv/MoveJ.idl
-- Installing: /home/lzy/lbot_ws/install/lbot_arm_interfaces/share/lbot_arm_interfaces/srv/MoveL.idl
-- Installing: /home/lzy/lbot_ws/install/lbot_arm_interfaces/share/lbot_arm_interfaces/srv/MoveC.idl
-- Installing: /home/lzy/lbot_ws/install/lbot_arm_interfaces/share/lbot_arm_interfaces/srv/MoveJP.idl
-- Installing: /home/lzy/lbot_ws/install/lbot_arm_interfaces/share/lbot_arm_interfaces/srv/InverseKinematics.idl
-- Installing: /home/lzy/lbot_ws/install/lbot_arm_interfaces/share/lbot_arm_interfaces/srv/ForwardKinematics.idl
-- Installing: /home/lzy/lbot_ws/install/lbot_arm_interfaces/share/lbot_arm_interfaces/srv/SetFrame.idl
-- Installing: /home/lzy/lbot_ws/install/lbot_arm_interfaces/share/lbot_arm_interfaces/srv/SetString.idl
-- Installing: /home/lzy/lbot_ws/install/lbot_arm_interfaces/share/lbot_arm_interfaces/srv/GetFrame.idl
-- Installing: /home/lzy/lbot_ws/install/lbot_arm_interfaces/share/lbot_arm_interfaces/srv/GetCurrentFrame.idl
-- Installing: /home/lzy/lbot_ws/install/lbot_arm_interfaces/share/lbot_arm_interfaces/srv/ChangeFrame.idl
-- Installing: /home/lzy/lbot_ws/install/lbot_arm_interfaces/share/lbot_arm_interfaces/srv/DeleteFrame.idl
-- Installing: /home/lzy/lbot_ws/install/lbot_arm_interfaces/share/lbot_arm_interfaces/srv/GetAllFrames.idl
-- Installing: /home/lzy/lbot_ws/install/lbot_arm_interfaces/share/lbot_arm_interfaces/srv/SetZero.idl
-- Installing: /home/lzy/lbot_ws/install/lbot_arm_interfaces/share/lbot_arm_interfaces/srv/SetEmergency.idl
-- Installing: /home/lzy/lbot_ws/install/lbot_arm_interfaces/share/lbot_arm_interfaces/srv/SetEnable.idl
-- Installing: /home/lzy/lbot_ws/install/lbot_arm_interfaces/share/lbot_arm_interfaces/msg/ArmState.idl
-- Installing: /home/lzy/lbot_ws/install/lbot_arm_interfaces/share/lbot_arm_interfaces/msg/LbotPose.idl
-- Installing: /home/lzy/lbot_ws/install/lbot_arm_interfaces/share/lbot_arm_interfaces/msg/LbotFrame.idl
-- Installing: /home/lzy/lbot_ws/install/lbot_arm_interfaces/share/lbot_arm_interfaces/msg/FollowJoint.idl
-- Installing: /home/lzy/lbot_ws/install/lbot_arm_interfaces/share/lbot_arm_interfaces/srv/MoveJ.srv
-- Installing: /home/lzy/lbot_ws/install/lbot_arm_interfaces/share/lbot_arm_interfaces/srv/MoveL.srv
-- Installing: /home/lzy/lbot_ws/install/lbot_arm_interfaces/share/lbot_arm_interfaces/srv/MoveC.srv
-- Installing: /home/lzy/lbot_ws/install/lbot_arm_interfaces/share/lbot_arm_interfaces/srv/MoveJP.srv
-- Installing: /home/lzy/lbot_ws/install/lbot_arm_interfaces/share/lbot_arm_interfaces/srv/InverseKinematics.srv
-- Installing: /home/lzy/lbot_ws/install/lbot_arm_interfaces/share/lbot_arm_interfaces/srv/ForwardKinematics.srv
-- Installing: /home/lzy/lbot_ws/install/lbot_arm_interfaces/share/lbot_arm_interfaces/srv/SetFrame.srv
-- Installing: /home/lzy/lbot_ws/install/lbot_arm_interfaces/share/lbot_arm_interfaces/srv/SetString.srv
-- Installing: /home/lzy/lbot_ws/install/lbot_arm_interfaces/share/lbot_arm_interfaces/srv/GetFrame.srv
-- Installing: /home/lzy/lbot_ws/install/lbot_arm_interfaces/share/lbot_arm_interfaces/srv/GetCurrentFrame.srv
-- Installing: /home/lzy/lbot_ws/install/lbot_arm_interfaces/share/lbot_arm_interfaces/srv/ChangeFrame.srv
-- Installing: /home/lzy/lbot_ws/install/lbot_arm_interfaces/share/lbot_arm_interfaces/srv/DeleteFrame.srv
-- Installing: /home/lzy/lbot_ws/install/lbot_arm_interfaces/share/lbot_arm_interfaces/srv/GetAllFrames.srv
-- Installing: /home/lzy/lbot_ws/install/lbot_arm_interfaces/share/lbot_arm_interfaces/srv/SetZero.srv
-- Installing: /home/lzy/lbot_ws/install/lbot_arm_interfaces/share/lbot_arm_interfaces/srv/SetEmergency.srv
-- Installing: /home/lzy/lbot_ws/install/lbot_arm_interfaces/share/lbot_arm_interfaces/srv/SetEnable.srv
-- Installing: /home/lzy/lbot_ws/install/lbot_arm_interfaces/share/lbot_arm_interfaces/msg/ArmState.msg
-- Installing: /home/lzy/lbot_ws/install/lbot_arm_interfaces/share/lbot_arm_interfaces/msg/LbotPose.msg
-- Installing: /home/lzy/lbot_ws/install/lbot_arm_interfaces/share/lbot_arm_interfaces/msg/LbotFrame.msg
-- Installing: /home/lzy/lbot_ws/install/lbot_arm_interfaces/share/lbot_arm_interfaces/msg/FollowJoint.msg
-- Installing: /home/lzy/lbot_ws/install/lbot_arm_interfaces/share/ament_index/resource_index/package_run_dependencies/lbot_arm_interfaces
-- Installing: /home/lzy/lbot_ws/install/lbot_arm_interfaces/share/ament_index/resource_index/parent_prefix_path/lbot_arm_interfaces
-- Installing: /home/lzy/lbot_ws/install/lbot_arm_interfaces/share/lbot_arm_interfaces/environment/ament_prefix_path.sh
-- Installing: /home/lzy/lbot_ws/install/lbot_arm_interfaces/share/lbot_arm_interfaces/environment/ament_prefix_path.dsv
-- Installing: /home/lzy/lbot_ws/install/lbot_arm_interfaces/share/lbot_arm_interfaces/environment/path.sh
-- Installing: /home/lzy/lbot_ws/install/lbot_arm_interfaces/share/lbot_arm_interfaces/environment/path.dsv
-- Installing: /home/lzy/lbot_ws/install/lbot_arm_interfaces/share/lbot_arm_interfaces/local_setup.bash
-- Installing: /home/lzy/lbot_ws/install/lbot_arm_interfaces/share/lbot_arm_interfaces/local_setup.sh
-- Installing: /home/lzy/lbot_ws/install/lbot_arm_interfaces/share/lbot_arm_interfaces/local_setup.zsh
-- Installing: /home/lzy/lbot_ws/install/lbot_arm_interfaces/share/lbot_arm_interfaces/local_setup.dsv
-- Installing: /home/lzy/lbot_ws/install/lbot_arm_interfaces/share/lbot_arm_interfaces/package.dsv
-- Installing: /home/lzy/lbot_ws/install/lbot_arm_interfaces/share/ament_index/resource_index/packages/lbot_arm_interfaces
-- Installing: /home/lzy/lbot_ws/install/lbot_arm_interfaces/share/lbot_arm_interfaces/cmake/export_lbot_arm_interfaces__rosidl_generator_cExport.cmake
-- Installing: /home/lzy/lbot_ws/install/lbot_arm_interfaces/share/lbot_arm_interfaces/cmake/export_lbot_arm_interfaces__rosidl_generator_cExport-noconfig.cmake
-- Installing: /home/lzy/lbot_ws/install/lbot_arm_interfaces/share/lbot_arm_interfaces/cmake/export_lbot_arm_interfaces__rosidl_typesupport_fastrtps_cExport.cmake
-- Installing: /home/lzy/lbot_ws/install/lbot_arm_interfaces/share/lbot_arm_interfaces/cmake/export_lbot_arm_interfaces__rosidl_typesupport_fastrtps_cExport-noconfig.cmake
-- Installing: /home/lzy/lbot_ws/install/lbot_arm_interfaces/share/lbot_arm_interfaces/cmake/export_lbot_arm_interfaces__rosidl_generator_cppExport.cmake
-- Installing: /home/lzy/lbot_ws/install/lbot_arm_interfaces/share/lbot_arm_interfaces/cmake/export_lbot_arm_interfaces__rosidl_typesupport_fastrtps_cppExport.cmake
-- Installing: /home/lzy/lbot_ws/install/lbot_arm_interfaces/share/lbot_arm_interfaces/cmake/export_lbot_arm_interfaces__rosidl_typesupport_fastrtps_cppExport-noconfig.cmake
-- Installing: /home/lzy/lbot_ws/install/lbot_arm_interfaces/share/lbot_arm_interfaces/cmake/lbot_arm_interfaces__rosidl_typesupport_introspection_cExport.cmake
-- Installing: /home/lzy/lbot_ws/install/lbot_arm_interfaces/share/lbot_arm_interfaces/cmake/lbot_arm_interfaces__rosidl_typesupport_introspection_cExport-noconfig.cmake
-- Installing: /home/lzy/lbot_ws/install/lbot_arm_interfaces/share/lbot_arm_interfaces/cmake/lbot_arm_interfaces__rosidl_typesupport_cExport.cmake
-- Installing: /home/lzy/lbot_ws/install/lbot_arm_interfaces/share/lbot_arm_interfaces/cmake/lbot_arm_interfaces__rosidl_typesupport_cExport-noconfig.cmake
-- Installing: /home/lzy/lbot_ws/install/lbot_arm_interfaces/share/lbot_arm_interfaces/cmake/lbot_arm_interfaces__rosidl_typesupport_introspection_cppExport.cmake
-- Installing: /home/lzy/lbot_ws/install/lbot_arm_interfaces/share/lbot_arm_interfaces/cmake/lbot_arm_interfaces__rosidl_typesupport_introspection_cppExport-noconfig.cmake
-- Installing: /home/lzy/lbot_ws/install/lbot_arm_interfaces/share/lbot_arm_interfaces/cmake/lbot_arm_interfaces__rosidl_typesupport_cppExport.cmake
-- Installing: /home/lzy/lbot_ws/install/lbot_arm_interfaces/share/lbot_arm_interfaces/cmake/lbot_arm_interfaces__rosidl_typesupport_cppExport-noconfig.cmake
-- Installing: /home/lzy/lbot_ws/install/lbot_arm_interfaces/share/lbot_arm_interfaces/cmake/export_lbot_arm_interfaces__rosidl_generator_pyExport.cmake
-- Installing: /home/lzy/lbot_ws/install/lbot_arm_interfaces/share/lbot_arm_interfaces/cmake/export_lbot_arm_interfaces__rosidl_generator_pyExport-noconfig.cmake
-- Installing: /home/lzy/lbot_ws/install/lbot_arm_interfaces/share/lbot_arm_interfaces/cmake/rosidl_cmake-extras.cmake
-- Installing: /home/lzy/lbot_ws/install/lbot_arm_interfaces/share/lbot_arm_interfaces/cmake/ament_cmake_export_dependencies-extras.cmake
-- Installing: /home/lzy/lbot_ws/install/lbot_arm_interfaces/share/lbot_arm_interfaces/cmake/ament_cmake_export_include_directories-extras.cmake
-- Installing: /home/lzy/lbot_ws/install/lbot_arm_interfaces/share/lbot_arm_interfaces/cmake/ament_cmake_export_libraries-extras.cmake
-- Installing: /home/lzy/lbot_ws/install/lbot_arm_interfaces/share/lbot_arm_interfaces/cmake/ament_cmake_export_targets-extras.cmake
-- Installing: /home/lzy/lbot_ws/install/lbot_arm_interfaces/share/lbot_arm_interfaces/cmake/rosidl_cmake_export_typesupport_targets-extras.cmake
-- Installing: /home/lzy/lbot_ws/install/lbot_arm_interfaces/share/lbot_arm_interfaces/cmake/rosidl_cmake_export_typesupport_libraries-extras.cmake
-- Installing: /home/lzy/lbot_ws/install/lbot_arm_interfaces/share/lbot_arm_interfaces/cmake/rosidl_cmake_aggregate_target-extras.cmake
-- Installing: /home/lzy/lbot_ws/install/lbot_arm_interfaces/share/lbot_arm_interfaces/cmake/lbot_arm_interfacesConfig.cmake
-- Installing: /home/lzy/lbot_ws/install/lbot_arm_interfaces/share/lbot_arm_interfaces/cmake/lbot_arm_interfacesConfig-version.cmake
-- Installing: /home/lzy/lbot_ws/install/lbot_arm_interfaces/share/lbot_arm_interfaces/package.xml
