[0.009s] Invoking command in '/home/lzy/lbot_ws/build/lbot_arm_interfaces': CMAKE_PREFIX_PATH=${CMAKE_PREFIX_PATH}:/opt/ros/jazzy /usr/bin/cmake /home/lzy/lbot_ws/src/lbot_arm_interfaces -DCMAKE_INSTALL_PREFIX=/home/lzy/lbot_ws/install/lbot_arm_interfaces
[0.153s] -- The C compiler identification is GNU 13.3.0
[0.448s] -- The CXX compiler identification is GNU 13.3.0
[0.696s] -- Detecting C compiler ABI info
[0.812s] -- Detecting C compiler ABI info - done
[0.816s] -- Check for working C compiler: /usr/bin/cc - skipped
[0.817s] -- Detecting C compile features
[0.817s] -- Detecting C compile features - done
[0.858s] -- Detecting CXX compiler ABI info
[0.973s] -- Detecting CXX compiler ABI info - done
[0.978s] -- Check for working CXX compiler: /usr/bin/c++ - skipped
[0.978s] -- Detecting CXX compile features
[0.978s] -- Detecting CXX compile features - done
[0.981s] -- Found ament_cmake: 2.5.6 (/opt/ros/jazzy/share/ament_cmake/cmake)
[1.061s] -- Found Python3: /usr/bin/python3 (found version "3.12.3") found components: Interpreter 
[1.135s] -- Found geometry_msgs: 5.3.8 (/opt/ros/jazzy/share/geometry_msgs/cmake)
[1.221s] -- Found rosidl_generator_c: 4.6.9 (/opt/ros/jazzy/share/rosidl_generator_c/cmake)
[1.230s] -- Found rosidl_generator_cpp: 4.6.9 (/opt/ros/jazzy/share/rosidl_generator_cpp/cmake)
[1.244s] -- Using all available rosidl_typesupport_c: rosidl_typesupport_fastrtps_c;rosidl_typesupport_introspection_c
[1.258s] -- Using all available rosidl_typesupport_cpp: rosidl_typesupport_fastrtps_cpp;rosidl_typesupport_introspection_cpp
[1.296s] -- Found sensor_msgs: 5.3.8 (/opt/ros/jazzy/share/sensor_msgs/cmake)
[1.324s] -- Found rosidl_default_generators: 1.6.1 (/opt/ros/jazzy/share/rosidl_default_generators/cmake)
[1.337s] -- Found rosidl_adapter: 4.6.9 (/opt/ros/jazzy/share/rosidl_adapter/cmake)
[1.754s] -- Found ament_cmake_ros: 0.12.1 (/opt/ros/jazzy/share/ament_cmake_ros/cmake)
[2.229s] -- Using all available rosidl_typesupport_c: rosidl_typesupport_fastrtps_c;rosidl_typesupport_introspection_c
[2.420s] -- Using all available rosidl_typesupport_cpp: rosidl_typesupport_fastrtps_cpp;rosidl_typesupport_introspection_cpp
[2.423s] -- Found python_cmake_module: 0.11.1 (/opt/ros/jazzy/share/python_cmake_module/cmake)
[2.493s] -- Found PythonExtra: /usr/bin/python3  
[2.777s] -- Found Python3: /usr/bin/python3 (found version "3.12.3") found components: Interpreter Development NumPy Development.Module Development.Embed 
[2.849s] -- Found Python3: /usr/bin/python3 (found version "3.12.3") found components: Interpreter 
[2.852s] -- Found ament_lint_auto: 0.17.5 (/opt/ros/jazzy/share/ament_lint_auto/cmake)
[2.873s] -- Added test 'copyright' to check source files copyright and LICENSE
[2.875s] -- Added test 'lint_cmake' to check CMake code style
[2.876s] -- Added test 'xmllint' to check XML markup files
[2.879s] -- Configuring done (2.8s)
[2.922s] -- Generating done (0.0s)
[2.928s] -- Build files have been written to: /home/lzy/lbot_ws/build/lbot_arm_interfaces
[2.937s] Invoked command in '/home/lzy/lbot_ws/build/lbot_arm_interfaces' returned '0': CMAKE_PREFIX_PATH=${CMAKE_PREFIX_PATH}:/opt/ros/jazzy /usr/bin/cmake /home/lzy/lbot_ws/src/lbot_arm_interfaces -DCMAKE_INSTALL_PREFIX=/home/lzy/lbot_ws/install/lbot_arm_interfaces
[2.937s] Invoking command in '/home/lzy/lbot_ws/build/lbot_arm_interfaces': CMAKE_PREFIX_PATH=${CMAKE_PREFIX_PATH}:/opt/ros/jazzy /usr/bin/cmake --build /home/lzy/lbot_ws/build/lbot_arm_interfaces -- -j24 -l24
[2.968s] [  1%] [34m[1mGenerating type hashes for ROS interfaces[0m
[2.968s] [  2%] [34m[1mGenerating Rust code for ROS interfaces[0m
[2.972s] [  2%] Built target ament_cmake_python_copy_lbot_arm_interfaces
[3.078s] running egg_info
[3.079s] creating lbot_arm_interfaces.egg-info
[3.087s] writing lbot_arm_interfaces.egg-info/PKG-INFO
[3.087s] writing dependency_links to lbot_arm_interfaces.egg-info/dependency_links.txt
[3.087s] writing top-level names to lbot_arm_interfaces.egg-info/top_level.txt
[3.087s] writing manifest file 'lbot_arm_interfaces.egg-info/SOURCES.txt'
[3.110s] reading manifest file 'lbot_arm_interfaces.egg-info/SOURCES.txt'
[3.110s] writing manifest file 'lbot_arm_interfaces.egg-info/SOURCES.txt'
[3.125s] [  2%] Built target ament_cmake_python_build_lbot_arm_interfaces_egg
[3.158s] [  2%] Built target lbot_arm_interfaces__rosidl_generator_type_description
[3.164s] [  3%] [34m[1mGenerating C code for ROS interfaces[0m
[3.169s] [  3%] [34m[1mGenerating C++ code for ROS interfaces[0m
[3.187s] [  3%] Built target lbot_arm_interfaces__rs
[3.836s] [  3%] Built target lbot_arm_interfaces__cpp
[4.006s] [  3%] [32mBuilding C object CMakeFiles/lbot_arm_interfaces__rosidl_generator_c.dir/rosidl_generator_c/lbot_arm_interfaces/srv/detail/move_j__description.c.o[0m
[4.007s] [  3%] [32mBuilding C object CMakeFiles/lbot_arm_interfaces__rosidl_generator_c.dir/rosidl_generator_c/lbot_arm_interfaces/srv/detail/move_j__type_support.c.o[0m
[4.007s] [  4%] [32mBuilding C object CMakeFiles/lbot_arm_interfaces__rosidl_generator_c.dir/rosidl_generator_c/lbot_arm_interfaces/srv/detail/move_l__description.c.o[0m
[4.007s] [  5%] [32mBuilding C object CMakeFiles/lbot_arm_interfaces__rosidl_generator_c.dir/rosidl_generator_c/lbot_arm_interfaces/srv/detail/move_j__functions.c.o[0m
[4.007s] [  5%] [32mBuilding C object CMakeFiles/lbot_arm_interfaces__rosidl_generator_c.dir/rosidl_generator_c/lbot_arm_interfaces/srv/detail/move_l__functions.c.o[0m
[4.007s] [  5%] [32mBuilding C object CMakeFiles/lbot_arm_interfaces__rosidl_generator_c.dir/rosidl_generator_c/lbot_arm_interfaces/srv/detail/move_c__description.c.o[0m
[4.007s] [  6%] [32mBuilding C object CMakeFiles/lbot_arm_interfaces__rosidl_generator_c.dir/rosidl_generator_c/lbot_arm_interfaces/srv/detail/move_l__type_support.c.o[0m
[4.008s] [  6%] [32mBuilding C object CMakeFiles/lbot_arm_interfaces__rosidl_generator_c.dir/rosidl_generator_c/lbot_arm_interfaces/srv/detail/move_c__functions.c.o[0m
[4.008s] [  7%] [32mBuilding C object CMakeFiles/lbot_arm_interfaces__rosidl_generator_c.dir/rosidl_generator_c/lbot_arm_interfaces/srv/detail/move_c__type_support.c.o[0m
[4.008s] [  7%] [32mBuilding C object CMakeFiles/lbot_arm_interfaces__rosidl_generator_c.dir/rosidl_generator_c/lbot_arm_interfaces/srv/detail/move_jp__description.c.o[0m
[4.009s] [  8%] [32mBuilding C object CMakeFiles/lbot_arm_interfaces__rosidl_generator_c.dir/rosidl_generator_c/lbot_arm_interfaces/srv/detail/move_jp__type_support.c.o[0m
[4.009s] [  8%] [32mBuilding C object CMakeFiles/lbot_arm_interfaces__rosidl_generator_c.dir/rosidl_generator_c/lbot_arm_interfaces/srv/detail/move_jp__functions.c.o[0m
[4.011s] [  9%] [32mBuilding C object CMakeFiles/lbot_arm_interfaces__rosidl_generator_c.dir/rosidl_generator_c/lbot_arm_interfaces/srv/detail/inverse_kinematics__description.c.o[0m
[4.017s] [ 10%] [32mBuilding C object CMakeFiles/lbot_arm_interfaces__rosidl_generator_c.dir/rosidl_generator_c/lbot_arm_interfaces/srv/detail/inverse_kinematics__type_support.c.o[0m
[4.018s] [ 10%] [32mBuilding C object CMakeFiles/lbot_arm_interfaces__rosidl_generator_c.dir/rosidl_generator_c/lbot_arm_interfaces/srv/detail/inverse_kinematics__functions.c.o[0m
[4.018s] [ 11%] [32mBuilding C object CMakeFiles/lbot_arm_interfaces__rosidl_generator_c.dir/rosidl_generator_c/lbot_arm_interfaces/srv/detail/forward_kinematics__type_support.c.o[0m
[4.020s] [ 11%] [32mBuilding C object CMakeFiles/lbot_arm_interfaces__rosidl_generator_c.dir/rosidl_generator_c/lbot_arm_interfaces/srv/detail/forward_kinematics__functions.c.o[0m
[4.020s] [ 12%] [32mBuilding C object CMakeFiles/lbot_arm_interfaces__rosidl_generator_c.dir/rosidl_generator_c/lbot_arm_interfaces/srv/detail/set_frame__type_support.c.o[0m
[4.021s] [ 12%] [32mBuilding C object CMakeFiles/lbot_arm_interfaces__rosidl_generator_c.dir/rosidl_generator_c/lbot_arm_interfaces/srv/detail/forward_kinematics__description.c.o[0m
[4.021s] [ 12%] [32mBuilding C object CMakeFiles/lbot_arm_interfaces__rosidl_generator_c.dir/rosidl_generator_c/lbot_arm_interfaces/srv/detail/set_frame__description.c.o[0m
[4.021s] [ 13%] [32mBuilding C object CMakeFiles/lbot_arm_interfaces__rosidl_generator_c.dir/rosidl_generator_c/lbot_arm_interfaces/srv/detail/set_string__description.c.o[0m
[4.021s] [ 13%] [32mBuilding C object CMakeFiles/lbot_arm_interfaces__rosidl_generator_c.dir/rosidl_generator_c/lbot_arm_interfaces/srv/detail/set_frame__functions.c.o[0m
[4.021s] [ 13%] [32mBuilding C object CMakeFiles/lbot_arm_interfaces__rosidl_generator_c.dir/rosidl_generator_c/lbot_arm_interfaces/srv/detail/set_string__functions.c.o[0m
[4.021s] [ 14%] [32mBuilding C object CMakeFiles/lbot_arm_interfaces__rosidl_generator_c.dir/rosidl_generator_c/lbot_arm_interfaces/srv/detail/set_string__type_support.c.o[0m
[4.074s] [ 14%] [32mBuilding C object CMakeFiles/lbot_arm_interfaces__rosidl_generator_c.dir/rosidl_generator_c/lbot_arm_interfaces/srv/detail/get_frame__description.c.o[0m
[4.074s] [ 14%] [32mBuilding C object CMakeFiles/lbot_arm_interfaces__rosidl_generator_c.dir/rosidl_generator_c/lbot_arm_interfaces/srv/detail/get_current_frame__description.c.o[0m
[4.074s] [ 14%] [32mBuilding C object CMakeFiles/lbot_arm_interfaces__rosidl_generator_c.dir/rosidl_generator_c/lbot_arm_interfaces/srv/detail/get_frame__functions.c.o[0m
[4.074s] [ 15%] [32mBuilding C object CMakeFiles/lbot_arm_interfaces__rosidl_generator_c.dir/rosidl_generator_c/lbot_arm_interfaces/srv/detail/get_frame__type_support.c.o[0m
[4.074s] [ 16%] [32mBuilding C object CMakeFiles/lbot_arm_interfaces__rosidl_generator_c.dir/rosidl_generator_c/lbot_arm_interfaces/srv/detail/get_current_frame__functions.c.o[0m
[4.074s] [ 17%] [32mBuilding C object CMakeFiles/lbot_arm_interfaces__rosidl_generator_c.dir/rosidl_generator_c/lbot_arm_interfaces/srv/detail/change_frame__description.c.o[0m
[4.076s] [ 17%] [32mBuilding C object CMakeFiles/lbot_arm_interfaces__rosidl_generator_c.dir/rosidl_generator_c/lbot_arm_interfaces/srv/detail/get_current_frame__type_support.c.o[0m
[4.077s] [ 17%] [32mBuilding C object CMakeFiles/lbot_arm_interfaces__rosidl_generator_c.dir/rosidl_generator_c/lbot_arm_interfaces/srv/detail/change_frame__functions.c.o[0m
[4.090s] [ 18%] [32mBuilding C object CMakeFiles/lbot_arm_interfaces__rosidl_generator_c.dir/rosidl_generator_c/lbot_arm_interfaces/srv/detail/change_frame__type_support.c.o[0m
[4.090s] [ 18%] [32mBuilding C object CMakeFiles/lbot_arm_interfaces__rosidl_generator_c.dir/rosidl_generator_c/lbot_arm_interfaces/srv/detail/delete_frame__description.c.o[0m
[4.090s] [ 18%] [32mBuilding C object CMakeFiles/lbot_arm_interfaces__rosidl_generator_c.dir/rosidl_generator_c/lbot_arm_interfaces/srv/detail/delete_frame__functions.c.o[0m
[4.097s] [ 19%] [32mBuilding C object CMakeFiles/lbot_arm_interfaces__rosidl_generator_c.dir/rosidl_generator_c/lbot_arm_interfaces/srv/detail/delete_frame__type_support.c.o[0m
[4.102s] [ 19%] [32mBuilding C object CMakeFiles/lbot_arm_interfaces__rosidl_generator_c.dir/rosidl_generator_c/lbot_arm_interfaces/srv/detail/get_all_frames__description.c.o[0m
[4.102s] [ 20%] [32mBuilding C object CMakeFiles/lbot_arm_interfaces__rosidl_generator_c.dir/rosidl_generator_c/lbot_arm_interfaces/srv/detail/get_all_frames__functions.c.o[0m
[4.102s] [ 20%] [32mBuilding C object CMakeFiles/lbot_arm_interfaces__rosidl_generator_c.dir/rosidl_generator_c/lbot_arm_interfaces/srv/detail/get_all_frames__type_support.c.o[0m
[4.102s] [ 21%] [32mBuilding C object CMakeFiles/lbot_arm_interfaces__rosidl_generator_c.dir/rosidl_generator_c/lbot_arm_interfaces/srv/detail/set_zero__description.c.o[0m
[4.103s] [ 21%] [32mBuilding C object CMakeFiles/lbot_arm_interfaces__rosidl_generator_c.dir/rosidl_generator_c/lbot_arm_interfaces/srv/detail/set_zero__functions.c.o[0m
[4.106s] [ 22%] [32mBuilding C object CMakeFiles/lbot_arm_interfaces__rosidl_generator_c.dir/rosidl_generator_c/lbot_arm_interfaces/srv/detail/set_zero__type_support.c.o[0m
[4.106s] [ 22%] [32mBuilding C object CMakeFiles/lbot_arm_interfaces__rosidl_generator_c.dir/rosidl_generator_c/lbot_arm_interfaces/srv/detail/set_emergency__description.c.o[0m
[4.109s] [ 23%] [32mBuilding C object CMakeFiles/lbot_arm_interfaces__rosidl_generator_c.dir/rosidl_generator_c/lbot_arm_interfaces/srv/detail/set_emergency__type_support.c.o[0m
[4.109s] [ 23%] [32mBuilding C object CMakeFiles/lbot_arm_interfaces__rosidl_generator_c.dir/rosidl_generator_c/lbot_arm_interfaces/srv/detail/set_emergency__functions.c.o[0m
[4.110s] [ 23%] [32mBuilding C object CMakeFiles/lbot_arm_interfaces__rosidl_generator_c.dir/rosidl_generator_c/lbot_arm_interfaces/srv/detail/set_enable__description.c.o[0m
[4.111s] [ 24%] [32mBuilding C object CMakeFiles/lbot_arm_interfaces__rosidl_generator_c.dir/rosidl_generator_c/lbot_arm_interfaces/srv/detail/set_enable__functions.c.o[0m
[4.118s] [ 24%] [32mBuilding C object CMakeFiles/lbot_arm_interfaces__rosidl_generator_c.dir/rosidl_generator_c/lbot_arm_interfaces/srv/detail/set_enable__type_support.c.o[0m
[4.118s] [ 25%] [32mBuilding C object CMakeFiles/lbot_arm_interfaces__rosidl_generator_c.dir/rosidl_generator_c/lbot_arm_interfaces/msg/detail/arm_state__description.c.o[0m
[4.118s] [ 25%] [32mBuilding C object CMakeFiles/lbot_arm_interfaces__rosidl_generator_c.dir/rosidl_generator_c/lbot_arm_interfaces/msg/detail/arm_state__functions.c.o[0m
[4.118s] [ 26%] [32mBuilding C object CMakeFiles/lbot_arm_interfaces__rosidl_generator_c.dir/rosidl_generator_c/lbot_arm_interfaces/msg/detail/arm_state__type_support.c.o[0m
[4.120s] [ 26%] [32mBuilding C object CMakeFiles/lbot_arm_interfaces__rosidl_generator_c.dir/rosidl_generator_c/lbot_arm_interfaces/msg/detail/lbot_pose__description.c.o[0m
[4.120s] [ 26%] [32mBuilding C object CMakeFiles/lbot_arm_interfaces__rosidl_generator_c.dir/rosidl_generator_c/lbot_arm_interfaces/msg/detail/lbot_pose__functions.c.o[0m
[4.122s] [ 27%] [32mBuilding C object CMakeFiles/lbot_arm_interfaces__rosidl_generator_c.dir/rosidl_generator_c/lbot_arm_interfaces/msg/detail/lbot_pose__type_support.c.o[0m
[4.124s] [ 27%] [32mBuilding C object CMakeFiles/lbot_arm_interfaces__rosidl_generator_c.dir/rosidl_generator_c/lbot_arm_interfaces/msg/detail/lbot_frame__description.c.o[0m
[4.126s] [ 28%] [32mBuilding C object CMakeFiles/lbot_arm_interfaces__rosidl_generator_c.dir/rosidl_generator_c/lbot_arm_interfaces/msg/detail/lbot_frame__functions.c.o[0m
[4.129s] [ 28%] [32mBuilding C object CMakeFiles/lbot_arm_interfaces__rosidl_generator_c.dir/rosidl_generator_c/lbot_arm_interfaces/msg/detail/lbot_frame__type_support.c.o[0m
[4.130s] [ 28%] [32mBuilding C object CMakeFiles/lbot_arm_interfaces__rosidl_generator_c.dir/rosidl_generator_c/lbot_arm_interfaces/msg/detail/follow_joint__functions.c.o[0m
[4.130s] [ 29%] [32mBuilding C object CMakeFiles/lbot_arm_interfaces__rosidl_generator_c.dir/rosidl_generator_c/lbot_arm_interfaces/msg/detail/follow_joint__description.c.o[0m
[4.135s] [ 30%] [32mBuilding C object CMakeFiles/lbot_arm_interfaces__rosidl_generator_c.dir/rosidl_generator_c/lbot_arm_interfaces/msg/detail/follow_joint__type_support.c.o[0m
[4.160s] [ 30%] [32m[1mLinking C shared library liblbot_arm_interfaces__rosidl_generator_c.so[0m
[4.229s] [ 30%] Built target lbot_arm_interfaces__rosidl_generator_c
[4.236s] [ 32%] [34m[1mGenerating C++ type support for eProsima Fast-RTPS[0m
[4.236s] [ 32%] [34m[1mGenerating C introspection for ROS interfaces[0m
[4.236s] [ 32%] [34m[1mGenerating C type support for eProsima Fast-RTPS[0m
[4.236s] [ 32%] [34m[1mGenerating C++ introspection for ROS interfaces[0m
[4.236s] [ 32%] [34m[1mGenerating C++ type support dispatch for ROS interfaces[0m
[4.236s] [ 32%] [34m[1mGenerating C type support dispatch for ROS interfaces[0m
[4.576s] [ 34%] [32mBuilding CXX object CMakeFiles/lbot_arm_interfaces__rosidl_typesupport_c.dir/rosidl_typesupport_c/lbot_arm_interfaces/srv/move_j__type_support.cpp.o[0m
[4.576s] [ 34%] [32mBuilding CXX object CMakeFiles/lbot_arm_interfaces__rosidl_typesupport_c.dir/rosidl_typesupport_c/lbot_arm_interfaces/srv/move_c__type_support.cpp.o[0m
[4.576s] [ 34%] [32mBuilding CXX object CMakeFiles/lbot_arm_interfaces__rosidl_typesupport_c.dir/rosidl_typesupport_c/lbot_arm_interfaces/srv/move_l__type_support.cpp.o[0m
[4.577s] [ 34%] [32mBuilding CXX object CMakeFiles/lbot_arm_interfaces__rosidl_typesupport_c.dir/rosidl_typesupport_c/lbot_arm_interfaces/srv/move_jp__type_support.cpp.o[0m
[4.577s] [ 34%] [32mBuilding CXX object CMakeFiles/lbot_arm_interfaces__rosidl_typesupport_c.dir/rosidl_typesupport_c/lbot_arm_interfaces/srv/set_frame__type_support.cpp.o[0m
[4.577s] [ 34%] [32mBuilding CXX object CMakeFiles/lbot_arm_interfaces__rosidl_typesupport_c.dir/rosidl_typesupport_c/lbot_arm_interfaces/srv/inverse_kinematics__type_support.cpp.o[0m
[4.577s] [ 35%] [32mBuilding CXX object CMakeFiles/lbot_arm_interfaces__rosidl_typesupport_c.dir/rosidl_typesupport_c/lbot_arm_interfaces/srv/forward_kinematics__type_support.cpp.o[0m
[4.578s] [ 36%] [32mBuilding CXX object CMakeFiles/lbot_arm_interfaces__rosidl_typesupport_c.dir/rosidl_typesupport_c/lbot_arm_interfaces/srv/set_string__type_support.cpp.o[0m
[4.578s] [ 36%] [32mBuilding CXX object CMakeFiles/lbot_arm_interfaces__rosidl_typesupport_c.dir/rosidl_typesupport_c/lbot_arm_interfaces/srv/get_frame__type_support.cpp.o[0m
[4.579s] [ 37%] [32mBuilding CXX object CMakeFiles/lbot_arm_interfaces__rosidl_typesupport_c.dir/rosidl_typesupport_c/lbot_arm_interfaces/srv/get_current_frame__type_support.cpp.o[0m
[4.583s] [ 37%] [32mBuilding CXX object CMakeFiles/lbot_arm_interfaces__rosidl_typesupport_c.dir/rosidl_typesupport_c/lbot_arm_interfaces/srv/change_frame__type_support.cpp.o[0m
[4.583s] [ 38%] [32mBuilding CXX object CMakeFiles/lbot_arm_interfaces__rosidl_typesupport_c.dir/rosidl_typesupport_c/lbot_arm_interfaces/srv/delete_frame__type_support.cpp.o[0m
[4.586s] [ 38%] [32mBuilding CXX object CMakeFiles/lbot_arm_interfaces__rosidl_typesupport_c.dir/rosidl_typesupport_c/lbot_arm_interfaces/srv/get_all_frames__type_support.cpp.o[0m
[4.586s] [ 38%] [32mBuilding CXX object CMakeFiles/lbot_arm_interfaces__rosidl_typesupport_c.dir/rosidl_typesupport_c/lbot_arm_interfaces/srv/set_enable__type_support.cpp.o[0m
[4.586s] [ 39%] [32mBuilding CXX object CMakeFiles/lbot_arm_interfaces__rosidl_typesupport_c.dir/rosidl_typesupport_c/lbot_arm_interfaces/msg/arm_state__type_support.cpp.o[0m
[4.586s] [ 39%] [32mBuilding CXX object CMakeFiles/lbot_arm_interfaces__rosidl_typesupport_c.dir/rosidl_typesupport_c/lbot_arm_interfaces/srv/set_zero__type_support.cpp.o[0m
[4.590s] [ 40%] [32mBuilding CXX object CMakeFiles/lbot_arm_interfaces__rosidl_typesupport_c.dir/rosidl_typesupport_c/lbot_arm_interfaces/srv/set_emergency__type_support.cpp.o[0m
[4.610s] [ 40%] [32mBuilding CXX object CMakeFiles/lbot_arm_interfaces__rosidl_typesupport_c.dir/rosidl_typesupport_c/lbot_arm_interfaces/msg/lbot_pose__type_support.cpp.o[0m
[4.620s] [ 41%] [32mBuilding CXX object CMakeFiles/lbot_arm_interfaces__rosidl_typesupport_c.dir/rosidl_typesupport_c/lbot_arm_interfaces/msg/lbot_frame__type_support.cpp.o[0m
[4.621s] [ 41%] [32mBuilding CXX object CMakeFiles/lbot_arm_interfaces__rosidl_typesupport_c.dir/rosidl_typesupport_c/lbot_arm_interfaces/msg/follow_joint__type_support.cpp.o[0m
[4.634s] [ 42%] [32mBuilding CXX object CMakeFiles/lbot_arm_interfaces__rosidl_typesupport_cpp.dir/rosidl_typesupport_cpp/lbot_arm_interfaces/srv/move_j__type_support.cpp.o[0m
[4.634s] [ 43%] [32mBuilding CXX object CMakeFiles/lbot_arm_interfaces__rosidl_typesupport_cpp.dir/rosidl_typesupport_cpp/lbot_arm_interfaces/srv/move_jp__type_support.cpp.o[0m
[4.635s] [ 43%] [32mBuilding CXX object CMakeFiles/lbot_arm_interfaces__rosidl_typesupport_cpp.dir/rosidl_typesupport_cpp/lbot_arm_interfaces/srv/move_c__type_support.cpp.o[0m
[4.635s] [ 43%] [32mBuilding CXX object CMakeFiles/lbot_arm_interfaces__rosidl_typesupport_cpp.dir/rosidl_typesupport_cpp/lbot_arm_interfaces/srv/move_l__type_support.cpp.o[0m
[4.635s] [ 43%] [32mBuilding CXX object CMakeFiles/lbot_arm_interfaces__rosidl_typesupport_cpp.dir/rosidl_typesupport_cpp/lbot_arm_interfaces/srv/inverse_kinematics__type_support.cpp.o[0m
[4.635s] [ 44%] [32mBuilding CXX object CMakeFiles/lbot_arm_interfaces__rosidl_typesupport_cpp.dir/rosidl_typesupport_cpp/lbot_arm_interfaces/srv/forward_kinematics__type_support.cpp.o[0m
[4.635s] [ 44%] [32mBuilding CXX object CMakeFiles/lbot_arm_interfaces__rosidl_typesupport_cpp.dir/rosidl_typesupport_cpp/lbot_arm_interfaces/srv/get_frame__type_support.cpp.o[0m
[4.636s] [ 45%] [32mBuilding CXX object CMakeFiles/lbot_arm_interfaces__rosidl_typesupport_cpp.dir/rosidl_typesupport_cpp/lbot_arm_interfaces/srv/set_string__type_support.cpp.o[0m
[4.636s] [ 47%] [32mBuilding CXX object CMakeFiles/lbot_arm_interfaces__rosidl_typesupport_cpp.dir/rosidl_typesupport_cpp/lbot_arm_interfaces/srv/change_frame__type_support.cpp.o[0m
[4.636s] [ 47%] [32mBuilding CXX object CMakeFiles/lbot_arm_interfaces__rosidl_typesupport_cpp.dir/rosidl_typesupport_cpp/lbot_arm_interfaces/srv/get_all_frames__type_support.cpp.o[0m
[4.636s] [ 47%] [32mBuilding CXX object CMakeFiles/lbot_arm_interfaces__rosidl_typesupport_cpp.dir/rosidl_typesupport_cpp/lbot_arm_interfaces/srv/get_current_frame__type_support.cpp.o[0m
[4.637s] [ 48%] [32mBuilding CXX object CMakeFiles/lbot_arm_interfaces__rosidl_typesupport_cpp.dir/rosidl_typesupport_cpp/lbot_arm_interfaces/srv/set_emergency__type_support.cpp.o[0m
[4.637s] [ 48%] [32mBuilding CXX object CMakeFiles/lbot_arm_interfaces__rosidl_typesupport_cpp.dir/rosidl_typesupport_cpp/lbot_arm_interfaces/srv/set_frame__type_support.cpp.o[0m
[4.637s] [ 48%] [32mBuilding CXX object CMakeFiles/lbot_arm_interfaces__rosidl_typesupport_cpp.dir/rosidl_typesupport_cpp/lbot_arm_interfaces/srv/delete_frame__type_support.cpp.o[0m
[4.637s] [ 48%] [32mBuilding CXX object CMakeFiles/lbot_arm_interfaces__rosidl_typesupport_cpp.dir/rosidl_typesupport_cpp/lbot_arm_interfaces/srv/set_zero__type_support.cpp.o[0m
[4.637s] [ 48%] [32mBuilding CXX object CMakeFiles/lbot_arm_interfaces__rosidl_typesupport_cpp.dir/rosidl_typesupport_cpp/lbot_arm_interfaces/srv/set_enable__type_support.cpp.o[0m
[4.637s] [ 49%] [32mBuilding CXX object CMakeFiles/lbot_arm_interfaces__rosidl_typesupport_cpp.dir/rosidl_typesupport_cpp/lbot_arm_interfaces/msg/arm_state__type_support.cpp.o[0m
[4.639s] [ 49%] [32mBuilding CXX object CMakeFiles/lbot_arm_interfaces__rosidl_typesupport_cpp.dir/rosidl_typesupport_cpp/lbot_arm_interfaces/msg/lbot_pose__type_support.cpp.o[0m
[4.653s] [ 49%] [32mBuilding CXX object CMakeFiles/lbot_arm_interfaces__rosidl_typesupport_cpp.dir/rosidl_typesupport_cpp/lbot_arm_interfaces/msg/lbot_frame__type_support.cpp.o[0m
[4.653s] [ 50%] [32m[1mLinking CXX shared library liblbot_arm_interfaces__rosidl_typesupport_c.so[0m
[4.818s] [ 50%] Built target lbot_arm_interfaces__rosidl_typesupport_c
[4.830s] [ 51%] [32mBuilding CXX object CMakeFiles/lbot_arm_interfaces__rosidl_typesupport_cpp.dir/rosidl_typesupport_cpp/lbot_arm_interfaces/msg/follow_joint__type_support.cpp.o[0m
[4.998s] [ 52%] [32mBuilding CXX object CMakeFiles/lbot_arm_interfaces__rosidl_typesupport_introspection_cpp.dir/rosidl_typesupport_introspection_cpp/lbot_arm_interfaces/srv/detail/move_j__type_support.cpp.o[0m
[5.000s] [ 52%] [32mBuilding CXX object CMakeFiles/lbot_arm_interfaces__rosidl_typesupport_introspection_cpp.dir/rosidl_typesupport_introspection_cpp/lbot_arm_interfaces/srv/detail/move_l__type_support.cpp.o[0m
[5.005s] [ 52%] [32mBuilding CXX object CMakeFiles/lbot_arm_interfaces__rosidl_typesupport_introspection_cpp.dir/rosidl_typesupport_introspection_cpp/lbot_arm_interfaces/srv/detail/move_c__type_support.cpp.o[0m
[5.006s] [ 53%] [32mBuilding CXX object CMakeFiles/lbot_arm_interfaces__rosidl_typesupport_introspection_cpp.dir/rosidl_typesupport_introspection_cpp/lbot_arm_interfaces/srv/detail/move_jp__type_support.cpp.o[0m
[5.007s] [ 53%] [32mBuilding CXX object CMakeFiles/lbot_arm_interfaces__rosidl_typesupport_introspection_cpp.dir/rosidl_typesupport_introspection_cpp/lbot_arm_interfaces/srv/detail/inverse_kinematics__type_support.cpp.o[0m
[5.012s] [ 54%] [32mBuilding CXX object CMakeFiles/lbot_arm_interfaces__rosidl_typesupport_introspection_cpp.dir/rosidl_typesupport_introspection_cpp/lbot_arm_interfaces/srv/detail/forward_kinematics__type_support.cpp.o[0m
[5.019s] [ 55%] [32mBuilding C object CMakeFiles/lbot_arm_interfaces__rosidl_typesupport_introspection_c.dir/rosidl_typesupport_introspection_c/lbot_arm_interfaces/srv/detail/move_j__type_support.c.o[0m
[5.019s] [ 55%] [32mBuilding C object CMakeFiles/lbot_arm_interfaces__rosidl_typesupport_introspection_c.dir/rosidl_typesupport_introspection_c/lbot_arm_interfaces/srv/detail/move_l__type_support.c.o[0m
[5.019s] [ 56%] [32mBuilding C object CMakeFiles/lbot_arm_interfaces__rosidl_typesupport_introspection_c.dir/rosidl_typesupport_introspection_c/lbot_arm_interfaces/srv/detail/move_c__type_support.c.o[0m
[5.019s] [ 56%] [32mBuilding C object CMakeFiles/lbot_arm_interfaces__rosidl_typesupport_introspection_c.dir/rosidl_typesupport_introspection_c/lbot_arm_interfaces/srv/detail/move_jp__type_support.c.o[0m
[5.019s] [ 56%] [32mBuilding CXX object CMakeFiles/lbot_arm_interfaces__rosidl_typesupport_introspection_cpp.dir/rosidl_typesupport_introspection_cpp/lbot_arm_interfaces/srv/detail/set_frame__type_support.cpp.o[0m
[5.023s] [ 57%] [32mBuilding CXX object CMakeFiles/lbot_arm_interfaces__rosidl_typesupport_introspection_cpp.dir/rosidl_typesupport_introspection_cpp/lbot_arm_interfaces/srv/detail/set_string__type_support.cpp.o[0m
[5.028s] [ 58%] [32mBuilding C object CMakeFiles/lbot_arm_interfaces__rosidl_typesupport_introspection_c.dir/rosidl_typesupport_introspection_c/lbot_arm_interfaces/srv/detail/inverse_kinematics__type_support.c.o[0m
[5.030s] [ 58%] [32mBuilding C object CMakeFiles/lbot_arm_interfaces__rosidl_typesupport_introspection_c.dir/rosidl_typesupport_introspection_c/lbot_arm_interfaces/srv/detail/forward_kinematics__type_support.c.o[0m
[5.038s] [ 58%] [32mBuilding C object CMakeFiles/lbot_arm_interfaces__rosidl_typesupport_introspection_c.dir/rosidl_typesupport_introspection_c/lbot_arm_interfaces/srv/detail/set_frame__type_support.c.o[0m
[5.038s] [ 59%] [32mBuilding C object CMakeFiles/lbot_arm_interfaces__rosidl_typesupport_introspection_c.dir/rosidl_typesupport_introspection_c/lbot_arm_interfaces/srv/detail/set_string__type_support.c.o[0m
[5.046s] [ 59%] [32mBuilding CXX object CMakeFiles/lbot_arm_interfaces__rosidl_typesupport_introspection_cpp.dir/rosidl_typesupport_introspection_cpp/lbot_arm_interfaces/srv/detail/get_frame__type_support.cpp.o[0m
[5.056s] [ 60%] [32mBuilding CXX object CMakeFiles/lbot_arm_interfaces__rosidl_typesupport_introspection_cpp.dir/rosidl_typesupport_introspection_cpp/lbot_arm_interfaces/srv/detail/get_current_frame__type_support.cpp.o[0m
[5.056s] [ 60%] [32mBuilding CXX object CMakeFiles/lbot_arm_interfaces__rosidl_typesupport_introspection_cpp.dir/rosidl_typesupport_introspection_cpp/lbot_arm_interfaces/srv/detail/change_frame__type_support.cpp.o[0m
[5.062s] [ 60%] [32mBuilding C object CMakeFiles/lbot_arm_interfaces__rosidl_typesupport_introspection_c.dir/rosidl_typesupport_introspection_c/lbot_arm_interfaces/srv/detail/get_frame__type_support.c.o[0m
[5.062s] [ 60%] [32mBuilding CXX object CMakeFiles/lbot_arm_interfaces__rosidl_typesupport_introspection_cpp.dir/rosidl_typesupport_introspection_cpp/lbot_arm_interfaces/srv/detail/delete_frame__type_support.cpp.o[0m
[5.062s] [ 61%] [32mBuilding C object CMakeFiles/lbot_arm_interfaces__rosidl_typesupport_introspection_c.dir/rosidl_typesupport_introspection_c/lbot_arm_interfaces/srv/detail/get_current_frame__type_support.c.o[0m
[5.065s] [ 61%] [32mBuilding C object CMakeFiles/lbot_arm_interfaces__rosidl_typesupport_introspection_c.dir/rosidl_typesupport_introspection_c/lbot_arm_interfaces/srv/detail/change_frame__type_support.c.o[0m
[5.066s] [ 62%] [32mBuilding C object CMakeFiles/lbot_arm_interfaces__rosidl_typesupport_introspection_c.dir/rosidl_typesupport_introspection_c/lbot_arm_interfaces/srv/detail/delete_frame__type_support.c.o[0m
[5.067s] [ 62%] [32mBuilding C object CMakeFiles/lbot_arm_interfaces__rosidl_typesupport_introspection_c.dir/rosidl_typesupport_introspection_c/lbot_arm_interfaces/srv/detail/get_all_frames__type_support.c.o[0m
[5.078s] [ 63%] [32mBuilding CXX object CMakeFiles/lbot_arm_interfaces__rosidl_typesupport_introspection_cpp.dir/rosidl_typesupport_introspection_cpp/lbot_arm_interfaces/srv/detail/set_zero__type_support.cpp.o[0m
[5.078s] [ 63%] [32mBuilding CXX object CMakeFiles/lbot_arm_interfaces__rosidl_typesupport_introspection_cpp.dir/rosidl_typesupport_introspection_cpp/lbot_arm_interfaces/srv/detail/get_all_frames__type_support.cpp.o[0m
[5.078s] [ 64%] [32mBuilding CXX object CMakeFiles/lbot_arm_interfaces__rosidl_typesupport_introspection_cpp.dir/rosidl_typesupport_introspection_cpp/lbot_arm_interfaces/srv/detail/set_emergency__type_support.cpp.o[0m
[5.082s] [ 65%] [32mBuilding C object CMakeFiles/lbot_arm_interfaces__rosidl_typesupport_introspection_c.dir/rosidl_typesupport_introspection_c/lbot_arm_interfaces/srv/detail/set_zero__type_support.c.o[0m
[5.106s] [ 65%] [32mBuilding C object CMakeFiles/lbot_arm_interfaces__rosidl_typesupport_introspection_c.dir/rosidl_typesupport_introspection_c/lbot_arm_interfaces/srv/detail/set_emergency__type_support.c.o[0m
[5.106s] [ 65%] [32mBuilding CXX object CMakeFiles/lbot_arm_interfaces__rosidl_typesupport_introspection_cpp.dir/rosidl_typesupport_introspection_cpp/lbot_arm_interfaces/srv/detail/set_enable__type_support.cpp.o[0m
[5.106s] [ 65%] [32m[1mLinking CXX shared library liblbot_arm_interfaces__rosidl_typesupport_cpp.so[0m
[5.108s] [ 65%] [32mBuilding C object CMakeFiles/lbot_arm_interfaces__rosidl_typesupport_introspection_c.dir/rosidl_typesupport_introspection_c/lbot_arm_interfaces/srv/detail/set_enable__type_support.c.o[0m
[5.113s] [ 66%] [32mBuilding C object CMakeFiles/lbot_arm_interfaces__rosidl_typesupport_introspection_c.dir/rosidl_typesupport_introspection_c/lbot_arm_interfaces/msg/detail/arm_state__type_support.c.o[0m
[5.121s] [ 66%] [32mBuilding C object CMakeFiles/lbot_arm_interfaces__rosidl_typesupport_introspection_c.dir/rosidl_typesupport_introspection_c/lbot_arm_interfaces/msg/detail/lbot_pose__type_support.c.o[0m
[5.127s] [ 67%] [32mBuilding CXX object CMakeFiles/lbot_arm_interfaces__rosidl_typesupport_introspection_cpp.dir/rosidl_typesupport_introspection_cpp/lbot_arm_interfaces/msg/detail/arm_state__type_support.cpp.o[0m
[5.144s] [ 67%] [32mBuilding CXX object CMakeFiles/lbot_arm_interfaces__rosidl_typesupport_introspection_cpp.dir/rosidl_typesupport_introspection_cpp/lbot_arm_interfaces/msg/detail/lbot_pose__type_support.cpp.o[0m
[5.144s] [ 68%] [32mBuilding C object CMakeFiles/lbot_arm_interfaces__rosidl_typesupport_introspection_c.dir/rosidl_typesupport_introspection_c/lbot_arm_interfaces/msg/detail/lbot_frame__type_support.c.o[0m
[5.158s] [ 69%] [32mBuilding CXX object CMakeFiles/lbot_arm_interfaces__rosidl_typesupport_introspection_cpp.dir/rosidl_typesupport_introspection_cpp/lbot_arm_interfaces/msg/detail/lbot_frame__type_support.cpp.o[0m
[5.161s] [ 69%] [32mBuilding C object CMakeFiles/lbot_arm_interfaces__rosidl_typesupport_introspection_c.dir/rosidl_typesupport_introspection_c/lbot_arm_interfaces/msg/detail/follow_joint__type_support.c.o[0m
[5.175s] [ 69%] [32mBuilding CXX object CMakeFiles/lbot_arm_interfaces__rosidl_typesupport_introspection_cpp.dir/rosidl_typesupport_introspection_cpp/lbot_arm_interfaces/msg/detail/follow_joint__type_support.cpp.o[0m
[5.211s] [ 70%] [32m[1mLinking C shared library liblbot_arm_interfaces__rosidl_typesupport_introspection_c.so[0m
[5.325s] [ 70%] Built target lbot_arm_interfaces__rosidl_typesupport_introspection_c
[5.334s] [ 70%] Built target lbot_arm_interfaces__rosidl_typesupport_cpp
[5.409s] [ 71%] [32mBuilding CXX object CMakeFiles/lbot_arm_interfaces__rosidl_typesupport_fastrtps_cpp.dir/rosidl_typesupport_fastrtps_cpp/lbot_arm_interfaces/srv/detail/dds_fastrtps/inverse_kinematics__type_support.cpp.o[0m
[5.409s] [ 71%] [32mBuilding CXX object CMakeFiles/lbot_arm_interfaces__rosidl_typesupport_fastrtps_cpp.dir/rosidl_typesupport_fastrtps_cpp/lbot_arm_interfaces/srv/detail/dds_fastrtps/move_j__type_support.cpp.o[0m
[5.410s] [ 72%] [32mBuilding CXX object CMakeFiles/lbot_arm_interfaces__rosidl_typesupport_fastrtps_cpp.dir/rosidl_typesupport_fastrtps_cpp/lbot_arm_interfaces/srv/detail/dds_fastrtps/move_c__type_support.cpp.o[0m
[5.410s] [ 72%] [32mBuilding CXX object CMakeFiles/lbot_arm_interfaces__rosidl_typesupport_fastrtps_cpp.dir/rosidl_typesupport_fastrtps_cpp/lbot_arm_interfaces/srv/detail/dds_fastrtps/move_l__type_support.cpp.o[0m
[5.414s] [ 73%] [32mBuilding CXX object CMakeFiles/lbot_arm_interfaces__rosidl_typesupport_fastrtps_cpp.dir/rosidl_typesupport_fastrtps_cpp/lbot_arm_interfaces/srv/detail/dds_fastrtps/set_frame__type_support.cpp.o[0m
[5.414s] [ 73%] [32mBuilding CXX object CMakeFiles/lbot_arm_interfaces__rosidl_typesupport_fastrtps_cpp.dir/rosidl_typesupport_fastrtps_cpp/lbot_arm_interfaces/srv/detail/dds_fastrtps/set_string__type_support.cpp.o[0m
[5.414s] [ 74%] [32mBuilding CXX object CMakeFiles/lbot_arm_interfaces__rosidl_typesupport_fastrtps_cpp.dir/rosidl_typesupport_fastrtps_cpp/lbot_arm_interfaces/srv/detail/dds_fastrtps/get_frame__type_support.cpp.o[0m
[5.414s] [ 74%] [32mBuilding CXX object CMakeFiles/lbot_arm_interfaces__rosidl_typesupport_fastrtps_cpp.dir/rosidl_typesupport_fastrtps_cpp/lbot_arm_interfaces/srv/detail/dds_fastrtps/forward_kinematics__type_support.cpp.o[0m
[5.414s] [ 74%] [32mBuilding CXX object CMakeFiles/lbot_arm_interfaces__rosidl_typesupport_fastrtps_cpp.dir/rosidl_typesupport_fastrtps_cpp/lbot_arm_interfaces/srv/detail/dds_fastrtps/move_jp__type_support.cpp.o[0m
[5.416s] [ 74%] [32mBuilding CXX object CMakeFiles/lbot_arm_interfaces__rosidl_typesupport_fastrtps_cpp.dir/rosidl_typesupport_fastrtps_cpp/lbot_arm_interfaces/srv/detail/dds_fastrtps/get_current_frame__type_support.cpp.o[0m
[5.416s] [ 75%] [32mBuilding CXX object CMakeFiles/lbot_arm_interfaces__rosidl_typesupport_fastrtps_cpp.dir/rosidl_typesupport_fastrtps_cpp/lbot_arm_interfaces/srv/detail/dds_fastrtps/delete_frame__type_support.cpp.o[0m
[5.416s] [ 75%] [32mBuilding CXX object CMakeFiles/lbot_arm_interfaces__rosidl_typesupport_fastrtps_cpp.dir/rosidl_typesupport_fastrtps_cpp/lbot_arm_interfaces/srv/detail/dds_fastrtps/change_frame__type_support.cpp.o[0m
[5.417s] [ 75%] [32mBuilding CXX object CMakeFiles/lbot_arm_interfaces__rosidl_typesupport_fastrtps_cpp.dir/rosidl_typesupport_fastrtps_cpp/lbot_arm_interfaces/srv/detail/dds_fastrtps/get_all_frames__type_support.cpp.o[0m
[5.425s] [ 75%] [32mBuilding CXX object CMakeFiles/lbot_arm_interfaces__rosidl_typesupport_fastrtps_c.dir/rosidl_typesupport_fastrtps_c/lbot_arm_interfaces/srv/detail/move_j__type_support_c.cpp.o[0m
[5.432s] [ 76%] [32mBuilding CXX object CMakeFiles/lbot_arm_interfaces__rosidl_typesupport_fastrtps_c.dir/rosidl_typesupport_fastrtps_c/lbot_arm_interfaces/srv/detail/inverse_kinematics__type_support_c.cpp.o[0m
[5.432s] [ 76%] [32mBuilding CXX object CMakeFiles/lbot_arm_interfaces__rosidl_typesupport_fastrtps_c.dir/rosidl_typesupport_fastrtps_c/lbot_arm_interfaces/srv/detail/move_jp__type_support_c.cpp.o[0m
[5.434s] [ 76%] [32mBuilding CXX object CMakeFiles/lbot_arm_interfaces__rosidl_typesupport_fastrtps_c.dir/rosidl_typesupport_fastrtps_c/lbot_arm_interfaces/srv/detail/move_c__type_support_c.cpp.o[0m
[5.434s] [ 77%] [32mBuilding CXX object CMakeFiles/lbot_arm_interfaces__rosidl_typesupport_fastrtps_c.dir/rosidl_typesupport_fastrtps_c/lbot_arm_interfaces/srv/detail/move_l__type_support_c.cpp.o[0m
[5.436s] [ 77%] [32mBuilding CXX object CMakeFiles/lbot_arm_interfaces__rosidl_typesupport_fastrtps_c.dir/rosidl_typesupport_fastrtps_c/lbot_arm_interfaces/srv/detail/forward_kinematics__type_support_c.cpp.o[0m
[5.438s] [ 78%] [32mBuilding CXX object CMakeFiles/lbot_arm_interfaces__rosidl_typesupport_fastrtps_cpp.dir/rosidl_typesupport_fastrtps_cpp/lbot_arm_interfaces/srv/detail/dds_fastrtps/set_zero__type_support.cpp.o[0m
[5.454s] [ 79%] [32mBuilding CXX object CMakeFiles/lbot_arm_interfaces__rosidl_typesupport_fastrtps_c.dir/rosidl_typesupport_fastrtps_c/lbot_arm_interfaces/srv/detail/set_frame__type_support_c.cpp.o[0m
[5.458s] [ 79%] [32mBuilding CXX object CMakeFiles/lbot_arm_interfaces__rosidl_typesupport_fastrtps_c.dir/rosidl_typesupport_fastrtps_c/lbot_arm_interfaces/srv/detail/set_string__type_support_c.cpp.o[0m
[5.467s] [ 79%] [32mBuilding CXX object CMakeFiles/lbot_arm_interfaces__rosidl_typesupport_fastrtps_cpp.dir/rosidl_typesupport_fastrtps_cpp/lbot_arm_interfaces/srv/detail/dds_fastrtps/set_emergency__type_support.cpp.o[0m
[5.519s] [ 79%] [32m[1mLinking CXX shared library liblbot_arm_interfaces__rosidl_typesupport_introspection_cpp.so[0m
[5.779s] [ 79%] Built target lbot_arm_interfaces__rosidl_typesupport_introspection_cpp
[5.786s] [ 80%] [32mBuilding CXX object CMakeFiles/lbot_arm_interfaces__rosidl_typesupport_fastrtps_cpp.dir/rosidl_typesupport_fastrtps_cpp/lbot_arm_interfaces/srv/detail/dds_fastrtps/set_enable__type_support.cpp.o[0m
[5.815s] [ 81%] [32mBuilding CXX object CMakeFiles/lbot_arm_interfaces__rosidl_typesupport_fastrtps_c.dir/rosidl_typesupport_fastrtps_c/lbot_arm_interfaces/srv/detail/get_frame__type_support_c.cpp.o[0m
[5.837s] [ 81%] [32mBuilding CXX object CMakeFiles/lbot_arm_interfaces__rosidl_typesupport_fastrtps_cpp.dir/rosidl_typesupport_fastrtps_cpp/lbot_arm_interfaces/msg/detail/dds_fastrtps/arm_state__type_support.cpp.o[0m
[5.837s] [ 82%] [32mBuilding CXX object CMakeFiles/lbot_arm_interfaces__rosidl_typesupport_fastrtps_cpp.dir/rosidl_typesupport_fastrtps_cpp/lbot_arm_interfaces/msg/detail/dds_fastrtps/lbot_pose__type_support.cpp.o[0m
[5.850s] [ 82%] [32mBuilding CXX object CMakeFiles/lbot_arm_interfaces__rosidl_typesupport_fastrtps_cpp.dir/rosidl_typesupport_fastrtps_cpp/lbot_arm_interfaces/msg/detail/dds_fastrtps/lbot_frame__type_support.cpp.o[0m
[5.850s] [ 82%] [32mBuilding CXX object CMakeFiles/lbot_arm_interfaces__rosidl_typesupport_fastrtps_c.dir/rosidl_typesupport_fastrtps_c/lbot_arm_interfaces/srv/detail/get_current_frame__type_support_c.cpp.o[0m
[5.852s] [ 82%] [32mBuilding CXX object CMakeFiles/lbot_arm_interfaces__rosidl_typesupport_fastrtps_cpp.dir/rosidl_typesupport_fastrtps_cpp/lbot_arm_interfaces/msg/detail/dds_fastrtps/follow_joint__type_support.cpp.o[0m
[5.859s] [ 83%] [32mBuilding CXX object CMakeFiles/lbot_arm_interfaces__rosidl_typesupport_fastrtps_c.dir/rosidl_typesupport_fastrtps_c/lbot_arm_interfaces/srv/detail/change_frame__type_support_c.cpp.o[0m
[5.872s] [ 83%] [32mBuilding CXX object CMakeFiles/lbot_arm_interfaces__rosidl_typesupport_fastrtps_c.dir/rosidl_typesupport_fastrtps_c/lbot_arm_interfaces/srv/detail/delete_frame__type_support_c.cpp.o[0m
[5.919s] [ 84%] [32mBuilding CXX object CMakeFiles/lbot_arm_interfaces__rosidl_typesupport_fastrtps_c.dir/rosidl_typesupport_fastrtps_c/lbot_arm_interfaces/srv/detail/get_all_frames__type_support_c.cpp.o[0m
[5.926s] [ 84%] [32mBuilding CXX object CMakeFiles/lbot_arm_interfaces__rosidl_typesupport_fastrtps_c.dir/rosidl_typesupport_fastrtps_c/lbot_arm_interfaces/srv/detail/set_emergency__type_support_c.cpp.o[0m
[5.926s] [ 84%] [32mBuilding CXX object CMakeFiles/lbot_arm_interfaces__rosidl_typesupport_fastrtps_c.dir/rosidl_typesupport_fastrtps_c/lbot_arm_interfaces/srv/detail/set_zero__type_support_c.cpp.o[0m
[5.928s] [ 85%] [32mBuilding CXX object CMakeFiles/lbot_arm_interfaces__rosidl_typesupport_fastrtps_c.dir/rosidl_typesupport_fastrtps_c/lbot_arm_interfaces/srv/detail/set_enable__type_support_c.cpp.o[0m
[5.928s] [ 85%] [32mBuilding CXX object CMakeFiles/lbot_arm_interfaces__rosidl_typesupport_fastrtps_c.dir/rosidl_typesupport_fastrtps_c/lbot_arm_interfaces/msg/detail/arm_state__type_support_c.cpp.o[0m
[5.930s] [ 86%] [32mBuilding CXX object CMakeFiles/lbot_arm_interfaces__rosidl_typesupport_fastrtps_c.dir/rosidl_typesupport_fastrtps_c/lbot_arm_interfaces/msg/detail/lbot_pose__type_support_c.cpp.o[0m
[5.932s] [ 86%] [32mBuilding CXX object CMakeFiles/lbot_arm_interfaces__rosidl_typesupport_fastrtps_c.dir/rosidl_typesupport_fastrtps_c/lbot_arm_interfaces/msg/detail/lbot_frame__type_support_c.cpp.o[0m
[5.940s] [ 87%] [32mBuilding CXX object CMakeFiles/lbot_arm_interfaces__rosidl_typesupport_fastrtps_c.dir/rosidl_typesupport_fastrtps_c/lbot_arm_interfaces/msg/detail/follow_joint__type_support_c.cpp.o[0m
[6.175s] [ 88%] [32m[1mLinking CXX shared library liblbot_arm_interfaces__rosidl_typesupport_fastrtps_cpp.so[0m
[6.218s] [ 88%] [32m[1mLinking CXX shared library liblbot_arm_interfaces__rosidl_typesupport_fastrtps_c.so[0m
[6.287s] [ 88%] Built target lbot_arm_interfaces__rosidl_typesupport_fastrtps_cpp
[6.308s] [ 88%] Built target lbot_arm_interfaces__rosidl_typesupport_fastrtps_c
[6.319s] [ 88%] Built target lbot_arm_interfaces
[6.329s] [ 88%] [34m[1mGenerating Python code for ROS interfaces[0m
[7.510s] [ 88%] Built target lbot_arm_interfaces__py
[7.521s] [ 88%] [32mBuilding C object CMakeFiles/lbot_arm_interfaces__rosidl_generator_py.dir/rosidl_generator_py/lbot_arm_interfaces/srv/_inverse_kinematics_s.c.o[0m
[7.521s] [ 89%] [32mBuilding C object CMakeFiles/lbot_arm_interfaces__rosidl_generator_py.dir/rosidl_generator_py/lbot_arm_interfaces/srv/_move_jp_s.c.o[0m
[7.522s] [ 89%] [32mBuilding C object CMakeFiles/lbot_arm_interfaces__rosidl_generator_py.dir/rosidl_generator_py/lbot_arm_interfaces/srv/_move_c_s.c.o[0m
[7.522s] [ 90%] [32mBuilding C object CMakeFiles/lbot_arm_interfaces__rosidl_generator_py.dir/rosidl_generator_py/lbot_arm_interfaces/srv/_move_j_s.c.o[0m
[7.522s] [ 90%] [32mBuilding C object CMakeFiles/lbot_arm_interfaces__rosidl_generator_py.dir/rosidl_generator_py/lbot_arm_interfaces/srv/_move_l_s.c.o[0m
[7.522s] [ 92%] [32mBuilding C object CMakeFiles/lbot_arm_interfaces__rosidl_generator_py.dir/rosidl_generator_py/lbot_arm_interfaces/srv/_forward_kinematics_s.c.o[0m
[7.522s] [ 92%] [32mBuilding C object CMakeFiles/lbot_arm_interfaces__rosidl_generator_py.dir/rosidl_generator_py/lbot_arm_interfaces/srv/_set_string_s.c.o[0m
[7.522s] [ 93%] [32mBuilding C object CMakeFiles/lbot_arm_interfaces__rosidl_generator_py.dir/rosidl_generator_py/lbot_arm_interfaces/srv/_change_frame_s.c.o[0m
[7.522s] [ 93%] [32mBuilding C object CMakeFiles/lbot_arm_interfaces__rosidl_generator_py.dir/rosidl_generator_py/lbot_arm_interfaces/srv/_get_frame_s.c.o[0m
[7.523s] [ 93%] [32mBuilding C object CMakeFiles/lbot_arm_interfaces__rosidl_generator_py.dir/rosidl_generator_py/lbot_arm_interfaces/srv/_set_frame_s.c.o[0m
[7.523s] [ 93%] [32mBuilding C object CMakeFiles/lbot_arm_interfaces__rosidl_generator_py.dir/rosidl_generator_py/lbot_arm_interfaces/srv/_get_current_frame_s.c.o[0m
[7.523s] [ 94%] [32mBuilding C object CMakeFiles/lbot_arm_interfaces__rosidl_generator_py.dir/rosidl_generator_py/lbot_arm_interfaces/srv/_get_all_frames_s.c.o[0m
[7.524s] [ 94%] [32mBuilding C object CMakeFiles/lbot_arm_interfaces__rosidl_generator_py.dir/rosidl_generator_py/lbot_arm_interfaces/srv/_delete_frame_s.c.o[0m
[7.525s] [ 94%] [32mBuilding C object CMakeFiles/lbot_arm_interfaces__rosidl_generator_py.dir/rosidl_generator_py/lbot_arm_interfaces/srv/_set_zero_s.c.o[0m
[7.526s] [ 95%] [32mBuilding C object CMakeFiles/lbot_arm_interfaces__rosidl_generator_py.dir/rosidl_generator_py/lbot_arm_interfaces/srv/_set_emergency_s.c.o[0m
[7.526s] [ 95%] [32mBuilding C object CMakeFiles/lbot_arm_interfaces__rosidl_generator_py.dir/rosidl_generator_py/lbot_arm_interfaces/srv/_set_enable_s.c.o[0m
[7.531s] [ 96%] [32mBuilding C object CMakeFiles/lbot_arm_interfaces__rosidl_generator_py.dir/rosidl_generator_py/lbot_arm_interfaces/msg/_arm_state_s.c.o[0m
[7.531s] [ 96%] [32mBuilding C object CMakeFiles/lbot_arm_interfaces__rosidl_generator_py.dir/rosidl_generator_py/lbot_arm_interfaces/msg/_lbot_frame_s.c.o[0m
[7.531s] [ 96%] [32mBuilding C object CMakeFiles/lbot_arm_interfaces__rosidl_generator_py.dir/rosidl_generator_py/lbot_arm_interfaces/msg/_lbot_pose_s.c.o[0m
[7.532s] [ 97%] [32mBuilding C object CMakeFiles/lbot_arm_interfaces__rosidl_generator_py.dir/rosidl_generator_py/lbot_arm_interfaces/msg/_follow_joint_s.c.o[0m
[7.682s] [ 97%] [32m[1mLinking C shared library liblbot_arm_interfaces__rosidl_generator_py.so[0m
[7.749s] [ 97%] Built target lbot_arm_interfaces__rosidl_generator_py
[7.759s] [ 97%] [32mBuilding C object CMakeFiles/lbot_arm_interfaces_s__rosidl_typesupport_introspection_c.dir/rosidl_generator_py/lbot_arm_interfaces/_lbot_arm_interfaces_s.ep.rosidl_typesupport_introspection_c.c.o[0m
[7.759s] [ 97%] [32mBuilding C object CMakeFiles/lbot_arm_interfaces_s__rosidl_typesupport_fastrtps_c.dir/rosidl_generator_py/lbot_arm_interfaces/_lbot_arm_interfaces_s.ep.rosidl_typesupport_fastrtps_c.c.o[0m
[7.759s] [ 97%] [32mBuilding C object CMakeFiles/lbot_arm_interfaces_s__rosidl_typesupport_c.dir/rosidl_generator_py/lbot_arm_interfaces/_lbot_arm_interfaces_s.ep.rosidl_typesupport_c.c.o[0m
[7.874s] [ 99%] [32m[1mLinking C shared module rosidl_generator_py/lbot_arm_interfaces/lbot_arm_interfaces_s__rosidl_typesupport_introspection_c.so[0m
[7.874s] [ 99%] [32m[1mLinking C shared module rosidl_generator_py/lbot_arm_interfaces/lbot_arm_interfaces_s__rosidl_typesupport_c.so[0m
[7.874s] [100%] [32m[1mLinking C shared module rosidl_generator_py/lbot_arm_interfaces/lbot_arm_interfaces_s__rosidl_typesupport_fastrtps_c.so[0m
[7.916s] [100%] Built target lbot_arm_interfaces_s__rosidl_typesupport_c
[7.917s] [100%] Built target lbot_arm_interfaces_s__rosidl_typesupport_fastrtps_c
[7.925s] [100%] Built target lbot_arm_interfaces_s__rosidl_typesupport_introspection_c
[7.931s] Invoked command in '/home/lzy/lbot_ws/build/lbot_arm_interfaces' returned '0': CMAKE_PREFIX_PATH=${CMAKE_PREFIX_PATH}:/opt/ros/jazzy /usr/bin/cmake --build /home/lzy/lbot_ws/build/lbot_arm_interfaces -- -j24 -l24
[7.937s] Invoking command in '/home/lzy/lbot_ws/build/lbot_arm_interfaces': CMAKE_PREFIX_PATH=${CMAKE_PREFIX_PATH}:/opt/ros/jazzy /usr/bin/cmake --install /home/lzy/lbot_ws/build/lbot_arm_interfaces
[7.942s] -- Install configuration: ""
[7.942s] -- Installing: /home/lzy/lbot_ws/install/lbot_arm_interfaces/share/ament_index/resource_index/rosidl_interfaces/lbot_arm_interfaces
[7.943s] -- Installing: /home/lzy/lbot_ws/install/lbot_arm_interfaces/share/lbot_arm_interfaces/srv/MoveJ.json
[7.943s] -- Installing: /home/lzy/lbot_ws/install/lbot_arm_interfaces/share/lbot_arm_interfaces/srv/MoveL.json
[7.943s] -- Installing: /home/lzy/lbot_ws/install/lbot_arm_interfaces/share/lbot_arm_interfaces/srv/MoveC.json
[7.943s] -- Installing: /home/lzy/lbot_ws/install/lbot_arm_interfaces/share/lbot_arm_interfaces/srv/MoveJP.json
[7.943s] -- Installing: /home/lzy/lbot_ws/install/lbot_arm_interfaces/share/lbot_arm_interfaces/srv/InverseKinematics.json
[7.943s] -- Installing: /home/lzy/lbot_ws/install/lbot_arm_interfaces/share/lbot_arm_interfaces/srv/ForwardKinematics.json
[7.943s] -- Installing: /home/lzy/lbot_ws/install/lbot_arm_interfaces/share/lbot_arm_interfaces/srv/SetFrame.json
[7.943s] -- Installing: /home/lzy/lbot_ws/install/lbot_arm_interfaces/share/lbot_arm_interfaces/srv/SetString.json
[7.943s] -- Installing: /home/lzy/lbot_ws/install/lbot_arm_interfaces/share/lbot_arm_interfaces/srv/GetFrame.json
[7.943s] -- Installing: /home/lzy/lbot_ws/install/lbot_arm_interfaces/share/lbot_arm_interfaces/srv/GetCurrentFrame.json
[7.943s] -- Installing: /home/lzy/lbot_ws/install/lbot_arm_interfaces/share/lbot_arm_interfaces/srv/ChangeFrame.json
[7.943s] -- Installing: /home/lzy/lbot_ws/install/lbot_arm_interfaces/share/lbot_arm_interfaces/srv/DeleteFrame.json
[7.943s] -- Installing: /home/lzy/lbot_ws/install/lbot_arm_interfaces/share/lbot_arm_interfaces/srv/GetAllFrames.json
[7.943s] -- Installing: /home/lzy/lbot_ws/install/lbot_arm_interfaces/share/lbot_arm_interfaces/srv/SetZero.json
[7.943s] -- Installing: /home/lzy/lbot_ws/install/lbot_arm_interfaces/share/lbot_arm_interfaces/srv/SetEmergency.json
[7.944s] -- Installing: /home/lzy/lbot_ws/install/lbot_arm_interfaces/share/lbot_arm_interfaces/srv/SetEnable.json
[7.944s] -- Installing: /home/lzy/lbot_ws/install/lbot_arm_interfaces/share/lbot_arm_interfaces/msg/ArmState.json
[7.944s] -- Installing: /home/lzy/lbot_ws/install/lbot_arm_interfaces/share/lbot_arm_interfaces/msg/LbotPose.json
[7.944s] -- Installing: /home/lzy/lbot_ws/install/lbot_arm_interfaces/share/lbot_arm_interfaces/msg/LbotFrame.json
[7.944s] -- Installing: /home/lzy/lbot_ws/install/lbot_arm_interfaces/share/lbot_arm_interfaces/msg/FollowJoint.json
[7.944s] -- Installing: /home/lzy/lbot_ws/install/lbot_arm_interfaces/include/lbot_arm_interfaces/lbot_arm_interfaces
[7.944s] -- Installing: /home/lzy/lbot_ws/install/lbot_arm_interfaces/include/lbot_arm_interfaces/lbot_arm_interfaces/msg
[7.944s] -- Installing: /home/lzy/lbot_ws/install/lbot_arm_interfaces/include/lbot_arm_interfaces/lbot_arm_interfaces/msg/detail
[7.944s] -- Installing: /home/lzy/lbot_ws/install/lbot_arm_interfaces/include/lbot_arm_interfaces/lbot_arm_interfaces/msg/detail/lbot_frame__functions.h
[7.944s] -- Installing: /home/lzy/lbot_ws/install/lbot_arm_interfaces/include/lbot_arm_interfaces/lbot_arm_interfaces/msg/detail/arm_state__type_support.h
[7.944s] -- Installing: /home/lzy/lbot_ws/install/lbot_arm_interfaces/include/lbot_arm_interfaces/lbot_arm_interfaces/msg/detail/arm_state__type_support.c
[7.944s] -- Installing: /home/lzy/lbot_ws/install/lbot_arm_interfaces/include/lbot_arm_interfaces/lbot_arm_interfaces/msg/detail/lbot_pose__struct.h
[7.944s] -- Installing: /home/lzy/lbot_ws/install/lbot_arm_interfaces/include/lbot_arm_interfaces/lbot_arm_interfaces/msg/detail/arm_state__functions.c
[7.944s] -- Installing: /home/lzy/lbot_ws/install/lbot_arm_interfaces/include/lbot_arm_interfaces/lbot_arm_interfaces/msg/detail/arm_state__functions.h
[7.944s] -- Installing: /home/lzy/lbot_ws/install/lbot_arm_interfaces/include/lbot_arm_interfaces/lbot_arm_interfaces/msg/detail/follow_joint__functions.c
[7.944s] -- Installing: /home/lzy/lbot_ws/install/lbot_arm_interfaces/include/lbot_arm_interfaces/lbot_arm_interfaces/msg/detail/follow_joint__type_support.h
[7.944s] -- Installing: /home/lzy/lbot_ws/install/lbot_arm_interfaces/include/lbot_arm_interfaces/lbot_arm_interfaces/msg/detail/lbot_pose__type_support.h
[7.945s] -- Installing: /home/lzy/lbot_ws/install/lbot_arm_interfaces/include/lbot_arm_interfaces/lbot_arm_interfaces/msg/detail/lbot_frame__type_support.h
[7.945s] -- Installing: /home/lzy/lbot_ws/install/lbot_arm_interfaces/include/lbot_arm_interfaces/lbot_arm_interfaces/msg/detail/follow_joint__type_support.c
[7.945s] -- Installing: /home/lzy/lbot_ws/install/lbot_arm_interfaces/include/lbot_arm_interfaces/lbot_arm_interfaces/msg/detail/lbot_frame__functions.c
[7.945s] -- Installing: /home/lzy/lbot_ws/install/lbot_arm_interfaces/include/lbot_arm_interfaces/lbot_arm_interfaces/msg/detail/lbot_pose__description.c
[7.945s] -- Installing: /home/lzy/lbot_ws/install/lbot_arm_interfaces/include/lbot_arm_interfaces/lbot_arm_interfaces/msg/detail/lbot_frame__description.c
[7.945s] -- Installing: /home/lzy/lbot_ws/install/lbot_arm_interfaces/include/lbot_arm_interfaces/lbot_arm_interfaces/msg/detail/arm_state__description.c
[7.945s] -- Installing: /home/lzy/lbot_ws/install/lbot_arm_interfaces/include/lbot_arm_interfaces/lbot_arm_interfaces/msg/detail/follow_joint__description.c
[7.945s] -- Installing: /home/lzy/lbot_ws/install/lbot_arm_interfaces/include/lbot_arm_interfaces/lbot_arm_interfaces/msg/detail/lbot_pose__functions.c
[7.945s] -- Installing: /home/lzy/lbot_ws/install/lbot_arm_interfaces/include/lbot_arm_interfaces/lbot_arm_interfaces/msg/detail/lbot_pose__type_support.c
[7.945s] -- Installing: /home/lzy/lbot_ws/install/lbot_arm_interfaces/include/lbot_arm_interfaces/lbot_arm_interfaces/msg/detail/follow_joint__struct.h
[7.945s] -- Installing: /home/lzy/lbot_ws/install/lbot_arm_interfaces/include/lbot_arm_interfaces/lbot_arm_interfaces/msg/detail/lbot_frame__type_support.c
[7.945s] -- Installing: /home/lzy/lbot_ws/install/lbot_arm_interfaces/include/lbot_arm_interfaces/lbot_arm_interfaces/msg/detail/follow_joint__functions.h
[7.945s] -- Installing: /home/lzy/lbot_ws/install/lbot_arm_interfaces/include/lbot_arm_interfaces/lbot_arm_interfaces/msg/detail/lbot_frame__struct.h
[7.945s] -- Installing: /home/lzy/lbot_ws/install/lbot_arm_interfaces/include/lbot_arm_interfaces/lbot_arm_interfaces/msg/detail/arm_state__struct.h
[7.945s] -- Installing: /home/lzy/lbot_ws/install/lbot_arm_interfaces/include/lbot_arm_interfaces/lbot_arm_interfaces/msg/detail/lbot_pose__functions.h
[7.945s] -- Installing: /home/lzy/lbot_ws/install/lbot_arm_interfaces/include/lbot_arm_interfaces/lbot_arm_interfaces/msg/rosidl_generator_c__visibility_control.h
[7.945s] -- Installing: /home/lzy/lbot_ws/install/lbot_arm_interfaces/include/lbot_arm_interfaces/lbot_arm_interfaces/msg/lbot_frame.h
[7.945s] -- Installing: /home/lzy/lbot_ws/install/lbot_arm_interfaces/include/lbot_arm_interfaces/lbot_arm_interfaces/msg/follow_joint.h
[7.946s] -- Installing: /home/lzy/lbot_ws/install/lbot_arm_interfaces/include/lbot_arm_interfaces/lbot_arm_interfaces/msg/lbot_pose.h
[7.946s] -- Installing: /home/lzy/lbot_ws/install/lbot_arm_interfaces/include/lbot_arm_interfaces/lbot_arm_interfaces/msg/arm_state.h
[7.946s] -- Installing: /home/lzy/lbot_ws/install/lbot_arm_interfaces/include/lbot_arm_interfaces/lbot_arm_interfaces/srv
[7.946s] -- Installing: /home/lzy/lbot_ws/install/lbot_arm_interfaces/include/lbot_arm_interfaces/lbot_arm_interfaces/srv/set_frame.h
[7.946s] -- Installing: /home/lzy/lbot_ws/install/lbot_arm_interfaces/include/lbot_arm_interfaces/lbot_arm_interfaces/srv/change_frame.h
[7.946s] -- Installing: /home/lzy/lbot_ws/install/lbot_arm_interfaces/include/lbot_arm_interfaces/lbot_arm_interfaces/srv/detail
[7.946s] -- Installing: /home/lzy/lbot_ws/install/lbot_arm_interfaces/include/lbot_arm_interfaces/lbot_arm_interfaces/srv/detail/move_l__type_support.c
[7.946s] -- Installing: /home/lzy/lbot_ws/install/lbot_arm_interfaces/include/lbot_arm_interfaces/lbot_arm_interfaces/srv/detail/move_c__struct.h
[7.946s] -- Installing: /home/lzy/lbot_ws/install/lbot_arm_interfaces/include/lbot_arm_interfaces/lbot_arm_interfaces/srv/detail/set_emergency__functions.c
[7.946s] -- Installing: /home/lzy/lbot_ws/install/lbot_arm_interfaces/include/lbot_arm_interfaces/lbot_arm_interfaces/srv/detail/change_frame__description.c
[7.946s] -- Installing: /home/lzy/lbot_ws/install/lbot_arm_interfaces/include/lbot_arm_interfaces/lbot_arm_interfaces/srv/detail/set_emergency__functions.h
[7.946s] -- Installing: /home/lzy/lbot_ws/install/lbot_arm_interfaces/include/lbot_arm_interfaces/lbot_arm_interfaces/srv/detail/forward_kinematics__struct.h
[7.946s] -- Installing: /home/lzy/lbot_ws/install/lbot_arm_interfaces/include/lbot_arm_interfaces/lbot_arm_interfaces/srv/detail/move_l__functions.h
[7.946s] -- Installing: /home/lzy/lbot_ws/install/lbot_arm_interfaces/include/lbot_arm_interfaces/lbot_arm_interfaces/srv/detail/change_frame__type_support.c
[7.946s] -- Installing: /home/lzy/lbot_ws/install/lbot_arm_interfaces/include/lbot_arm_interfaces/lbot_arm_interfaces/srv/detail/change_frame__struct.h
[7.946s] -- Installing: /home/lzy/lbot_ws/install/lbot_arm_interfaces/include/lbot_arm_interfaces/lbot_arm_interfaces/srv/detail/get_current_frame__type_support.h
[7.946s] -- Installing: /home/lzy/lbot_ws/install/lbot_arm_interfaces/include/lbot_arm_interfaces/lbot_arm_interfaces/srv/detail/get_current_frame__struct.h
[7.946s] -- Installing: /home/lzy/lbot_ws/install/lbot_arm_interfaces/include/lbot_arm_interfaces/lbot_arm_interfaces/srv/detail/set_string__description.c
[7.946s] -- Installing: /home/lzy/lbot_ws/install/lbot_arm_interfaces/include/lbot_arm_interfaces/lbot_arm_interfaces/srv/detail/inverse_kinematics__functions.h
[7.947s] -- Installing: /home/lzy/lbot_ws/install/lbot_arm_interfaces/include/lbot_arm_interfaces/lbot_arm_interfaces/srv/detail/move_j__struct.h
[7.947s] -- Installing: /home/lzy/lbot_ws/install/lbot_arm_interfaces/include/lbot_arm_interfaces/lbot_arm_interfaces/srv/detail/get_frame__functions.h
[7.947s] -- Installing: /home/lzy/lbot_ws/install/lbot_arm_interfaces/include/lbot_arm_interfaces/lbot_arm_interfaces/srv/detail/delete_frame__description.c
[7.947s] -- Installing: /home/lzy/lbot_ws/install/lbot_arm_interfaces/include/lbot_arm_interfaces/lbot_arm_interfaces/srv/detail/get_all_frames__type_support.h
[7.947s] -- Installing: /home/lzy/lbot_ws/install/lbot_arm_interfaces/include/lbot_arm_interfaces/lbot_arm_interfaces/srv/detail/move_l__functions.c
[7.947s] -- Installing: /home/lzy/lbot_ws/install/lbot_arm_interfaces/include/lbot_arm_interfaces/lbot_arm_interfaces/srv/detail/get_frame__functions.c
[7.947s] -- Installing: /home/lzy/lbot_ws/install/lbot_arm_interfaces/include/lbot_arm_interfaces/lbot_arm_interfaces/srv/detail/move_c__functions.h
[7.947s] -- Installing: /home/lzy/lbot_ws/install/lbot_arm_interfaces/include/lbot_arm_interfaces/lbot_arm_interfaces/srv/detail/forward_kinematics__functions.h
[7.947s] -- Installing: /home/lzy/lbot_ws/install/lbot_arm_interfaces/include/lbot_arm_interfaces/lbot_arm_interfaces/srv/detail/inverse_kinematics__struct.h
[7.947s] -- Installing: /home/lzy/lbot_ws/install/lbot_arm_interfaces/include/lbot_arm_interfaces/lbot_arm_interfaces/srv/detail/inverse_kinematics__description.c
[7.947s] -- Installing: /home/lzy/lbot_ws/install/lbot_arm_interfaces/include/lbot_arm_interfaces/lbot_arm_interfaces/srv/detail/get_current_frame__description.c
[7.947s] -- Installing: /home/lzy/lbot_ws/install/lbot_arm_interfaces/include/lbot_arm_interfaces/lbot_arm_interfaces/srv/detail/set_enable__description.c
[7.947s] -- Installing: /home/lzy/lbot_ws/install/lbot_arm_interfaces/include/lbot_arm_interfaces/lbot_arm_interfaces/srv/detail/get_current_frame__functions.c
[7.947s] -- Installing: /home/lzy/lbot_ws/install/lbot_arm_interfaces/include/lbot_arm_interfaces/lbot_arm_interfaces/srv/detail/move_jp__struct.h
[7.947s] -- Installing: /home/lzy/lbot_ws/install/lbot_arm_interfaces/include/lbot_arm_interfaces/lbot_arm_interfaces/srv/detail/set_frame__description.c
[7.947s] -- Installing: /home/lzy/lbot_ws/install/lbot_arm_interfaces/include/lbot_arm_interfaces/lbot_arm_interfaces/srv/detail/set_zero__type_support.h
[7.947s] -- Installing: /home/lzy/lbot_ws/install/lbot_arm_interfaces/include/lbot_arm_interfaces/lbot_arm_interfaces/srv/detail/move_l__type_support.h
[7.947s] -- Installing: /home/lzy/lbot_ws/install/lbot_arm_interfaces/include/lbot_arm_interfaces/lbot_arm_interfaces/srv/detail/set_enable__type_support.h
[7.947s] -- Installing: /home/lzy/lbot_ws/install/lbot_arm_interfaces/include/lbot_arm_interfaces/lbot_arm_interfaces/srv/detail/inverse_kinematics__type_support.h
[7.947s] -- Installing: /home/lzy/lbot_ws/install/lbot_arm_interfaces/include/lbot_arm_interfaces/lbot_arm_interfaces/srv/detail/move_l__struct.h
[7.947s] -- Installing: /home/lzy/lbot_ws/install/lbot_arm_interfaces/include/lbot_arm_interfaces/lbot_arm_interfaces/srv/detail/forward_kinematics__type_support.c
[7.948s] -- Installing: /home/lzy/lbot_ws/install/lbot_arm_interfaces/include/lbot_arm_interfaces/lbot_arm_interfaces/srv/detail/set_zero__functions.c
[7.948s] -- Installing: /home/lzy/lbot_ws/install/lbot_arm_interfaces/include/lbot_arm_interfaces/lbot_arm_interfaces/srv/detail/get_all_frames__type_support.c
[7.948s] -- Installing: /home/lzy/lbot_ws/install/lbot_arm_interfaces/include/lbot_arm_interfaces/lbot_arm_interfaces/srv/detail/move_c__functions.c
[7.948s] -- Installing: /home/lzy/lbot_ws/install/lbot_arm_interfaces/include/lbot_arm_interfaces/lbot_arm_interfaces/srv/detail/set_frame__struct.h
[7.948s] -- Installing: /home/lzy/lbot_ws/install/lbot_arm_interfaces/include/lbot_arm_interfaces/lbot_arm_interfaces/srv/detail/move_j__description.c
[7.948s] -- Installing: /home/lzy/lbot_ws/install/lbot_arm_interfaces/include/lbot_arm_interfaces/lbot_arm_interfaces/srv/detail/get_frame__struct.h
[7.948s] -- Installing: /home/lzy/lbot_ws/install/lbot_arm_interfaces/include/lbot_arm_interfaces/lbot_arm_interfaces/srv/detail/set_frame__type_support.c
[7.948s] -- Installing: /home/lzy/lbot_ws/install/lbot_arm_interfaces/include/lbot_arm_interfaces/lbot_arm_interfaces/srv/detail/move_jp__type_support.c
[7.948s] -- Installing: /home/lzy/lbot_ws/install/lbot_arm_interfaces/include/lbot_arm_interfaces/lbot_arm_interfaces/srv/detail/set_emergency__type_support.h
[7.948s] -- Installing: /home/lzy/lbot_ws/install/lbot_arm_interfaces/include/lbot_arm_interfaces/lbot_arm_interfaces/srv/detail/get_all_frames__functions.h
[7.948s] -- Installing: /home/lzy/lbot_ws/install/lbot_arm_interfaces/include/lbot_arm_interfaces/lbot_arm_interfaces/srv/detail/move_c__description.c
[7.948s] -- Installing: /home/lzy/lbot_ws/install/lbot_arm_interfaces/include/lbot_arm_interfaces/lbot_arm_interfaces/srv/detail/forward_kinematics__functions.c
[7.948s] -- Installing: /home/lzy/lbot_ws/install/lbot_arm_interfaces/include/lbot_arm_interfaces/lbot_arm_interfaces/srv/detail/set_emergency__struct.h
[7.948s] -- Installing: /home/lzy/lbot_ws/install/lbot_arm_interfaces/include/lbot_arm_interfaces/lbot_arm_interfaces/srv/detail/move_j__functions.c
[7.948s] -- Installing: /home/lzy/lbot_ws/install/lbot_arm_interfaces/include/lbot_arm_interfaces/lbot_arm_interfaces/srv/detail/get_current_frame__functions.h
[7.948s] -- Installing: /home/lzy/lbot_ws/install/lbot_arm_interfaces/include/lbot_arm_interfaces/lbot_arm_interfaces/srv/detail/change_frame__functions.h
[7.948s] -- Installing: /home/lzy/lbot_ws/install/lbot_arm_interfaces/include/lbot_arm_interfaces/lbot_arm_interfaces/srv/detail/move_jp__functions.h
[7.948s] -- Installing: /home/lzy/lbot_ws/install/lbot_arm_interfaces/include/lbot_arm_interfaces/lbot_arm_interfaces/srv/detail/inverse_kinematics__type_support.c
[7.948s] -- Installing: /home/lzy/lbot_ws/install/lbot_arm_interfaces/include/lbot_arm_interfaces/lbot_arm_interfaces/srv/detail/set_string__type_support.h
[7.949s] -- Installing: /home/lzy/lbot_ws/install/lbot_arm_interfaces/include/lbot_arm_interfaces/lbot_arm_interfaces/srv/detail/move_jp__functions.c
[7.949s] -- Installing: /home/lzy/lbot_ws/install/lbot_arm_interfaces/include/lbot_arm_interfaces/lbot_arm_interfaces/srv/detail/delete_frame__type_support.h
[7.949s] -- Installing: /home/lzy/lbot_ws/install/lbot_arm_interfaces/include/lbot_arm_interfaces/lbot_arm_interfaces/srv/detail/set_frame__functions.h
[7.949s] -- Installing: /home/lzy/lbot_ws/install/lbot_arm_interfaces/include/lbot_arm_interfaces/lbot_arm_interfaces/srv/detail/get_frame__description.c
[7.949s] -- Installing: /home/lzy/lbot_ws/install/lbot_arm_interfaces/include/lbot_arm_interfaces/lbot_arm_interfaces/srv/detail/forward_kinematics__type_support.h
[7.949s] -- Installing: /home/lzy/lbot_ws/install/lbot_arm_interfaces/include/lbot_arm_interfaces/lbot_arm_interfaces/srv/detail/get_current_frame__type_support.c
[7.949s] -- Installing: /home/lzy/lbot_ws/install/lbot_arm_interfaces/include/lbot_arm_interfaces/lbot_arm_interfaces/srv/detail/change_frame__type_support.h
[7.949s] -- Installing: /home/lzy/lbot_ws/install/lbot_arm_interfaces/include/lbot_arm_interfaces/lbot_arm_interfaces/srv/detail/move_j__type_support.h
[7.949s] -- Installing: /home/lzy/lbot_ws/install/lbot_arm_interfaces/include/lbot_arm_interfaces/lbot_arm_interfaces/srv/detail/get_frame__type_support.h
[7.949s] -- Installing: /home/lzy/lbot_ws/install/lbot_arm_interfaces/include/lbot_arm_interfaces/lbot_arm_interfaces/srv/detail/set_string__functions.h
[7.949s] -- Installing: /home/lzy/lbot_ws/install/lbot_arm_interfaces/include/lbot_arm_interfaces/lbot_arm_interfaces/srv/detail/delete_frame__functions.c
[7.949s] -- Installing: /home/lzy/lbot_ws/install/lbot_arm_interfaces/include/lbot_arm_interfaces/lbot_arm_interfaces/srv/detail/set_enable__type_support.c
[7.949s] -- Installing: /home/lzy/lbot_ws/install/lbot_arm_interfaces/include/lbot_arm_interfaces/lbot_arm_interfaces/srv/detail/get_all_frames__struct.h
[7.949s] -- Installing: /home/lzy/lbot_ws/install/lbot_arm_interfaces/include/lbot_arm_interfaces/lbot_arm_interfaces/srv/detail/set_frame__type_support.h
[7.949s] -- Installing: /home/lzy/lbot_ws/install/lbot_arm_interfaces/include/lbot_arm_interfaces/lbot_arm_interfaces/srv/detail/set_zero__struct.h
[7.949s] -- Installing: /home/lzy/lbot_ws/install/lbot_arm_interfaces/include/lbot_arm_interfaces/lbot_arm_interfaces/srv/detail/delete_frame__functions.h
[7.949s] -- Installing: /home/lzy/lbot_ws/install/lbot_arm_interfaces/include/lbot_arm_interfaces/lbot_arm_interfaces/srv/detail/move_jp__description.c
[7.949s] -- Installing: /home/lzy/lbot_ws/install/lbot_arm_interfaces/include/lbot_arm_interfaces/lbot_arm_interfaces/srv/detail/set_zero__type_support.c
[7.949s] -- Installing: /home/lzy/lbot_ws/install/lbot_arm_interfaces/include/lbot_arm_interfaces/lbot_arm_interfaces/srv/detail/set_zero__functions.h
[7.949s] -- Installing: /home/lzy/lbot_ws/install/lbot_arm_interfaces/include/lbot_arm_interfaces/lbot_arm_interfaces/srv/detail/set_enable__functions.h
[7.949s] -- Installing: /home/lzy/lbot_ws/install/lbot_arm_interfaces/include/lbot_arm_interfaces/lbot_arm_interfaces/srv/detail/get_all_frames__functions.c
[7.949s] -- Installing: /home/lzy/lbot_ws/install/lbot_arm_interfaces/include/lbot_arm_interfaces/lbot_arm_interfaces/srv/detail/move_jp__type_support.h
[7.949s] -- Installing: /home/lzy/lbot_ws/install/lbot_arm_interfaces/include/lbot_arm_interfaces/lbot_arm_interfaces/srv/detail/move_j__type_support.c
[7.950s] -- Installing: /home/lzy/lbot_ws/install/lbot_arm_interfaces/include/lbot_arm_interfaces/lbot_arm_interfaces/srv/detail/set_emergency__type_support.c
[7.950s] -- Installing: /home/lzy/lbot_ws/install/lbot_arm_interfaces/include/lbot_arm_interfaces/lbot_arm_interfaces/srv/detail/set_zero__description.c
[7.950s] -- Installing: /home/lzy/lbot_ws/install/lbot_arm_interfaces/include/lbot_arm_interfaces/lbot_arm_interfaces/srv/detail/set_string__type_support.c
[7.950s] -- Installing: /home/lzy/lbot_ws/install/lbot_arm_interfaces/include/lbot_arm_interfaces/lbot_arm_interfaces/srv/detail/set_enable__functions.c
[7.950s] -- Installing: /home/lzy/lbot_ws/install/lbot_arm_interfaces/include/lbot_arm_interfaces/lbot_arm_interfaces/srv/detail/set_enable__struct.h
[7.950s] -- Installing: /home/lzy/lbot_ws/install/lbot_arm_interfaces/include/lbot_arm_interfaces/lbot_arm_interfaces/srv/detail/delete_frame__struct.h
[7.950s] -- Installing: /home/lzy/lbot_ws/install/lbot_arm_interfaces/include/lbot_arm_interfaces/lbot_arm_interfaces/srv/detail/set_string__functions.c
[7.950s] -- Installing: /home/lzy/lbot_ws/install/lbot_arm_interfaces/include/lbot_arm_interfaces/lbot_arm_interfaces/srv/detail/move_l__description.c
[7.950s] -- Installing: /home/lzy/lbot_ws/install/lbot_arm_interfaces/include/lbot_arm_interfaces/lbot_arm_interfaces/srv/detail/get_all_frames__description.c
[7.950s] -- Installing: /home/lzy/lbot_ws/install/lbot_arm_interfaces/include/lbot_arm_interfaces/lbot_arm_interfaces/srv/detail/delete_frame__type_support.c
[7.950s] -- Installing: /home/lzy/lbot_ws/install/lbot_arm_interfaces/include/lbot_arm_interfaces/lbot_arm_interfaces/srv/detail/move_c__type_support.c
[7.950s] -- Installing: /home/lzy/lbot_ws/install/lbot_arm_interfaces/include/lbot_arm_interfaces/lbot_arm_interfaces/srv/detail/change_frame__functions.c
[7.950s] -- Installing: /home/lzy/lbot_ws/install/lbot_arm_interfaces/include/lbot_arm_interfaces/lbot_arm_interfaces/srv/detail/set_frame__functions.c
[7.950s] -- Installing: /home/lzy/lbot_ws/install/lbot_arm_interfaces/include/lbot_arm_interfaces/lbot_arm_interfaces/srv/detail/move_j__functions.h
[7.950s] -- Installing: /home/lzy/lbot_ws/install/lbot_arm_interfaces/include/lbot_arm_interfaces/lbot_arm_interfaces/srv/detail/inverse_kinematics__functions.c
[7.950s] -- Installing: /home/lzy/lbot_ws/install/lbot_arm_interfaces/include/lbot_arm_interfaces/lbot_arm_interfaces/srv/detail/move_c__type_support.h
[7.950s] -- Installing: /home/lzy/lbot_ws/install/lbot_arm_interfaces/include/lbot_arm_interfaces/lbot_arm_interfaces/srv/detail/forward_kinematics__description.c
[7.950s] -- Installing: /home/lzy/lbot_ws/install/lbot_arm_interfaces/include/lbot_arm_interfaces/lbot_arm_interfaces/srv/detail/get_frame__type_support.c
[7.950s] -- Installing: /home/lzy/lbot_ws/install/lbot_arm_interfaces/include/lbot_arm_interfaces/lbot_arm_interfaces/srv/detail/set_emergency__description.c
[7.950s] -- Installing: /home/lzy/lbot_ws/install/lbot_arm_interfaces/include/lbot_arm_interfaces/lbot_arm_interfaces/srv/detail/set_string__struct.h
[7.950s] -- Installing: /home/lzy/lbot_ws/install/lbot_arm_interfaces/include/lbot_arm_interfaces/lbot_arm_interfaces/srv/set_enable.h
[7.950s] -- Installing: /home/lzy/lbot_ws/install/lbot_arm_interfaces/include/lbot_arm_interfaces/lbot_arm_interfaces/srv/forward_kinematics.h
[7.950s] -- Installing: /home/lzy/lbot_ws/install/lbot_arm_interfaces/include/lbot_arm_interfaces/lbot_arm_interfaces/srv/set_emergency.h
[7.950s] -- Installing: /home/lzy/lbot_ws/install/lbot_arm_interfaces/include/lbot_arm_interfaces/lbot_arm_interfaces/srv/delete_frame.h
[7.950s] -- Installing: /home/lzy/lbot_ws/install/lbot_arm_interfaces/include/lbot_arm_interfaces/lbot_arm_interfaces/srv/get_frame.h
[7.950s] -- Installing: /home/lzy/lbot_ws/install/lbot_arm_interfaces/include/lbot_arm_interfaces/lbot_arm_interfaces/srv/move_c.h
[7.951s] -- Installing: /home/lzy/lbot_ws/install/lbot_arm_interfaces/include/lbot_arm_interfaces/lbot_arm_interfaces/srv/move_j.h
[7.951s] -- Installing: /home/lzy/lbot_ws/install/lbot_arm_interfaces/include/lbot_arm_interfaces/lbot_arm_interfaces/srv/get_all_frames.h
[7.951s] -- Installing: /home/lzy/lbot_ws/install/lbot_arm_interfaces/include/lbot_arm_interfaces/lbot_arm_interfaces/srv/set_string.h
[7.951s] -- Installing: /home/lzy/lbot_ws/install/lbot_arm_interfaces/include/lbot_arm_interfaces/lbot_arm_interfaces/srv/set_zero.h
[7.951s] -- Installing: /home/lzy/lbot_ws/install/lbot_arm_interfaces/include/lbot_arm_interfaces/lbot_arm_interfaces/srv/move_l.h
[7.951s] -- Installing: /home/lzy/lbot_ws/install/lbot_arm_interfaces/include/lbot_arm_interfaces/lbot_arm_interfaces/srv/inverse_kinematics.h
[7.951s] -- Installing: /home/lzy/lbot_ws/install/lbot_arm_interfaces/include/lbot_arm_interfaces/lbot_arm_interfaces/srv/get_current_frame.h
[7.951s] -- Installing: /home/lzy/lbot_ws/install/lbot_arm_interfaces/include/lbot_arm_interfaces/lbot_arm_interfaces/srv/move_jp.h
[7.951s] -- Installing: /home/lzy/lbot_ws/install/lbot_arm_interfaces/share/lbot_arm_interfaces/environment/library_path.sh
[7.951s] -- Installing: /home/lzy/lbot_ws/install/lbot_arm_interfaces/share/lbot_arm_interfaces/environment/library_path.dsv
[7.951s] -- Installing: /home/lzy/lbot_ws/install/lbot_arm_interfaces/lib/liblbot_arm_interfaces__rosidl_generator_c.so
[7.951s] -- Set non-toolchain portion of runtime path of "/home/lzy/lbot_ws/install/lbot_arm_interfaces/lib/liblbot_arm_interfaces__rosidl_generator_c.so" to ""
[7.951s] -- Up-to-date: /home/lzy/lbot_ws/install/lbot_arm_interfaces/include/lbot_arm_interfaces/lbot_arm_interfaces
[7.951s] -- Up-to-date: /home/lzy/lbot_ws/install/lbot_arm_interfaces/include/lbot_arm_interfaces/lbot_arm_interfaces/msg
[7.951s] -- Installing: /home/lzy/lbot_ws/install/lbot_arm_interfaces/include/lbot_arm_interfaces/lbot_arm_interfaces/msg/rosidl_typesupport_fastrtps_c__visibility_control.h
[7.951s] -- Up-to-date: /home/lzy/lbot_ws/install/lbot_arm_interfaces/include/lbot_arm_interfaces/lbot_arm_interfaces/msg/detail
[7.951s] -- Installing: /home/lzy/lbot_ws/install/lbot_arm_interfaces/include/lbot_arm_interfaces/lbot_arm_interfaces/msg/detail/lbot_pose__rosidl_typesupport_fastrtps_c.h
[7.951s] -- Installing: /home/lzy/lbot_ws/install/lbot_arm_interfaces/include/lbot_arm_interfaces/lbot_arm_interfaces/msg/detail/arm_state__rosidl_typesupport_fastrtps_c.h
[7.951s] -- Installing: /home/lzy/lbot_ws/install/lbot_arm_interfaces/include/lbot_arm_interfaces/lbot_arm_interfaces/msg/detail/lbot_frame__rosidl_typesupport_fastrtps_c.h
[7.951s] -- Installing: /home/lzy/lbot_ws/install/lbot_arm_interfaces/include/lbot_arm_interfaces/lbot_arm_interfaces/msg/detail/follow_joint__rosidl_typesupport_fastrtps_c.h
[7.951s] -- Up-to-date: /home/lzy/lbot_ws/install/lbot_arm_interfaces/include/lbot_arm_interfaces/lbot_arm_interfaces/srv
[7.951s] -- Up-to-date: /home/lzy/lbot_ws/install/lbot_arm_interfaces/include/lbot_arm_interfaces/lbot_arm_interfaces/srv/detail
[7.951s] -- Installing: /home/lzy/lbot_ws/install/lbot_arm_interfaces/include/lbot_arm_interfaces/lbot_arm_interfaces/srv/detail/set_zero__rosidl_typesupport_fastrtps_c.h
[7.951s] -- Installing: /home/lzy/lbot_ws/install/lbot_arm_interfaces/include/lbot_arm_interfaces/lbot_arm_interfaces/srv/detail/set_enable__rosidl_typesupport_fastrtps_c.h
[7.951s] -- Installing: /home/lzy/lbot_ws/install/lbot_arm_interfaces/include/lbot_arm_interfaces/lbot_arm_interfaces/srv/detail/set_string__rosidl_typesupport_fastrtps_c.h
[7.951s] -- Installing: /home/lzy/lbot_ws/install/lbot_arm_interfaces/include/lbot_arm_interfaces/lbot_arm_interfaces/srv/detail/get_frame__rosidl_typesupport_fastrtps_c.h
[7.951s] -- Installing: /home/lzy/lbot_ws/install/lbot_arm_interfaces/include/lbot_arm_interfaces/lbot_arm_interfaces/srv/detail/get_all_frames__rosidl_typesupport_fastrtps_c.h
[7.951s] -- Installing: /home/lzy/lbot_ws/install/lbot_arm_interfaces/include/lbot_arm_interfaces/lbot_arm_interfaces/srv/detail/move_j__rosidl_typesupport_fastrtps_c.h
[7.952s] -- Installing: /home/lzy/lbot_ws/install/lbot_arm_interfaces/include/lbot_arm_interfaces/lbot_arm_interfaces/srv/detail/set_emergency__rosidl_typesupport_fastrtps_c.h
[7.952s] -- Installing: /home/lzy/lbot_ws/install/lbot_arm_interfaces/include/lbot_arm_interfaces/lbot_arm_interfaces/srv/detail/forward_kinematics__rosidl_typesupport_fastrtps_c.h
[7.952s] -- Installing: /home/lzy/lbot_ws/install/lbot_arm_interfaces/include/lbot_arm_interfaces/lbot_arm_interfaces/srv/detail/set_frame__rosidl_typesupport_fastrtps_c.h
[7.952s] -- Installing: /home/lzy/lbot_ws/install/lbot_arm_interfaces/include/lbot_arm_interfaces/lbot_arm_interfaces/srv/detail/move_jp__rosidl_typesupport_fastrtps_c.h
[7.952s] -- Installing: /home/lzy/lbot_ws/install/lbot_arm_interfaces/include/lbot_arm_interfaces/lbot_arm_interfaces/srv/detail/move_l__rosidl_typesupport_fastrtps_c.h
[7.952s] -- Installing: /home/lzy/lbot_ws/install/lbot_arm_interfaces/include/lbot_arm_interfaces/lbot_arm_interfaces/srv/detail/move_c__rosidl_typesupport_fastrtps_c.h
[7.952s] -- Installing: /home/lzy/lbot_ws/install/lbot_arm_interfaces/include/lbot_arm_interfaces/lbot_arm_interfaces/srv/detail/get_current_frame__rosidl_typesupport_fastrtps_c.h
[7.952s] -- Installing: /home/lzy/lbot_ws/install/lbot_arm_interfaces/include/lbot_arm_interfaces/lbot_arm_interfaces/srv/detail/inverse_kinematics__rosidl_typesupport_fastrtps_c.h
[7.952s] -- Installing: /home/lzy/lbot_ws/install/lbot_arm_interfaces/include/lbot_arm_interfaces/lbot_arm_interfaces/srv/detail/delete_frame__rosidl_typesupport_fastrtps_c.h
[7.952s] -- Installing: /home/lzy/lbot_ws/install/lbot_arm_interfaces/include/lbot_arm_interfaces/lbot_arm_interfaces/srv/detail/change_frame__rosidl_typesupport_fastrtps_c.h
[7.952s] -- Installing: /home/lzy/lbot_ws/install/lbot_arm_interfaces/lib/liblbot_arm_interfaces__rosidl_typesupport_fastrtps_c.so
[7.952s] -- Set non-toolchain portion of runtime path of "/home/lzy/lbot_ws/install/lbot_arm_interfaces/lib/liblbot_arm_interfaces__rosidl_typesupport_fastrtps_c.so" to ""
[7.952s] -- Up-to-date: /home/lzy/lbot_ws/install/lbot_arm_interfaces/include/lbot_arm_interfaces/lbot_arm_interfaces
[7.952s] -- Up-to-date: /home/lzy/lbot_ws/install/lbot_arm_interfaces/include/lbot_arm_interfaces/lbot_arm_interfaces/msg
[7.952s] -- Up-to-date: /home/lzy/lbot_ws/install/lbot_arm_interfaces/include/lbot_arm_interfaces/lbot_arm_interfaces/msg/detail
[7.952s] -- Installing: /home/lzy/lbot_ws/install/lbot_arm_interfaces/include/lbot_arm_interfaces/lbot_arm_interfaces/msg/detail/arm_state__type_support.hpp
[7.952s] -- Installing: /home/lzy/lbot_ws/install/lbot_arm_interfaces/include/lbot_arm_interfaces/lbot_arm_interfaces/msg/detail/lbot_pose__type_support.hpp
[7.952s] -- Installing: /home/lzy/lbot_ws/install/lbot_arm_interfaces/include/lbot_arm_interfaces/lbot_arm_interfaces/msg/detail/lbot_pose__traits.hpp
[7.952s] -- Installing: /home/lzy/lbot_ws/install/lbot_arm_interfaces/include/lbot_arm_interfaces/lbot_arm_interfaces/msg/detail/lbot_frame__struct.hpp
[7.952s] -- Installing: /home/lzy/lbot_ws/install/lbot_arm_interfaces/include/lbot_arm_interfaces/lbot_arm_interfaces/msg/detail/follow_joint__builder.hpp
[7.952s] -- Installing: /home/lzy/lbot_ws/install/lbot_arm_interfaces/include/lbot_arm_interfaces/lbot_arm_interfaces/msg/detail/lbot_pose__builder.hpp
[7.952s] -- Installing: /home/lzy/lbot_ws/install/lbot_arm_interfaces/include/lbot_arm_interfaces/lbot_arm_interfaces/msg/detail/arm_state__traits.hpp
[7.952s] -- Installing: /home/lzy/lbot_ws/install/lbot_arm_interfaces/include/lbot_arm_interfaces/lbot_arm_interfaces/msg/detail/lbot_frame__builder.hpp
[7.952s] -- Installing: /home/lzy/lbot_ws/install/lbot_arm_interfaces/include/lbot_arm_interfaces/lbot_arm_interfaces/msg/detail/follow_joint__traits.hpp
[7.952s] -- Installing: /home/lzy/lbot_ws/install/lbot_arm_interfaces/include/lbot_arm_interfaces/lbot_arm_interfaces/msg/detail/arm_state__builder.hpp
[7.953s] -- Installing: /home/lzy/lbot_ws/install/lbot_arm_interfaces/include/lbot_arm_interfaces/lbot_arm_interfaces/msg/detail/follow_joint__type_support.hpp
[7.953s] -- Installing: /home/lzy/lbot_ws/install/lbot_arm_interfaces/include/lbot_arm_interfaces/lbot_arm_interfaces/msg/detail/lbot_frame__type_support.hpp
[7.953s] -- Installing: /home/lzy/lbot_ws/install/lbot_arm_interfaces/include/lbot_arm_interfaces/lbot_arm_interfaces/msg/detail/follow_joint__struct.hpp
[7.953s] -- Installing: /home/lzy/lbot_ws/install/lbot_arm_interfaces/include/lbot_arm_interfaces/lbot_arm_interfaces/msg/detail/lbot_frame__traits.hpp
[7.953s] -- Installing: /home/lzy/lbot_ws/install/lbot_arm_interfaces/include/lbot_arm_interfaces/lbot_arm_interfaces/msg/detail/lbot_pose__struct.hpp
[7.953s] -- Installing: /home/lzy/lbot_ws/install/lbot_arm_interfaces/include/lbot_arm_interfaces/lbot_arm_interfaces/msg/detail/arm_state__struct.hpp
[7.953s] -- Installing: /home/lzy/lbot_ws/install/lbot_arm_interfaces/include/lbot_arm_interfaces/lbot_arm_interfaces/msg/arm_state.hpp
[7.953s] -- Installing: /home/lzy/lbot_ws/install/lbot_arm_interfaces/include/lbot_arm_interfaces/lbot_arm_interfaces/msg/rosidl_generator_cpp__visibility_control.hpp
[7.953s] -- Installing: /home/lzy/lbot_ws/install/lbot_arm_interfaces/include/lbot_arm_interfaces/lbot_arm_interfaces/msg/lbot_pose.hpp
[7.953s] -- Installing: /home/lzy/lbot_ws/install/lbot_arm_interfaces/include/lbot_arm_interfaces/lbot_arm_interfaces/msg/follow_joint.hpp
[7.953s] -- Installing: /home/lzy/lbot_ws/install/lbot_arm_interfaces/include/lbot_arm_interfaces/lbot_arm_interfaces/msg/lbot_frame.hpp
[7.953s] -- Up-to-date: /home/lzy/lbot_ws/install/lbot_arm_interfaces/include/lbot_arm_interfaces/lbot_arm_interfaces/srv
[7.953s] -- Installing: /home/lzy/lbot_ws/install/lbot_arm_interfaces/include/lbot_arm_interfaces/lbot_arm_interfaces/srv/set_string.hpp
[7.953s] -- Up-to-date: /home/lzy/lbot_ws/install/lbot_arm_interfaces/include/lbot_arm_interfaces/lbot_arm_interfaces/srv/detail
[7.953s] -- Installing: /home/lzy/lbot_ws/install/lbot_arm_interfaces/include/lbot_arm_interfaces/lbot_arm_interfaces/srv/detail/set_enable__struct.hpp
[7.953s] -- Installing: /home/lzy/lbot_ws/install/lbot_arm_interfaces/include/lbot_arm_interfaces/lbot_arm_interfaces/srv/detail/set_frame__traits.hpp
[7.953s] -- Installing: /home/lzy/lbot_ws/install/lbot_arm_interfaces/include/lbot_arm_interfaces/lbot_arm_interfaces/srv/detail/inverse_kinematics__builder.hpp
[7.953s] -- Installing: /home/lzy/lbot_ws/install/lbot_arm_interfaces/include/lbot_arm_interfaces/lbot_arm_interfaces/srv/detail/get_current_frame__traits.hpp
[7.953s] -- Installing: /home/lzy/lbot_ws/install/lbot_arm_interfaces/include/lbot_arm_interfaces/lbot_arm_interfaces/srv/detail/move_c__type_support.hpp
[7.953s] -- Installing: /home/lzy/lbot_ws/install/lbot_arm_interfaces/include/lbot_arm_interfaces/lbot_arm_interfaces/srv/detail/set_string__builder.hpp
[7.953s] -- Installing: /home/lzy/lbot_ws/install/lbot_arm_interfaces/include/lbot_arm_interfaces/lbot_arm_interfaces/srv/detail/set_enable__traits.hpp
[7.953s] -- Installing: /home/lzy/lbot_ws/install/lbot_arm_interfaces/include/lbot_arm_interfaces/lbot_arm_interfaces/srv/detail/inverse_kinematics__type_support.hpp
[7.953s] -- Installing: /home/lzy/lbot_ws/install/lbot_arm_interfaces/include/lbot_arm_interfaces/lbot_arm_interfaces/srv/detail/set_enable__type_support.hpp
[7.953s] -- Installing: /home/lzy/lbot_ws/install/lbot_arm_interfaces/include/lbot_arm_interfaces/lbot_arm_interfaces/srv/detail/set_emergency__struct.hpp
[7.953s] -- Installing: /home/lzy/lbot_ws/install/lbot_arm_interfaces/include/lbot_arm_interfaces/lbot_arm_interfaces/srv/detail/forward_kinematics__builder.hpp
[7.954s] -- Installing: /home/lzy/lbot_ws/install/lbot_arm_interfaces/include/lbot_arm_interfaces/lbot_arm_interfaces/srv/detail/change_frame__traits.hpp
[7.954s] -- Installing: /home/lzy/lbot_ws/install/lbot_arm_interfaces/include/lbot_arm_interfaces/lbot_arm_interfaces/srv/detail/move_jp__traits.hpp
[7.954s] -- Installing: /home/lzy/lbot_ws/install/lbot_arm_interfaces/include/lbot_arm_interfaces/lbot_arm_interfaces/srv/detail/set_string__traits.hpp
[7.954s] -- Installing: /home/lzy/lbot_ws/install/lbot_arm_interfaces/include/lbot_arm_interfaces/lbot_arm_interfaces/srv/detail/move_l__struct.hpp
[7.954s] -- Installing: /home/lzy/lbot_ws/install/lbot_arm_interfaces/include/lbot_arm_interfaces/lbot_arm_interfaces/srv/detail/get_all_frames__struct.hpp
[7.954s] -- Installing: /home/lzy/lbot_ws/install/lbot_arm_interfaces/include/lbot_arm_interfaces/lbot_arm_interfaces/srv/detail/set_emergency__type_support.hpp
[7.954s] -- Installing: /home/lzy/lbot_ws/install/lbot_arm_interfaces/include/lbot_arm_interfaces/lbot_arm_interfaces/srv/detail/get_all_frames__traits.hpp
[7.954s] -- Installing: /home/lzy/lbot_ws/install/lbot_arm_interfaces/include/lbot_arm_interfaces/lbot_arm_interfaces/srv/detail/set_zero__struct.hpp
[7.954s] -- Installing: /home/lzy/lbot_ws/install/lbot_arm_interfaces/include/lbot_arm_interfaces/lbot_arm_interfaces/srv/detail/set_emergency__builder.hpp
[7.954s] -- Installing: /home/lzy/lbot_ws/install/lbot_arm_interfaces/include/lbot_arm_interfaces/lbot_arm_interfaces/srv/detail/inverse_kinematics__traits.hpp
[7.954s] -- Installing: /home/lzy/lbot_ws/install/lbot_arm_interfaces/include/lbot_arm_interfaces/lbot_arm_interfaces/srv/detail/get_all_frames__builder.hpp
[7.954s] -- Installing: /home/lzy/lbot_ws/install/lbot_arm_interfaces/include/lbot_arm_interfaces/lbot_arm_interfaces/srv/detail/set_emergency__traits.hpp
[7.954s] -- Installing: /home/lzy/lbot_ws/install/lbot_arm_interfaces/include/lbot_arm_interfaces/lbot_arm_interfaces/srv/detail/forward_kinematics__traits.hpp
[7.954s] -- Installing: /home/lzy/lbot_ws/install/lbot_arm_interfaces/include/lbot_arm_interfaces/lbot_arm_interfaces/srv/detail/move_j__traits.hpp
[7.954s] -- Installing: /home/lzy/lbot_ws/install/lbot_arm_interfaces/include/lbot_arm_interfaces/lbot_arm_interfaces/srv/detail/set_frame__builder.hpp
[7.954s] -- Installing: /home/lzy/lbot_ws/install/lbot_arm_interfaces/include/lbot_arm_interfaces/lbot_arm_interfaces/srv/detail/forward_kinematics__struct.hpp
[7.954s] -- Installing: /home/lzy/lbot_ws/install/lbot_arm_interfaces/include/lbot_arm_interfaces/lbot_arm_interfaces/srv/detail/move_c__struct.hpp
[7.954s] -- Installing: /home/lzy/lbot_ws/install/lbot_arm_interfaces/include/lbot_arm_interfaces/lbot_arm_interfaces/srv/detail/change_frame__struct.hpp
[7.954s] -- Installing: /home/lzy/lbot_ws/install/lbot_arm_interfaces/include/lbot_arm_interfaces/lbot_arm_interfaces/srv/detail/delete_frame__traits.hpp
[7.954s] -- Installing: /home/lzy/lbot_ws/install/lbot_arm_interfaces/include/lbot_arm_interfaces/lbot_arm_interfaces/srv/detail/move_l__traits.hpp
[7.954s] -- Installing: /home/lzy/lbot_ws/install/lbot_arm_interfaces/include/lbot_arm_interfaces/lbot_arm_interfaces/srv/detail/set_frame__struct.hpp
[7.954s] -- Installing: /home/lzy/lbot_ws/install/lbot_arm_interfaces/include/lbot_arm_interfaces/lbot_arm_interfaces/srv/detail/set_string__type_support.hpp
[7.955s] -- Installing: /home/lzy/lbot_ws/install/lbot_arm_interfaces/include/lbot_arm_interfaces/lbot_arm_interfaces/srv/detail/set_zero__traits.hpp
[7.955s] -- Installing: /home/lzy/lbot_ws/install/lbot_arm_interfaces/include/lbot_arm_interfaces/lbot_arm_interfaces/srv/detail/get_frame__struct.hpp
[7.955s] -- Installing: /home/lzy/lbot_ws/install/lbot_arm_interfaces/include/lbot_arm_interfaces/lbot_arm_interfaces/srv/detail/move_j__builder.hpp
[7.955s] -- Installing: /home/lzy/lbot_ws/install/lbot_arm_interfaces/include/lbot_arm_interfaces/lbot_arm_interfaces/srv/detail/delete_frame__struct.hpp
[7.955s] -- Installing: /home/lzy/lbot_ws/install/lbot_arm_interfaces/include/lbot_arm_interfaces/lbot_arm_interfaces/srv/detail/inverse_kinematics__struct.hpp
[7.955s] -- Installing: /home/lzy/lbot_ws/install/lbot_arm_interfaces/include/lbot_arm_interfaces/lbot_arm_interfaces/srv/detail/move_j__struct.hpp
[7.955s] -- Installing: /home/lzy/lbot_ws/install/lbot_arm_interfaces/include/lbot_arm_interfaces/lbot_arm_interfaces/srv/detail/set_enable__builder.hpp
[7.955s] -- Installing: /home/lzy/lbot_ws/install/lbot_arm_interfaces/include/lbot_arm_interfaces/lbot_arm_interfaces/srv/detail/get_current_frame__struct.hpp
[7.955s] -- Installing: /home/lzy/lbot_ws/install/lbot_arm_interfaces/include/lbot_arm_interfaces/lbot_arm_interfaces/srv/detail/move_c__builder.hpp
[7.955s] -- Installing: /home/lzy/lbot_ws/install/lbot_arm_interfaces/include/lbot_arm_interfaces/lbot_arm_interfaces/srv/detail/forward_kinematics__type_support.hpp
[7.955s] -- Installing: /home/lzy/lbot_ws/install/lbot_arm_interfaces/include/lbot_arm_interfaces/lbot_arm_interfaces/srv/detail/move_jp__struct.hpp
[7.955s] -- Installing: /home/lzy/lbot_ws/install/lbot_arm_interfaces/include/lbot_arm_interfaces/lbot_arm_interfaces/srv/detail/get_frame__traits.hpp
[7.955s] -- Installing: /home/lzy/lbot_ws/install/lbot_arm_interfaces/include/lbot_arm_interfaces/lbot_arm_interfaces/srv/detail/get_frame__type_support.hpp
[7.955s] -- Installing: /home/lzy/lbot_ws/install/lbot_arm_interfaces/include/lbot_arm_interfaces/lbot_arm_interfaces/srv/detail/move_c__traits.hpp
[7.955s] -- Installing: /home/lzy/lbot_ws/install/lbot_arm_interfaces/include/lbot_arm_interfaces/lbot_arm_interfaces/srv/detail/delete_frame__builder.hpp
[7.955s] -- Installing: /home/lzy/lbot_ws/install/lbot_arm_interfaces/include/lbot_arm_interfaces/lbot_arm_interfaces/srv/detail/set_zero__builder.hpp
[7.955s] -- Installing: /home/lzy/lbot_ws/install/lbot_arm_interfaces/include/lbot_arm_interfaces/lbot_arm_interfaces/srv/detail/set_zero__type_support.hpp
[7.955s] -- Installing: /home/lzy/lbot_ws/install/lbot_arm_interfaces/include/lbot_arm_interfaces/lbot_arm_interfaces/srv/detail/move_jp__builder.hpp
[7.955s] -- Installing: /home/lzy/lbot_ws/install/lbot_arm_interfaces/include/lbot_arm_interfaces/lbot_arm_interfaces/srv/detail/get_frame__builder.hpp
[7.955s] -- Installing: /home/lzy/lbot_ws/install/lbot_arm_interfaces/include/lbot_arm_interfaces/lbot_arm_interfaces/srv/detail/set_frame__type_support.hpp
[7.955s] -- Installing: /home/lzy/lbot_ws/install/lbot_arm_interfaces/include/lbot_arm_interfaces/lbot_arm_interfaces/srv/detail/move_l__builder.hpp
[7.955s] -- Installing: /home/lzy/lbot_ws/install/lbot_arm_interfaces/include/lbot_arm_interfaces/lbot_arm_interfaces/srv/detail/move_j__type_support.hpp
[7.955s] -- Installing: /home/lzy/lbot_ws/install/lbot_arm_interfaces/include/lbot_arm_interfaces/lbot_arm_interfaces/srv/detail/get_all_frames__type_support.hpp
[7.956s] -- Installing: /home/lzy/lbot_ws/install/lbot_arm_interfaces/include/lbot_arm_interfaces/lbot_arm_interfaces/srv/detail/move_jp__type_support.hpp
[7.956s] -- Installing: /home/lzy/lbot_ws/install/lbot_arm_interfaces/include/lbot_arm_interfaces/lbot_arm_interfaces/srv/detail/change_frame__type_support.hpp
[7.956s] -- Installing: /home/lzy/lbot_ws/install/lbot_arm_interfaces/include/lbot_arm_interfaces/lbot_arm_interfaces/srv/detail/get_current_frame__builder.hpp
[7.956s] -- Installing: /home/lzy/lbot_ws/install/lbot_arm_interfaces/include/lbot_arm_interfaces/lbot_arm_interfaces/srv/detail/delete_frame__type_support.hpp
[7.956s] -- Installing: /home/lzy/lbot_ws/install/lbot_arm_interfaces/include/lbot_arm_interfaces/lbot_arm_interfaces/srv/detail/set_string__struct.hpp
[7.956s] -- Installing: /home/lzy/lbot_ws/install/lbot_arm_interfaces/include/lbot_arm_interfaces/lbot_arm_interfaces/srv/detail/get_current_frame__type_support.hpp
[7.956s] -- Installing: /home/lzy/lbot_ws/install/lbot_arm_interfaces/include/lbot_arm_interfaces/lbot_arm_interfaces/srv/detail/change_frame__builder.hpp
[7.956s] -- Installing: /home/lzy/lbot_ws/install/lbot_arm_interfaces/include/lbot_arm_interfaces/lbot_arm_interfaces/srv/detail/move_l__type_support.hpp
[7.956s] -- Installing: /home/lzy/lbot_ws/install/lbot_arm_interfaces/include/lbot_arm_interfaces/lbot_arm_interfaces/srv/delete_frame.hpp
[7.956s] -- Installing: /home/lzy/lbot_ws/install/lbot_arm_interfaces/include/lbot_arm_interfaces/lbot_arm_interfaces/srv/forward_kinematics.hpp
[7.956s] -- Installing: /home/lzy/lbot_ws/install/lbot_arm_interfaces/include/lbot_arm_interfaces/lbot_arm_interfaces/srv/set_frame.hpp
[7.956s] -- Installing: /home/lzy/lbot_ws/install/lbot_arm_interfaces/include/lbot_arm_interfaces/lbot_arm_interfaces/srv/move_l.hpp
[7.956s] -- Installing: /home/lzy/lbot_ws/install/lbot_arm_interfaces/include/lbot_arm_interfaces/lbot_arm_interfaces/srv/set_zero.hpp
[7.956s] -- Installing: /home/lzy/lbot_ws/install/lbot_arm_interfaces/include/lbot_arm_interfaces/lbot_arm_interfaces/srv/move_jp.hpp
[7.956s] -- Installing: /home/lzy/lbot_ws/install/lbot_arm_interfaces/include/lbot_arm_interfaces/lbot_arm_interfaces/srv/set_emergency.hpp
[7.956s] -- Installing: /home/lzy/lbot_ws/install/lbot_arm_interfaces/include/lbot_arm_interfaces/lbot_arm_interfaces/srv/set_enable.hpp
[7.956s] -- Installing: /home/lzy/lbot_ws/install/lbot_arm_interfaces/include/lbot_arm_interfaces/lbot_arm_interfaces/srv/change_frame.hpp
[7.956s] -- Installing: /home/lzy/lbot_ws/install/lbot_arm_interfaces/include/lbot_arm_interfaces/lbot_arm_interfaces/srv/move_c.hpp
[7.956s] -- Installing: /home/lzy/lbot_ws/install/lbot_arm_interfaces/include/lbot_arm_interfaces/lbot_arm_interfaces/srv/get_current_frame.hpp
[7.956s] -- Installing: /home/lzy/lbot_ws/install/lbot_arm_interfaces/include/lbot_arm_interfaces/lbot_arm_interfaces/srv/move_j.hpp
[7.956s] -- Installing: /home/lzy/lbot_ws/install/lbot_arm_interfaces/include/lbot_arm_interfaces/lbot_arm_interfaces/srv/get_all_frames.hpp
[7.956s] -- Installing: /home/lzy/lbot_ws/install/lbot_arm_interfaces/include/lbot_arm_interfaces/lbot_arm_interfaces/srv/get_frame.hpp
[7.956s] -- Installing: /home/lzy/lbot_ws/install/lbot_arm_interfaces/include/lbot_arm_interfaces/lbot_arm_interfaces/srv/inverse_kinematics.hpp
[7.956s] -- Up-to-date: /home/lzy/lbot_ws/install/lbot_arm_interfaces/include/lbot_arm_interfaces/lbot_arm_interfaces
[7.956s] -- Up-to-date: /home/lzy/lbot_ws/install/lbot_arm_interfaces/include/lbot_arm_interfaces/lbot_arm_interfaces/msg
[7.956s] -- Up-to-date: /home/lzy/lbot_ws/install/lbot_arm_interfaces/include/lbot_arm_interfaces/lbot_arm_interfaces/msg/detail
[7.956s] -- Installing: /home/lzy/lbot_ws/install/lbot_arm_interfaces/include/lbot_arm_interfaces/lbot_arm_interfaces/msg/detail/lbot_frame__rosidl_typesupport_fastrtps_cpp.hpp
[7.956s] -- Installing: /home/lzy/lbot_ws/install/lbot_arm_interfaces/include/lbot_arm_interfaces/lbot_arm_interfaces/msg/detail/dds_fastrtps
[7.956s] -- Installing: /home/lzy/lbot_ws/install/lbot_arm_interfaces/include/lbot_arm_interfaces/lbot_arm_interfaces/msg/detail/lbot_pose__rosidl_typesupport_fastrtps_cpp.hpp
[7.956s] -- Installing: /home/lzy/lbot_ws/install/lbot_arm_interfaces/include/lbot_arm_interfaces/lbot_arm_interfaces/msg/detail/follow_joint__rosidl_typesupport_fastrtps_cpp.hpp
[7.956s] -- Installing: /home/lzy/lbot_ws/install/lbot_arm_interfaces/include/lbot_arm_interfaces/lbot_arm_interfaces/msg/detail/arm_state__rosidl_typesupport_fastrtps_cpp.hpp
[7.957s] -- Installing: /home/lzy/lbot_ws/install/lbot_arm_interfaces/include/lbot_arm_interfaces/lbot_arm_interfaces/msg/rosidl_typesupport_fastrtps_cpp__visibility_control.h
[7.957s] -- Up-to-date: /home/lzy/lbot_ws/install/lbot_arm_interfaces/include/lbot_arm_interfaces/lbot_arm_interfaces/srv
[7.957s] -- Up-to-date: /home/lzy/lbot_ws/install/lbot_arm_interfaces/include/lbot_arm_interfaces/lbot_arm_interfaces/srv/detail
[7.957s] -- Installing: /home/lzy/lbot_ws/install/lbot_arm_interfaces/include/lbot_arm_interfaces/lbot_arm_interfaces/srv/detail/move_c__rosidl_typesupport_fastrtps_cpp.hpp
[7.957s] -- Installing: /home/lzy/lbot_ws/install/lbot_arm_interfaces/include/lbot_arm_interfaces/lbot_arm_interfaces/srv/detail/get_frame__rosidl_typesupport_fastrtps_cpp.hpp
[7.957s] -- Installing: /home/lzy/lbot_ws/install/lbot_arm_interfaces/include/lbot_arm_interfaces/lbot_arm_interfaces/srv/detail/delete_frame__rosidl_typesupport_fastrtps_cpp.hpp
[7.957s] -- Installing: /home/lzy/lbot_ws/install/lbot_arm_interfaces/include/lbot_arm_interfaces/lbot_arm_interfaces/srv/detail/forward_kinematics__rosidl_typesupport_fastrtps_cpp.hpp
[7.957s] -- Installing: /home/lzy/lbot_ws/install/lbot_arm_interfaces/include/lbot_arm_interfaces/lbot_arm_interfaces/srv/detail/inverse_kinematics__rosidl_typesupport_fastrtps_cpp.hpp
[7.957s] -- Installing: /home/lzy/lbot_ws/install/lbot_arm_interfaces/include/lbot_arm_interfaces/lbot_arm_interfaces/srv/detail/set_zero__rosidl_typesupport_fastrtps_cpp.hpp
[7.957s] -- Installing: /home/lzy/lbot_ws/install/lbot_arm_interfaces/include/lbot_arm_interfaces/lbot_arm_interfaces/srv/detail/set_enable__rosidl_typesupport_fastrtps_cpp.hpp
[7.957s] -- Installing: /home/lzy/lbot_ws/install/lbot_arm_interfaces/include/lbot_arm_interfaces/lbot_arm_interfaces/srv/detail/dds_fastrtps
[7.957s] -- Installing: /home/lzy/lbot_ws/install/lbot_arm_interfaces/include/lbot_arm_interfaces/lbot_arm_interfaces/srv/detail/set_frame__rosidl_typesupport_fastrtps_cpp.hpp
[7.957s] -- Installing: /home/lzy/lbot_ws/install/lbot_arm_interfaces/include/lbot_arm_interfaces/lbot_arm_interfaces/srv/detail/get_all_frames__rosidl_typesupport_fastrtps_cpp.hpp
[7.957s] -- Installing: /home/lzy/lbot_ws/install/lbot_arm_interfaces/include/lbot_arm_interfaces/lbot_arm_interfaces/srv/detail/set_emergency__rosidl_typesupport_fastrtps_cpp.hpp
[7.957s] -- Installing: /home/lzy/lbot_ws/install/lbot_arm_interfaces/include/lbot_arm_interfaces/lbot_arm_interfaces/srv/detail/set_string__rosidl_typesupport_fastrtps_cpp.hpp
[7.957s] -- Installing: /home/lzy/lbot_ws/install/lbot_arm_interfaces/include/lbot_arm_interfaces/lbot_arm_interfaces/srv/detail/move_j__rosidl_typesupport_fastrtps_cpp.hpp
[7.957s] -- Installing: /home/lzy/lbot_ws/install/lbot_arm_interfaces/include/lbot_arm_interfaces/lbot_arm_interfaces/srv/detail/get_current_frame__rosidl_typesupport_fastrtps_cpp.hpp
[7.957s] -- Installing: /home/lzy/lbot_ws/install/lbot_arm_interfaces/include/lbot_arm_interfaces/lbot_arm_interfaces/srv/detail/change_frame__rosidl_typesupport_fastrtps_cpp.hpp
[7.957s] -- Installing: /home/lzy/lbot_ws/install/lbot_arm_interfaces/include/lbot_arm_interfaces/lbot_arm_interfaces/srv/detail/move_l__rosidl_typesupport_fastrtps_cpp.hpp
[7.957s] -- Installing: /home/lzy/lbot_ws/install/lbot_arm_interfaces/include/lbot_arm_interfaces/lbot_arm_interfaces/srv/detail/move_jp__rosidl_typesupport_fastrtps_cpp.hpp
[7.957s] -- Installing: /home/lzy/lbot_ws/install/lbot_arm_interfaces/lib/liblbot_arm_interfaces__rosidl_typesupport_fastrtps_cpp.so
[7.958s] -- Set non-toolchain portion of runtime path of "/home/lzy/lbot_ws/install/lbot_arm_interfaces/lib/liblbot_arm_interfaces__rosidl_typesupport_fastrtps_cpp.so" to ""
[7.958s] -- Up-to-date: /home/lzy/lbot_ws/install/lbot_arm_interfaces/include/lbot_arm_interfaces/lbot_arm_interfaces
[7.958s] -- Up-to-date: /home/lzy/lbot_ws/install/lbot_arm_interfaces/include/lbot_arm_interfaces/lbot_arm_interfaces/msg
[7.958s] -- Up-to-date: /home/lzy/lbot_ws/install/lbot_arm_interfaces/include/lbot_arm_interfaces/lbot_arm_interfaces/msg/detail
[7.958s] -- Installing: /home/lzy/lbot_ws/install/lbot_arm_interfaces/include/lbot_arm_interfaces/lbot_arm_interfaces/msg/detail/follow_joint__rosidl_typesupport_introspection_c.h
[7.958s] -- Up-to-date: /home/lzy/lbot_ws/install/lbot_arm_interfaces/include/lbot_arm_interfaces/lbot_arm_interfaces/msg/detail/arm_state__type_support.c
[7.958s] -- Up-to-date: /home/lzy/lbot_ws/install/lbot_arm_interfaces/include/lbot_arm_interfaces/lbot_arm_interfaces/msg/detail/follow_joint__type_support.c
[7.958s] -- Installing: /home/lzy/lbot_ws/install/lbot_arm_interfaces/include/lbot_arm_interfaces/lbot_arm_interfaces/msg/detail/lbot_frame__rosidl_typesupport_introspection_c.h
[7.958s] -- Installing: /home/lzy/lbot_ws/install/lbot_arm_interfaces/include/lbot_arm_interfaces/lbot_arm_interfaces/msg/detail/lbot_pose__rosidl_typesupport_introspection_c.h
[7.958s] -- Installing: /home/lzy/lbot_ws/install/lbot_arm_interfaces/include/lbot_arm_interfaces/lbot_arm_interfaces/msg/detail/lbot_pose__type_support.c
[7.958s] -- Installing: /home/lzy/lbot_ws/install/lbot_arm_interfaces/include/lbot_arm_interfaces/lbot_arm_interfaces/msg/detail/lbot_frame__type_support.c
[7.958s] -- Installing: /home/lzy/lbot_ws/install/lbot_arm_interfaces/include/lbot_arm_interfaces/lbot_arm_interfaces/msg/detail/arm_state__rosidl_typesupport_introspection_c.h
[7.958s] -- Installing: /home/lzy/lbot_ws/install/lbot_arm_interfaces/include/lbot_arm_interfaces/lbot_arm_interfaces/msg/rosidl_typesupport_introspection_c__visibility_control.h
[7.958s] -- Up-to-date: /home/lzy/lbot_ws/install/lbot_arm_interfaces/include/lbot_arm_interfaces/lbot_arm_interfaces/srv
[7.958s] -- Up-to-date: /home/lzy/lbot_ws/install/lbot_arm_interfaces/include/lbot_arm_interfaces/lbot_arm_interfaces/srv/detail
[7.958s] -- Installing: /home/lzy/lbot_ws/install/lbot_arm_interfaces/include/lbot_arm_interfaces/lbot_arm_interfaces/srv/detail/get_frame__rosidl_typesupport_introspection_c.h
[7.958s] -- Installing: /home/lzy/lbot_ws/install/lbot_arm_interfaces/include/lbot_arm_interfaces/lbot_arm_interfaces/srv/detail/move_l__type_support.c
[7.959s] -- Installing: /home/lzy/lbot_ws/install/lbot_arm_interfaces/include/lbot_arm_interfaces/lbot_arm_interfaces/srv/detail/get_current_frame__rosidl_typesupport_introspection_c.h
[7.959s] -- Installing: /home/lzy/lbot_ws/install/lbot_arm_interfaces/include/lbot_arm_interfaces/lbot_arm_interfaces/srv/detail/set_emergency__rosidl_typesupport_introspection_c.h
[7.959s] -- Installing: /home/lzy/lbot_ws/install/lbot_arm_interfaces/include/lbot_arm_interfaces/lbot_arm_interfaces/srv/detail/change_frame__type_support.c
[7.959s] -- Installing: /home/lzy/lbot_ws/install/lbot_arm_interfaces/include/lbot_arm_interfaces/lbot_arm_interfaces/srv/detail/delete_frame__rosidl_typesupport_introspection_c.h
[7.959s] -- Installing: /home/lzy/lbot_ws/install/lbot_arm_interfaces/include/lbot_arm_interfaces/lbot_arm_interfaces/srv/detail/inverse_kinematics__rosidl_typesupport_introspection_c.h
[7.959s] -- Installing: /home/lzy/lbot_ws/install/lbot_arm_interfaces/include/lbot_arm_interfaces/lbot_arm_interfaces/srv/detail/move_l__rosidl_typesupport_introspection_c.h
[7.959s] -- Installing: /home/lzy/lbot_ws/install/lbot_arm_interfaces/include/lbot_arm_interfaces/lbot_arm_interfaces/srv/detail/move_jp__rosidl_typesupport_introspection_c.h
[7.959s] -- Installing: /home/lzy/lbot_ws/install/lbot_arm_interfaces/include/lbot_arm_interfaces/lbot_arm_interfaces/srv/detail/forward_kinematics__type_support.c
[7.959s] -- Installing: /home/lzy/lbot_ws/install/lbot_arm_interfaces/include/lbot_arm_interfaces/lbot_arm_interfaces/srv/detail/get_all_frames__type_support.c
[7.959s] -- Installing: /home/lzy/lbot_ws/install/lbot_arm_interfaces/include/lbot_arm_interfaces/lbot_arm_interfaces/srv/detail/forward_kinematics__rosidl_typesupport_introspection_c.h
[7.959s] -- Installing: /home/lzy/lbot_ws/install/lbot_arm_interfaces/include/lbot_arm_interfaces/lbot_arm_interfaces/srv/detail/set_frame__type_support.c
[7.959s] -- Installing: /home/lzy/lbot_ws/install/lbot_arm_interfaces/include/lbot_arm_interfaces/lbot_arm_interfaces/srv/detail/move_jp__type_support.c
[7.959s] -- Installing: /home/lzy/lbot_ws/install/lbot_arm_interfaces/include/lbot_arm_interfaces/lbot_arm_interfaces/srv/detail/change_frame__rosidl_typesupport_introspection_c.h
[7.959s] -- Installing: /home/lzy/lbot_ws/install/lbot_arm_interfaces/include/lbot_arm_interfaces/lbot_arm_interfaces/srv/detail/move_c__rosidl_typesupport_introspection_c.h
[7.959s] -- Installing: /home/lzy/lbot_ws/install/lbot_arm_interfaces/include/lbot_arm_interfaces/lbot_arm_interfaces/srv/detail/move_j__rosidl_typesupport_introspection_c.h
[7.959s] -- Installing: /home/lzy/lbot_ws/install/lbot_arm_interfaces/include/lbot_arm_interfaces/lbot_arm_interfaces/srv/detail/set_frame__rosidl_typesupport_introspection_c.h
[7.959s] -- Installing: /home/lzy/lbot_ws/install/lbot_arm_interfaces/include/lbot_arm_interfaces/lbot_arm_interfaces/srv/detail/inverse_kinematics__type_support.c
[7.959s] -- Installing: /home/lzy/lbot_ws/install/lbot_arm_interfaces/include/lbot_arm_interfaces/lbot_arm_interfaces/srv/detail/get_current_frame__type_support.c
[7.959s] -- Installing: /home/lzy/lbot_ws/install/lbot_arm_interfaces/include/lbot_arm_interfaces/lbot_arm_interfaces/srv/detail/set_enable__type_support.c
[7.959s] -- Up-to-date: /home/lzy/lbot_ws/install/lbot_arm_interfaces/include/lbot_arm_interfaces/lbot_arm_interfaces/srv/detail/set_zero__type_support.c
[7.959s] -- Installing: /home/lzy/lbot_ws/install/lbot_arm_interfaces/include/lbot_arm_interfaces/lbot_arm_interfaces/srv/detail/move_j__type_support.c
[7.959s] -- Installing: /home/lzy/lbot_ws/install/lbot_arm_interfaces/include/lbot_arm_interfaces/lbot_arm_interfaces/srv/detail/set_zero__rosidl_typesupport_introspection_c.h
[7.959s] -- Installing: /home/lzy/lbot_ws/install/lbot_arm_interfaces/include/lbot_arm_interfaces/lbot_arm_interfaces/srv/detail/set_emergency__type_support.c
[7.960s] -- Installing: /home/lzy/lbot_ws/install/lbot_arm_interfaces/include/lbot_arm_interfaces/lbot_arm_interfaces/srv/detail/set_string__type_support.c
[7.960s] -- Installing: /home/lzy/lbot_ws/install/lbot_arm_interfaces/include/lbot_arm_interfaces/lbot_arm_interfaces/srv/detail/set_string__rosidl_typesupport_introspection_c.h
[7.960s] -- Installing: /home/lzy/lbot_ws/install/lbot_arm_interfaces/include/lbot_arm_interfaces/lbot_arm_interfaces/srv/detail/set_enable__rosidl_typesupport_introspection_c.h
[7.960s] -- Installing: /home/lzy/lbot_ws/install/lbot_arm_interfaces/include/lbot_arm_interfaces/lbot_arm_interfaces/srv/detail/get_all_frames__rosidl_typesupport_introspection_c.h
[7.960s] -- Installing: /home/lzy/lbot_ws/install/lbot_arm_interfaces/include/lbot_arm_interfaces/lbot_arm_interfaces/srv/detail/delete_frame__type_support.c
[7.960s] -- Installing: /home/lzy/lbot_ws/install/lbot_arm_interfaces/include/lbot_arm_interfaces/lbot_arm_interfaces/srv/detail/move_c__type_support.c
[7.960s] -- Installing: /home/lzy/lbot_ws/install/lbot_arm_interfaces/include/lbot_arm_interfaces/lbot_arm_interfaces/srv/detail/get_frame__type_support.c
[7.960s] -- Installing: /home/lzy/lbot_ws/install/lbot_arm_interfaces/lib/liblbot_arm_interfaces__rosidl_typesupport_introspection_c.so
[7.960s] -- Set non-toolchain portion of runtime path of "/home/lzy/lbot_ws/install/lbot_arm_interfaces/lib/liblbot_arm_interfaces__rosidl_typesupport_introspection_c.so" to ""
[7.960s] -- Installing: /home/lzy/lbot_ws/install/lbot_arm_interfaces/lib/liblbot_arm_interfaces__rosidl_typesupport_c.so
[7.960s] -- Set non-toolchain portion of runtime path of "/home/lzy/lbot_ws/install/lbot_arm_interfaces/lib/liblbot_arm_interfaces__rosidl_typesupport_c.so" to ""
[7.960s] -- Up-to-date: /home/lzy/lbot_ws/install/lbot_arm_interfaces/include/lbot_arm_interfaces/lbot_arm_interfaces
[7.960s] -- Up-to-date: /home/lzy/lbot_ws/install/lbot_arm_interfaces/include/lbot_arm_interfaces/lbot_arm_interfaces/msg
[7.960s] -- Up-to-date: /home/lzy/lbot_ws/install/lbot_arm_interfaces/include/lbot_arm_interfaces/lbot_arm_interfaces/msg/detail
[7.960s] -- Installing: /home/lzy/lbot_ws/install/lbot_arm_interfaces/include/lbot_arm_interfaces/lbot_arm_interfaces/msg/detail/follow_joint__rosidl_typesupport_introspection_cpp.hpp
[7.960s] -- Installing: /home/lzy/lbot_ws/install/lbot_arm_interfaces/include/lbot_arm_interfaces/lbot_arm_interfaces/msg/detail/arm_state__type_support.cpp
[7.960s] -- Installing: /home/lzy/lbot_ws/install/lbot_arm_interfaces/include/lbot_arm_interfaces/lbot_arm_interfaces/msg/detail/lbot_pose__rosidl_typesupport_introspection_cpp.hpp
[7.960s] -- Installing: /home/lzy/lbot_ws/install/lbot_arm_interfaces/include/lbot_arm_interfaces/lbot_arm_interfaces/msg/detail/lbot_pose__type_support.cpp
[7.960s] -- Installing: /home/lzy/lbot_ws/install/lbot_arm_interfaces/include/lbot_arm_interfaces/lbot_arm_interfaces/msg/detail/lbot_frame__rosidl_typesupport_introspection_cpp.hpp
[7.961s] -- Installing: /home/lzy/lbot_ws/install/lbot_arm_interfaces/include/lbot_arm_interfaces/lbot_arm_interfaces/msg/detail/arm_state__rosidl_typesupport_introspection_cpp.hpp
[7.961s] -- Installing: /home/lzy/lbot_ws/install/lbot_arm_interfaces/include/lbot_arm_interfaces/lbot_arm_interfaces/msg/detail/follow_joint__type_support.cpp
[7.961s] -- Installing: /home/lzy/lbot_ws/install/lbot_arm_interfaces/include/lbot_arm_interfaces/lbot_arm_interfaces/msg/detail/lbot_frame__type_support.cpp
[7.961s] -- Up-to-date: /home/lzy/lbot_ws/install/lbot_arm_interfaces/include/lbot_arm_interfaces/lbot_arm_interfaces/srv
[7.961s] -- Up-to-date: /home/lzy/lbot_ws/install/lbot_arm_interfaces/include/lbot_arm_interfaces/lbot_arm_interfaces/srv/detail
[7.961s] -- Installing: /home/lzy/lbot_ws/install/lbot_arm_interfaces/include/lbot_arm_interfaces/lbot_arm_interfaces/srv/detail/move_jp__type_support.cpp
[7.961s] -- Installing: /home/lzy/lbot_ws/install/lbot_arm_interfaces/include/lbot_arm_interfaces/lbot_arm_interfaces/srv/detail/set_string__rosidl_typesupport_introspection_cpp.hpp
[7.961s] -- Installing: /home/lzy/lbot_ws/install/lbot_arm_interfaces/include/lbot_arm_interfaces/lbot_arm_interfaces/srv/detail/move_c__rosidl_typesupport_introspection_cpp.hpp
[7.961s] -- Installing: /home/lzy/lbot_ws/install/lbot_arm_interfaces/include/lbot_arm_interfaces/lbot_arm_interfaces/srv/detail/inverse_kinematics__rosidl_typesupport_introspection_cpp.hpp
[7.961s] -- Installing: /home/lzy/lbot_ws/install/lbot_arm_interfaces/include/lbot_arm_interfaces/lbot_arm_interfaces/srv/detail/delete_frame__type_support.cpp
[7.961s] -- Installing: /home/lzy/lbot_ws/install/lbot_arm_interfaces/include/lbot_arm_interfaces/lbot_arm_interfaces/srv/detail/set_enable__type_support.cpp
[7.961s] -- Installing: /home/lzy/lbot_ws/install/lbot_arm_interfaces/include/lbot_arm_interfaces/lbot_arm_interfaces/srv/detail/move_l__type_support.cpp
[7.961s] -- Installing: /home/lzy/lbot_ws/install/lbot_arm_interfaces/include/lbot_arm_interfaces/lbot_arm_interfaces/srv/detail/move_jp__rosidl_typesupport_introspection_cpp.hpp
[7.961s] -- Installing: /home/lzy/lbot_ws/install/lbot_arm_interfaces/include/lbot_arm_interfaces/lbot_arm_interfaces/srv/detail/forward_kinematics__rosidl_typesupport_introspection_cpp.hpp
[7.961s] -- Installing: /home/lzy/lbot_ws/install/lbot_arm_interfaces/include/lbot_arm_interfaces/lbot_arm_interfaces/srv/detail/get_frame__type_support.cpp
[7.961s] -- Installing: /home/lzy/lbot_ws/install/lbot_arm_interfaces/include/lbot_arm_interfaces/lbot_arm_interfaces/srv/detail/set_zero__type_support.cpp
[7.961s] -- Installing: /home/lzy/lbot_ws/install/lbot_arm_interfaces/include/lbot_arm_interfaces/lbot_arm_interfaces/srv/detail/set_emergency__rosidl_typesupport_introspection_cpp.hpp
[7.961s] -- Installing: /home/lzy/lbot_ws/install/lbot_arm_interfaces/include/lbot_arm_interfaces/lbot_arm_interfaces/srv/detail/move_j__rosidl_typesupport_introspection_cpp.hpp
[7.961s] -- Installing: /home/lzy/lbot_ws/install/lbot_arm_interfaces/include/lbot_arm_interfaces/lbot_arm_interfaces/srv/detail/set_string__type_support.cpp
[7.961s] -- Installing: /home/lzy/lbot_ws/install/lbot_arm_interfaces/include/lbot_arm_interfaces/lbot_arm_interfaces/srv/detail/change_frame__rosidl_typesupport_introspection_cpp.hpp
[7.961s] -- Installing: /home/lzy/lbot_ws/install/lbot_arm_interfaces/include/lbot_arm_interfaces/lbot_arm_interfaces/srv/detail/get_all_frames__rosidl_typesupport_introspection_cpp.hpp
[7.961s] -- Installing: /home/lzy/lbot_ws/install/lbot_arm_interfaces/include/lbot_arm_interfaces/lbot_arm_interfaces/srv/detail/get_frame__rosidl_typesupport_introspection_cpp.hpp
[7.961s] -- Installing: /home/lzy/lbot_ws/install/lbot_arm_interfaces/include/lbot_arm_interfaces/lbot_arm_interfaces/srv/detail/set_enable__rosidl_typesupport_introspection_cpp.hpp
[7.961s] -- Installing: /home/lzy/lbot_ws/install/lbot_arm_interfaces/include/lbot_arm_interfaces/lbot_arm_interfaces/srv/detail/inverse_kinematics__type_support.cpp
[7.961s] -- Installing: /home/lzy/lbot_ws/install/lbot_arm_interfaces/include/lbot_arm_interfaces/lbot_arm_interfaces/srv/detail/get_current_frame__type_support.cpp
[7.962s] -- Installing: /home/lzy/lbot_ws/install/lbot_arm_interfaces/include/lbot_arm_interfaces/lbot_arm_interfaces/srv/detail/delete_frame__rosidl_typesupport_introspection_cpp.hpp
[7.962s] -- Installing: /home/lzy/lbot_ws/install/lbot_arm_interfaces/include/lbot_arm_interfaces/lbot_arm_interfaces/srv/detail/set_frame__type_support.cpp
[7.962s] -- Installing: /home/lzy/lbot_ws/install/lbot_arm_interfaces/include/lbot_arm_interfaces/lbot_arm_interfaces/srv/detail/move_l__rosidl_typesupport_introspection_cpp.hpp
[7.962s] -- Installing: /home/lzy/lbot_ws/install/lbot_arm_interfaces/include/lbot_arm_interfaces/lbot_arm_interfaces/srv/detail/get_current_frame__rosidl_typesupport_introspection_cpp.hpp
[7.962s] -- Installing: /home/lzy/lbot_ws/install/lbot_arm_interfaces/include/lbot_arm_interfaces/lbot_arm_interfaces/srv/detail/forward_kinematics__type_support.cpp
[7.962s] -- Installing: /home/lzy/lbot_ws/install/lbot_arm_interfaces/include/lbot_arm_interfaces/lbot_arm_interfaces/srv/detail/move_j__type_support.cpp
[7.962s] -- Installing: /home/lzy/lbot_ws/install/lbot_arm_interfaces/include/lbot_arm_interfaces/lbot_arm_interfaces/srv/detail/get_all_frames__type_support.cpp
[7.962s] -- Installing: /home/lzy/lbot_ws/install/lbot_arm_interfaces/include/lbot_arm_interfaces/lbot_arm_interfaces/srv/detail/set_zero__rosidl_typesupport_introspection_cpp.hpp
[7.962s] -- Installing: /home/lzy/lbot_ws/install/lbot_arm_interfaces/include/lbot_arm_interfaces/lbot_arm_interfaces/srv/detail/set_emergency__type_support.cpp
[7.962s] -- Installing: /home/lzy/lbot_ws/install/lbot_arm_interfaces/include/lbot_arm_interfaces/lbot_arm_interfaces/srv/detail/move_c__type_support.cpp
[7.962s] -- Installing: /home/lzy/lbot_ws/install/lbot_arm_interfaces/include/lbot_arm_interfaces/lbot_arm_interfaces/srv/detail/change_frame__type_support.cpp
[7.962s] -- Installing: /home/lzy/lbot_ws/install/lbot_arm_interfaces/include/lbot_arm_interfaces/lbot_arm_interfaces/srv/detail/set_frame__rosidl_typesupport_introspection_cpp.hpp
[7.962s] -- Installing: /home/lzy/lbot_ws/install/lbot_arm_interfaces/lib/liblbot_arm_interfaces__rosidl_typesupport_introspection_cpp.so
[7.963s] -- Set non-toolchain portion of runtime path of "/home/lzy/lbot_ws/install/lbot_arm_interfaces/lib/liblbot_arm_interfaces__rosidl_typesupport_introspection_cpp.so" to ""
[7.963s] -- Installing: /home/lzy/lbot_ws/install/lbot_arm_interfaces/lib/liblbot_arm_interfaces__rosidl_typesupport_cpp.so
[7.963s] -- Set non-toolchain portion of runtime path of "/home/lzy/lbot_ws/install/lbot_arm_interfaces/lib/liblbot_arm_interfaces__rosidl_typesupport_cpp.so" to ""
[7.963s] -- Installing: /home/lzy/lbot_ws/install/lbot_arm_interfaces/share/lbot_arm_interfaces/environment/pythonpath.sh
[7.963s] -- Installing: /home/lzy/lbot_ws/install/lbot_arm_interfaces/share/lbot_arm_interfaces/environment/pythonpath.dsv
[7.963s] -- Installing: /home/lzy/lbot_ws/install/lbot_arm_interfaces/lib/python3.12/site-packages/lbot_arm_interfaces-0.0.0-py3.12.egg-info
[7.964s] -- Installing: /home/lzy/lbot_ws/install/lbot_arm_interfaces/lib/python3.12/site-packages/lbot_arm_interfaces-0.0.0-py3.12.egg-info/SOURCES.txt
[7.964s] -- Installing: /home/lzy/lbot_ws/install/lbot_arm_interfaces/lib/python3.12/site-packages/lbot_arm_interfaces-0.0.0-py3.12.egg-info/top_level.txt
[7.964s] -- Installing: /home/lzy/lbot_ws/install/lbot_arm_interfaces/lib/python3.12/site-packages/lbot_arm_interfaces-0.0.0-py3.12.egg-info/PKG-INFO
[7.964s] -- Installing: /home/lzy/lbot_ws/install/lbot_arm_interfaces/lib/python3.12/site-packages/lbot_arm_interfaces-0.0.0-py3.12.egg-info/dependency_links.txt
[7.964s] -- Installing: /home/lzy/lbot_ws/install/lbot_arm_interfaces/lib/python3.12/site-packages/lbot_arm_interfaces
[7.964s] -- Installing: /home/lzy/lbot_ws/install/lbot_arm_interfaces/lib/python3.12/site-packages/lbot_arm_interfaces/lbot_arm_interfaces_s__rosidl_typesupport_introspection_c.so
[7.964s] -- Installing: /home/lzy/lbot_ws/install/lbot_arm_interfaces/lib/python3.12/site-packages/lbot_arm_interfaces/msg
[7.964s] -- Installing: /home/lzy/lbot_ws/install/lbot_arm_interfaces/lib/python3.12/site-packages/lbot_arm_interfaces/msg/_lbot_pose.py
[7.964s] -- Installing: /home/lzy/lbot_ws/install/lbot_arm_interfaces/lib/python3.12/site-packages/lbot_arm_interfaces/msg/_lbot_frame.py
[7.964s] -- Installing: /home/lzy/lbot_ws/install/lbot_arm_interfaces/lib/python3.12/site-packages/lbot_arm_interfaces/msg/_lbot_frame_s.c
[7.964s] -- Installing: /home/lzy/lbot_ws/install/lbot_arm_interfaces/lib/python3.12/site-packages/lbot_arm_interfaces/msg/_follow_joint_s.c
[7.964s] -- Installing: /home/lzy/lbot_ws/install/lbot_arm_interfaces/lib/python3.12/site-packages/lbot_arm_interfaces/msg/_arm_state.py
[7.964s] -- Installing: /home/lzy/lbot_ws/install/lbot_arm_interfaces/lib/python3.12/site-packages/lbot_arm_interfaces/msg/__init__.py
[7.965s] -- Installing: /home/lzy/lbot_ws/install/lbot_arm_interfaces/lib/python3.12/site-packages/lbot_arm_interfaces/msg/_arm_state_s.c
[7.965s] -- Installing: /home/lzy/lbot_ws/install/lbot_arm_interfaces/lib/python3.12/site-packages/lbot_arm_interfaces/msg/_lbot_pose_s.c
[7.965s] -- Installing: /home/lzy/lbot_ws/install/lbot_arm_interfaces/lib/python3.12/site-packages/lbot_arm_interfaces/msg/_follow_joint.py
[7.965s] -- Installing: /home/lzy/lbot_ws/install/lbot_arm_interfaces/lib/python3.12/site-packages/lbot_arm_interfaces/lbot_arm_interfaces_s__rosidl_typesupport_fastrtps_c.so
[7.965s] -- Installing: /home/lzy/lbot_ws/install/lbot_arm_interfaces/lib/python3.12/site-packages/lbot_arm_interfaces/lbot_arm_interfaces_s__rosidl_typesupport_c.so
[7.965s] -- Installing: /home/lzy/lbot_ws/install/lbot_arm_interfaces/lib/python3.12/site-packages/lbot_arm_interfaces/__init__.py
[7.965s] -- Installing: /home/lzy/lbot_ws/install/lbot_arm_interfaces/lib/python3.12/site-packages/lbot_arm_interfaces/_lbot_arm_interfaces_s.ep.rosidl_typesupport_fastrtps_c.c
[7.965s] -- Installing: /home/lzy/lbot_ws/install/lbot_arm_interfaces/lib/python3.12/site-packages/lbot_arm_interfaces/srv
[7.965s] -- Installing: /home/lzy/lbot_ws/install/lbot_arm_interfaces/lib/python3.12/site-packages/lbot_arm_interfaces/srv/_forward_kinematics_s.c
[7.965s] -- Installing: /home/lzy/lbot_ws/install/lbot_arm_interfaces/lib/python3.12/site-packages/lbot_arm_interfaces/srv/_get_frame.py
[7.965s] -- Installing: /home/lzy/lbot_ws/install/lbot_arm_interfaces/lib/python3.12/site-packages/lbot_arm_interfaces/srv/_move_l_s.c
[7.965s] -- Installing: /home/lzy/lbot_ws/install/lbot_arm_interfaces/lib/python3.12/site-packages/lbot_arm_interfaces/srv/_delete_frame.py
[7.966s] -- Installing: /home/lzy/lbot_ws/install/lbot_arm_interfaces/lib/python3.12/site-packages/lbot_arm_interfaces/srv/_set_zero.py
[7.966s] -- Installing: /home/lzy/lbot_ws/install/lbot_arm_interfaces/lib/python3.12/site-packages/lbot_arm_interfaces/srv/_change_frame.py
[7.966s] -- Installing: /home/lzy/lbot_ws/install/lbot_arm_interfaces/lib/python3.12/site-packages/lbot_arm_interfaces/srv/_inverse_kinematics.py
[7.966s] -- Installing: /home/lzy/lbot_ws/install/lbot_arm_interfaces/lib/python3.12/site-packages/lbot_arm_interfaces/srv/_set_string.py
[7.966s] -- Installing: /home/lzy/lbot_ws/install/lbot_arm_interfaces/lib/python3.12/site-packages/lbot_arm_interfaces/srv/_move_jp.py
[7.966s] -- Installing: /home/lzy/lbot_ws/install/lbot_arm_interfaces/lib/python3.12/site-packages/lbot_arm_interfaces/srv/_move_c_s.c
[7.966s] -- Installing: /home/lzy/lbot_ws/install/lbot_arm_interfaces/lib/python3.12/site-packages/lbot_arm_interfaces/srv/_set_string_s.c
[7.966s] -- Installing: /home/lzy/lbot_ws/install/lbot_arm_interfaces/lib/python3.12/site-packages/lbot_arm_interfaces/srv/_forward_kinematics.py
[7.966s] -- Installing: /home/lzy/lbot_ws/install/lbot_arm_interfaces/lib/python3.12/site-packages/lbot_arm_interfaces/srv/_get_current_frame.py
[7.966s] -- Installing: /home/lzy/lbot_ws/install/lbot_arm_interfaces/lib/python3.12/site-packages/lbot_arm_interfaces/srv/_move_j_s.c
[7.966s] -- Installing: /home/lzy/lbot_ws/install/lbot_arm_interfaces/lib/python3.12/site-packages/lbot_arm_interfaces/srv/_set_frame.py
[7.966s] -- Installing: /home/lzy/lbot_ws/install/lbot_arm_interfaces/lib/python3.12/site-packages/lbot_arm_interfaces/srv/_set_emergency.py
[7.966s] -- Installing: /home/lzy/lbot_ws/install/lbot_arm_interfaces/lib/python3.12/site-packages/lbot_arm_interfaces/srv/_get_all_frames_s.c
[7.966s] -- Installing: /home/lzy/lbot_ws/install/lbot_arm_interfaces/lib/python3.12/site-packages/lbot_arm_interfaces/srv/_get_current_frame_s.c
[7.966s] -- Installing: /home/lzy/lbot_ws/install/lbot_arm_interfaces/lib/python3.12/site-packages/lbot_arm_interfaces/srv/_get_frame_s.c
[7.967s] -- Installing: /home/lzy/lbot_ws/install/lbot_arm_interfaces/lib/python3.12/site-packages/lbot_arm_interfaces/srv/_get_all_frames.py
[7.967s] -- Installing: /home/lzy/lbot_ws/install/lbot_arm_interfaces/lib/python3.12/site-packages/lbot_arm_interfaces/srv/__init__.py
[7.967s] -- Installing: /home/lzy/lbot_ws/install/lbot_arm_interfaces/lib/python3.12/site-packages/lbot_arm_interfaces/srv/_inverse_kinematics_s.c
[7.967s] -- Installing: /home/lzy/lbot_ws/install/lbot_arm_interfaces/lib/python3.12/site-packages/lbot_arm_interfaces/srv/_move_j.py
[7.967s] -- Installing: /home/lzy/lbot_ws/install/lbot_arm_interfaces/lib/python3.12/site-packages/lbot_arm_interfaces/srv/_set_emergency_s.c
[7.967s] -- Installing: /home/lzy/lbot_ws/install/lbot_arm_interfaces/lib/python3.12/site-packages/lbot_arm_interfaces/srv/_set_enable_s.c
[7.967s] -- Installing: /home/lzy/lbot_ws/install/lbot_arm_interfaces/lib/python3.12/site-packages/lbot_arm_interfaces/srv/_set_enable.py
[7.967s] -- Installing: /home/lzy/lbot_ws/install/lbot_arm_interfaces/lib/python3.12/site-packages/lbot_arm_interfaces/srv/_set_frame_s.c
[7.967s] -- Installing: /home/lzy/lbot_ws/install/lbot_arm_interfaces/lib/python3.12/site-packages/lbot_arm_interfaces/srv/_delete_frame_s.c
[7.967s] -- Installing: /home/lzy/lbot_ws/install/lbot_arm_interfaces/lib/python3.12/site-packages/lbot_arm_interfaces/srv/_move_jp_s.c
[7.967s] -- Installing: /home/lzy/lbot_ws/install/lbot_arm_interfaces/lib/python3.12/site-packages/lbot_arm_interfaces/srv/_move_c.py
[7.967s] -- Installing: /home/lzy/lbot_ws/install/lbot_arm_interfaces/lib/python3.12/site-packages/lbot_arm_interfaces/srv/_set_zero_s.c
[7.967s] -- Installing: /home/lzy/lbot_ws/install/lbot_arm_interfaces/lib/python3.12/site-packages/lbot_arm_interfaces/srv/_move_l.py
[7.967s] -- Installing: /home/lzy/lbot_ws/install/lbot_arm_interfaces/lib/python3.12/site-packages/lbot_arm_interfaces/srv/_change_frame_s.c
[7.967s] -- Installing: /home/lzy/lbot_ws/install/lbot_arm_interfaces/lib/python3.12/site-packages/lbot_arm_interfaces/_lbot_arm_interfaces_s.ep.rosidl_typesupport_c.c
[7.967s] -- Installing: /home/lzy/lbot_ws/install/lbot_arm_interfaces/lib/python3.12/site-packages/lbot_arm_interfaces/_lbot_arm_interfaces_s.ep.rosidl_typesupport_introspection_c.c
[8.019s] Listing '/home/lzy/lbot_ws/install/lbot_arm_interfaces/lib/python3.12/site-packages/lbot_arm_interfaces'...
[8.019s] Compiling '/home/lzy/lbot_ws/install/lbot_arm_interfaces/lib/python3.12/site-packages/lbot_arm_interfaces/__init__.py'...
[8.019s] Listing '/home/lzy/lbot_ws/install/lbot_arm_interfaces/lib/python3.12/site-packages/lbot_arm_interfaces/msg'...
[8.019s] Compiling '/home/lzy/lbot_ws/install/lbot_arm_interfaces/lib/python3.12/site-packages/lbot_arm_interfaces/msg/__init__.py'...
[8.019s] Compiling '/home/lzy/lbot_ws/install/lbot_arm_interfaces/lib/python3.12/site-packages/lbot_arm_interfaces/msg/_arm_state.py'...
[8.019s] Compiling '/home/lzy/lbot_ws/install/lbot_arm_interfaces/lib/python3.12/site-packages/lbot_arm_interfaces/msg/_follow_joint.py'...
[8.019s] Compiling '/home/lzy/lbot_ws/install/lbot_arm_interfaces/lib/python3.12/site-packages/lbot_arm_interfaces/msg/_lbot_frame.py'...
[8.019s] Compiling '/home/lzy/lbot_ws/install/lbot_arm_interfaces/lib/python3.12/site-packages/lbot_arm_interfaces/msg/_lbot_pose.py'...
[8.019s] Listing '/home/lzy/lbot_ws/install/lbot_arm_interfaces/lib/python3.12/site-packages/lbot_arm_interfaces/srv'...
[8.019s] Compiling '/home/lzy/lbot_ws/install/lbot_arm_interfaces/lib/python3.12/site-packages/lbot_arm_interfaces/srv/__init__.py'...
[8.019s] Compiling '/home/lzy/lbot_ws/install/lbot_arm_interfaces/lib/python3.12/site-packages/lbot_arm_interfaces/srv/_change_frame.py'...
[8.019s] Compiling '/home/lzy/lbot_ws/install/lbot_arm_interfaces/lib/python3.12/site-packages/lbot_arm_interfaces/srv/_delete_frame.py'...
[8.019s] Compiling '/home/lzy/lbot_ws/install/lbot_arm_interfaces/lib/python3.12/site-packages/lbot_arm_interfaces/srv/_forward_kinematics.py'...
[8.019s] Compiling '/home/lzy/lbot_ws/install/lbot_arm_interfaces/lib/python3.12/site-packages/lbot_arm_interfaces/srv/_get_all_frames.py'...
[8.019s] Compiling '/home/lzy/lbot_ws/install/lbot_arm_interfaces/lib/python3.12/site-packages/lbot_arm_interfaces/srv/_get_current_frame.py'...
[8.019s] Compiling '/home/lzy/lbot_ws/install/lbot_arm_interfaces/lib/python3.12/site-packages/lbot_arm_interfaces/srv/_get_frame.py'...
[8.019s] Compiling '/home/lzy/lbot_ws/install/lbot_arm_interfaces/lib/python3.12/site-packages/lbot_arm_interfaces/srv/_inverse_kinematics.py'...
[8.019s] Compiling '/home/lzy/lbot_ws/install/lbot_arm_interfaces/lib/python3.12/site-packages/lbot_arm_interfaces/srv/_move_c.py'...
[8.019s] Compiling '/home/lzy/lbot_ws/install/lbot_arm_interfaces/lib/python3.12/site-packages/lbot_arm_interfaces/srv/_move_j.py'...
[8.019s] Compiling '/home/lzy/lbot_ws/install/lbot_arm_interfaces/lib/python3.12/site-packages/lbot_arm_interfaces/srv/_move_jp.py'...
[8.019s] Compiling '/home/lzy/lbot_ws/install/lbot_arm_interfaces/lib/python3.12/site-packages/lbot_arm_interfaces/srv/_move_l.py'...
[8.019s] Compiling '/home/lzy/lbot_ws/install/lbot_arm_interfaces/lib/python3.12/site-packages/lbot_arm_interfaces/srv/_set_emergency.py'...
[8.019s] Compiling '/home/lzy/lbot_ws/install/lbot_arm_interfaces/lib/python3.12/site-packages/lbot_arm_interfaces/srv/_set_enable.py'...
[8.020s] Compiling '/home/lzy/lbot_ws/install/lbot_arm_interfaces/lib/python3.12/site-packages/lbot_arm_interfaces/srv/_set_frame.py'...
[8.020s] Compiling '/home/lzy/lbot_ws/install/lbot_arm_interfaces/lib/python3.12/site-packages/lbot_arm_interfaces/srv/_set_string.py'...
[8.020s] Compiling '/home/lzy/lbot_ws/install/lbot_arm_interfaces/lib/python3.12/site-packages/lbot_arm_interfaces/srv/_set_zero.py'...
[8.022s] -- Installing: /home/lzy/lbot_ws/install/lbot_arm_interfaces/lib/python3.12/site-packages/lbot_arm_interfaces/lbot_arm_interfaces_s__rosidl_typesupport_fastrtps_c.so
[8.022s] -- Set non-toolchain portion of runtime path of "/home/lzy/lbot_ws/install/lbot_arm_interfaces/lib/python3.12/site-packages/lbot_arm_interfaces/lbot_arm_interfaces_s__rosidl_typesupport_fastrtps_c.so" to ""
[8.023s] -- Installing: /home/lzy/lbot_ws/install/lbot_arm_interfaces/lib/python3.12/site-packages/lbot_arm_interfaces/lbot_arm_interfaces_s__rosidl_typesupport_introspection_c.so
[8.023s] -- Set non-toolchain portion of runtime path of "/home/lzy/lbot_ws/install/lbot_arm_interfaces/lib/python3.12/site-packages/lbot_arm_interfaces/lbot_arm_interfaces_s__rosidl_typesupport_introspection_c.so" to ""
[8.023s] -- Installing: /home/lzy/lbot_ws/install/lbot_arm_interfaces/lib/python3.12/site-packages/lbot_arm_interfaces/lbot_arm_interfaces_s__rosidl_typesupport_c.so
[8.023s] -- Set non-toolchain portion of runtime path of "/home/lzy/lbot_ws/install/lbot_arm_interfaces/lib/python3.12/site-packages/lbot_arm_interfaces/lbot_arm_interfaces_s__rosidl_typesupport_c.so" to ""
[8.023s] -- Installing: /home/lzy/lbot_ws/install/lbot_arm_interfaces/lib/liblbot_arm_interfaces__rosidl_generator_py.so
[8.024s] -- Set non-toolchain portion of runtime path of "/home/lzy/lbot_ws/install/lbot_arm_interfaces/lib/liblbot_arm_interfaces__rosidl_generator_py.so" to ""
[8.024s] -- Installing: /home/lzy/lbot_ws/install/lbot_arm_interfaces/share/ament_index/resource_index/rust_packages/lbot_arm_interfaces
[8.024s] -- Installing: /home/lzy/lbot_ws/install/lbot_arm_interfaces/share/lbot_arm_interfaces/rust
[8.024s] -- Installing: /home/lzy/lbot_ws/install/lbot_arm_interfaces/share/lbot_arm_interfaces/rust/build.rs
[8.024s] -- Installing: /home/lzy/lbot_ws/install/lbot_arm_interfaces/share/lbot_arm_interfaces/rust/Cargo.toml
[8.024s] -- Installing: /home/lzy/lbot_ws/install/lbot_arm_interfaces/share/lbot_arm_interfaces/rust/src
[8.024s] -- Installing: /home/lzy/lbot_ws/install/lbot_arm_interfaces/share/lbot_arm_interfaces/rust/src/msg
[8.024s] -- Installing: /home/lzy/lbot_ws/install/lbot_arm_interfaces/share/lbot_arm_interfaces/rust/src/msg/rmw.rs
[8.024s] -- Installing: /home/lzy/lbot_ws/install/lbot_arm_interfaces/share/lbot_arm_interfaces/rust/src/srv
[8.024s] -- Installing: /home/lzy/lbot_ws/install/lbot_arm_interfaces/share/lbot_arm_interfaces/rust/src/srv/rmw.rs
[8.024s] -- Installing: /home/lzy/lbot_ws/install/lbot_arm_interfaces/share/lbot_arm_interfaces/rust/src/srv.rs
[8.024s] -- Installing: /home/lzy/lbot_ws/install/lbot_arm_interfaces/share/lbot_arm_interfaces/rust/src/lib.rs
[8.024s] -- Installing: /home/lzy/lbot_ws/install/lbot_arm_interfaces/share/lbot_arm_interfaces/rust/src/msg.rs
[8.024s] -- Installing: /home/lzy/lbot_ws/install/lbot_arm_interfaces/share/lbot_arm_interfaces/srv/MoveJ.idl
[8.025s] -- Installing: /home/lzy/lbot_ws/install/lbot_arm_interfaces/share/lbot_arm_interfaces/srv/MoveL.idl
[8.025s] -- Installing: /home/lzy/lbot_ws/install/lbot_arm_interfaces/share/lbot_arm_interfaces/srv/MoveC.idl
[8.025s] -- Installing: /home/lzy/lbot_ws/install/lbot_arm_interfaces/share/lbot_arm_interfaces/srv/MoveJP.idl
[8.025s] -- Installing: /home/lzy/lbot_ws/install/lbot_arm_interfaces/share/lbot_arm_interfaces/srv/InverseKinematics.idl
[8.025s] -- Installing: /home/lzy/lbot_ws/install/lbot_arm_interfaces/share/lbot_arm_interfaces/srv/ForwardKinematics.idl
[8.025s] -- Installing: /home/lzy/lbot_ws/install/lbot_arm_interfaces/share/lbot_arm_interfaces/srv/SetFrame.idl
[8.025s] -- Installing: /home/lzy/lbot_ws/install/lbot_arm_interfaces/share/lbot_arm_interfaces/srv/SetString.idl
[8.025s] -- Installing: /home/lzy/lbot_ws/install/lbot_arm_interfaces/share/lbot_arm_interfaces/srv/GetFrame.idl
[8.025s] -- Installing: /home/lzy/lbot_ws/install/lbot_arm_interfaces/share/lbot_arm_interfaces/srv/GetCurrentFrame.idl
[8.025s] -- Installing: /home/lzy/lbot_ws/install/lbot_arm_interfaces/share/lbot_arm_interfaces/srv/ChangeFrame.idl
[8.025s] -- Installing: /home/lzy/lbot_ws/install/lbot_arm_interfaces/share/lbot_arm_interfaces/srv/DeleteFrame.idl
[8.025s] -- Installing: /home/lzy/lbot_ws/install/lbot_arm_interfaces/share/lbot_arm_interfaces/srv/GetAllFrames.idl
[8.025s] -- Installing: /home/lzy/lbot_ws/install/lbot_arm_interfaces/share/lbot_arm_interfaces/srv/SetZero.idl
[8.025s] -- Installing: /home/lzy/lbot_ws/install/lbot_arm_interfaces/share/lbot_arm_interfaces/srv/SetEmergency.idl
[8.025s] -- Installing: /home/lzy/lbot_ws/install/lbot_arm_interfaces/share/lbot_arm_interfaces/srv/SetEnable.idl
[8.025s] -- Installing: /home/lzy/lbot_ws/install/lbot_arm_interfaces/share/lbot_arm_interfaces/msg/ArmState.idl
[8.026s] -- Installing: /home/lzy/lbot_ws/install/lbot_arm_interfaces/share/lbot_arm_interfaces/msg/LbotPose.idl
[8.026s] -- Installing: /home/lzy/lbot_ws/install/lbot_arm_interfaces/share/lbot_arm_interfaces/msg/LbotFrame.idl
[8.026s] -- Installing: /home/lzy/lbot_ws/install/lbot_arm_interfaces/share/lbot_arm_interfaces/msg/FollowJoint.idl
[8.026s] -- Installing: /home/lzy/lbot_ws/install/lbot_arm_interfaces/share/lbot_arm_interfaces/srv/MoveJ.srv
[8.026s] -- Installing: /home/lzy/lbot_ws/install/lbot_arm_interfaces/share/lbot_arm_interfaces/srv/MoveL.srv
[8.026s] -- Installing: /home/lzy/lbot_ws/install/lbot_arm_interfaces/share/lbot_arm_interfaces/srv/MoveC.srv
[8.026s] -- Installing: /home/lzy/lbot_ws/install/lbot_arm_interfaces/share/lbot_arm_interfaces/srv/MoveJP.srv
[8.026s] -- Installing: /home/lzy/lbot_ws/install/lbot_arm_interfaces/share/lbot_arm_interfaces/srv/InverseKinematics.srv
[8.026s] -- Installing: /home/lzy/lbot_ws/install/lbot_arm_interfaces/share/lbot_arm_interfaces/srv/ForwardKinematics.srv
[8.026s] -- Installing: /home/lzy/lbot_ws/install/lbot_arm_interfaces/share/lbot_arm_interfaces/srv/SetFrame.srv
[8.026s] -- Installing: /home/lzy/lbot_ws/install/lbot_arm_interfaces/share/lbot_arm_interfaces/srv/SetString.srv
[8.026s] -- Installing: /home/lzy/lbot_ws/install/lbot_arm_interfaces/share/lbot_arm_interfaces/srv/GetFrame.srv
[8.026s] -- Installing: /home/lzy/lbot_ws/install/lbot_arm_interfaces/share/lbot_arm_interfaces/srv/GetCurrentFrame.srv
[8.026s] -- Installing: /home/lzy/lbot_ws/install/lbot_arm_interfaces/share/lbot_arm_interfaces/srv/ChangeFrame.srv
[8.026s] -- Installing: /home/lzy/lbot_ws/install/lbot_arm_interfaces/share/lbot_arm_interfaces/srv/DeleteFrame.srv
[8.026s] -- Installing: /home/lzy/lbot_ws/install/lbot_arm_interfaces/share/lbot_arm_interfaces/srv/GetAllFrames.srv
[8.027s] -- Installing: /home/lzy/lbot_ws/install/lbot_arm_interfaces/share/lbot_arm_interfaces/srv/SetZero.srv
[8.027s] -- Installing: /home/lzy/lbot_ws/install/lbot_arm_interfaces/share/lbot_arm_interfaces/srv/SetEmergency.srv
[8.027s] -- Installing: /home/lzy/lbot_ws/install/lbot_arm_interfaces/share/lbot_arm_interfaces/srv/SetEnable.srv
[8.027s] -- Installing: /home/lzy/lbot_ws/install/lbot_arm_interfaces/share/lbot_arm_interfaces/msg/ArmState.msg
[8.027s] -- Installing: /home/lzy/lbot_ws/install/lbot_arm_interfaces/share/lbot_arm_interfaces/msg/LbotPose.msg
[8.027s] -- Installing: /home/lzy/lbot_ws/install/lbot_arm_interfaces/share/lbot_arm_interfaces/msg/LbotFrame.msg
[8.027s] -- Installing: /home/lzy/lbot_ws/install/lbot_arm_interfaces/share/lbot_arm_interfaces/msg/FollowJoint.msg
[8.027s] -- Installing: /home/lzy/lbot_ws/install/lbot_arm_interfaces/share/ament_index/resource_index/package_run_dependencies/lbot_arm_interfaces
[8.027s] -- Installing: /home/lzy/lbot_ws/install/lbot_arm_interfaces/share/ament_index/resource_index/parent_prefix_path/lbot_arm_interfaces
[8.027s] -- Installing: /home/lzy/lbot_ws/install/lbot_arm_interfaces/share/lbot_arm_interfaces/environment/ament_prefix_path.sh
[8.027s] -- Installing: /home/lzy/lbot_ws/install/lbot_arm_interfaces/share/lbot_arm_interfaces/environment/ament_prefix_path.dsv
[8.027s] -- Installing: /home/lzy/lbot_ws/install/lbot_arm_interfaces/share/lbot_arm_interfaces/environment/path.sh
[8.027s] -- Installing: /home/lzy/lbot_ws/install/lbot_arm_interfaces/share/lbot_arm_interfaces/environment/path.dsv
[8.027s] -- Installing: /home/lzy/lbot_ws/install/lbot_arm_interfaces/share/lbot_arm_interfaces/local_setup.bash
[8.027s] -- Installing: /home/lzy/lbot_ws/install/lbot_arm_interfaces/share/lbot_arm_interfaces/local_setup.sh
[8.027s] -- Installing: /home/lzy/lbot_ws/install/lbot_arm_interfaces/share/lbot_arm_interfaces/local_setup.zsh
[8.027s] -- Installing: /home/lzy/lbot_ws/install/lbot_arm_interfaces/share/lbot_arm_interfaces/local_setup.dsv
[8.028s] -- Installing: /home/lzy/lbot_ws/install/lbot_arm_interfaces/share/lbot_arm_interfaces/package.dsv
[8.028s] -- Installing: /home/lzy/lbot_ws/install/lbot_arm_interfaces/share/ament_index/resource_index/packages/lbot_arm_interfaces
[8.028s] -- Installing: /home/lzy/lbot_ws/install/lbot_arm_interfaces/share/lbot_arm_interfaces/cmake/export_lbot_arm_interfaces__rosidl_generator_cExport.cmake
[8.028s] -- Installing: /home/lzy/lbot_ws/install/lbot_arm_interfaces/share/lbot_arm_interfaces/cmake/export_lbot_arm_interfaces__rosidl_generator_cExport-noconfig.cmake
[8.028s] -- Installing: /home/lzy/lbot_ws/install/lbot_arm_interfaces/share/lbot_arm_interfaces/cmake/export_lbot_arm_interfaces__rosidl_typesupport_fastrtps_cExport.cmake
[8.028s] -- Installing: /home/lzy/lbot_ws/install/lbot_arm_interfaces/share/lbot_arm_interfaces/cmake/export_lbot_arm_interfaces__rosidl_typesupport_fastrtps_cExport-noconfig.cmake
[8.028s] -- Installing: /home/lzy/lbot_ws/install/lbot_arm_interfaces/share/lbot_arm_interfaces/cmake/export_lbot_arm_interfaces__rosidl_generator_cppExport.cmake
[8.028s] -- Installing: /home/lzy/lbot_ws/install/lbot_arm_interfaces/share/lbot_arm_interfaces/cmake/export_lbot_arm_interfaces__rosidl_typesupport_fastrtps_cppExport.cmake
[8.028s] -- Installing: /home/lzy/lbot_ws/install/lbot_arm_interfaces/share/lbot_arm_interfaces/cmake/export_lbot_arm_interfaces__rosidl_typesupport_fastrtps_cppExport-noconfig.cmake
[8.028s] -- Installing: /home/lzy/lbot_ws/install/lbot_arm_interfaces/share/lbot_arm_interfaces/cmake/lbot_arm_interfaces__rosidl_typesupport_introspection_cExport.cmake
[8.028s] -- Installing: /home/lzy/lbot_ws/install/lbot_arm_interfaces/share/lbot_arm_interfaces/cmake/lbot_arm_interfaces__rosidl_typesupport_introspection_cExport-noconfig.cmake
[8.028s] -- Installing: /home/lzy/lbot_ws/install/lbot_arm_interfaces/share/lbot_arm_interfaces/cmake/lbot_arm_interfaces__rosidl_typesupport_cExport.cmake
[8.028s] -- Installing: /home/lzy/lbot_ws/install/lbot_arm_interfaces/share/lbot_arm_interfaces/cmake/lbot_arm_interfaces__rosidl_typesupport_cExport-noconfig.cmake
[8.028s] -- Installing: /home/lzy/lbot_ws/install/lbot_arm_interfaces/share/lbot_arm_interfaces/cmake/lbot_arm_interfaces__rosidl_typesupport_introspection_cppExport.cmake
[8.029s] -- Installing: /home/lzy/lbot_ws/install/lbot_arm_interfaces/share/lbot_arm_interfaces/cmake/lbot_arm_interfaces__rosidl_typesupport_introspection_cppExport-noconfig.cmake
[8.029s] -- Installing: /home/lzy/lbot_ws/install/lbot_arm_interfaces/share/lbot_arm_interfaces/cmake/lbot_arm_interfaces__rosidl_typesupport_cppExport.cmake
[8.029s] -- Installing: /home/lzy/lbot_ws/install/lbot_arm_interfaces/share/lbot_arm_interfaces/cmake/lbot_arm_interfaces__rosidl_typesupport_cppExport-noconfig.cmake
[8.029s] -- Installing: /home/lzy/lbot_ws/install/lbot_arm_interfaces/share/lbot_arm_interfaces/cmake/export_lbot_arm_interfaces__rosidl_generator_pyExport.cmake
[8.029s] -- Installing: /home/lzy/lbot_ws/install/lbot_arm_interfaces/share/lbot_arm_interfaces/cmake/export_lbot_arm_interfaces__rosidl_generator_pyExport-noconfig.cmake
[8.029s] -- Installing: /home/lzy/lbot_ws/install/lbot_arm_interfaces/share/lbot_arm_interfaces/cmake/rosidl_cmake-extras.cmake
[8.029s] -- Installing: /home/lzy/lbot_ws/install/lbot_arm_interfaces/share/lbot_arm_interfaces/cmake/ament_cmake_export_dependencies-extras.cmake
[8.029s] -- Installing: /home/lzy/lbot_ws/install/lbot_arm_interfaces/share/lbot_arm_interfaces/cmake/ament_cmake_export_include_directories-extras.cmake
[8.029s] -- Installing: /home/lzy/lbot_ws/install/lbot_arm_interfaces/share/lbot_arm_interfaces/cmake/ament_cmake_export_libraries-extras.cmake
[8.029s] -- Installing: /home/lzy/lbot_ws/install/lbot_arm_interfaces/share/lbot_arm_interfaces/cmake/ament_cmake_export_targets-extras.cmake
[8.029s] -- Installing: /home/lzy/lbot_ws/install/lbot_arm_interfaces/share/lbot_arm_interfaces/cmake/rosidl_cmake_export_typesupport_targets-extras.cmake
[8.029s] -- Installing: /home/lzy/lbot_ws/install/lbot_arm_interfaces/share/lbot_arm_interfaces/cmake/rosidl_cmake_export_typesupport_libraries-extras.cmake
[8.029s] -- Installing: /home/lzy/lbot_ws/install/lbot_arm_interfaces/share/lbot_arm_interfaces/cmake/rosidl_cmake_aggregate_target-extras.cmake
[8.029s] -- Installing: /home/lzy/lbot_ws/install/lbot_arm_interfaces/share/lbot_arm_interfaces/cmake/lbot_arm_interfacesConfig.cmake
[8.029s] -- Installing: /home/lzy/lbot_ws/install/lbot_arm_interfaces/share/lbot_arm_interfaces/cmake/lbot_arm_interfacesConfig-version.cmake
[8.029s] -- Installing: /home/lzy/lbot_ws/install/lbot_arm_interfaces/share/lbot_arm_interfaces/package.xml
[8.031s] Invoked command in '/home/lzy/lbot_ws/build/lbot_arm_interfaces' returned '0': CMAKE_PREFIX_PATH=${CMAKE_PREFIX_PATH}:/opt/ros/jazzy /usr/bin/cmake --install /home/lzy/lbot_ws/build/lbot_arm_interfaces
